timestamp,hour_index,village_id,village_name,rainfall_mm_1h,rainfall_mm_3h,rainfall_mm_24h,rainfall_mm_72h,soil_moisture_pct,river_level_m,river_threshold_m,river_flow_m3s,slope_deg,elevation_m,twi,curve_number,ksat_mm_hr,distance_to_river_m,catchment_area_km2,slope_stability_index,tilt_sensor,month,hour,infiltration_mm,runoff_proxy_mm,scs_runoff_mm,antecedent_precip_index,soil_wetness_risk,terrain_saturation_interaction,hydrological_load,excess_stage_m,slope_runoff_amp,channel_stress,storage_deficit,proximity_load,flood_occurred,data_kind
2024-07-01T00:00:00,0,kv-01,Simtola,0.623,0.623,0.623,0.623,42.186,1.051,4.0,12.968,22.0,1280.0,9.4,78.0,4.2,90.0,18.5,0.7329,0,7,0,0.623,0.0,0.0,0.3699,0.4251,0.0,0.6583,-2.949,0.0,2.8313,37.0603,0.1459,0,synthetic
2024-07-01T01:00:00,1,kv-01,Simtola,0.306,0.929,0.929,0.929,42.196,0.959,4.0,11.255,22.0,1280.0,9.4,78.0,4.2,90.0,18.5,0.7292,0,7,1,0.929,0.0,0.0,0.5516,0.4269,0.0,0.6156,-3.041,0.0,2.648,37.0538,0.1365,0,synthetic
2024-07-01T02:00:00,2,kv-01,Simtola,0.575,1.504,1.504,1.504,42.355,0.88,4.0,9.835,22.0,1280.0,9.4,78.0,4.2,90.0,18.5,0.7217,0,7,2,1.504,0.0,0.0,0.893,0.4315,0.0,0.5774,-3.12,0.0,2.4836,36.9519,0.128,0,synthetic
2024-07-01T03:00:00,3,kv-01,Simtola,0.364,1.245,1.868,1.868,42.398,0.805,4.0,8.578,22.0,1280.0,9.4,78.0,4.2,90.0,18.5,0.7172,0,7,3,1.245,0.0,0.0,0.7665,0.4339,0.0,0.5402,-3.195,0.0,2.3234,36.9244,0.1197,0,synthetic
2024-07-01T04:00:00,4,kv-01,Simtola,0.338,1.277,2.206,2.206,42.426,0.738,4.0,7.491,22.0,1280.0,9.4,78.0,4.2,90.0,18.5,0.713,0,7,4,1.277,0.0,0.0,0.7989,0.436,0.0,0.5054,-3.262,0.0,2.1736,36.9064,0.112,0,synthetic
2024-07-01T05:00:00,5,kv-01,Simtola,0.38,1.081,2.586,2.586,42.478,0.677,4.0,6.56,22.0,1280.0,9.4,78.0,4.2,90.0,18.5,0.7083,0,7,5,1.081,0.0,0.0,0.7077,0.4385,0.0,0.4727,-3.323,0.0,2.0331,36.8731,0.1048,0,synthetic
2024-07-01T06:00:00,6,kv-01,Simtola,0.842,1.559,3.428,3.428,42.783,0.627,4.0,5.822,22.0,1280.0,9.4,78.0,4.2,90.0,18.5,0.6971,0,7,6,1.559,0.0,0.0,1.0074,0.4462,0.0,0.4448,-3.373,0.0,1.913,36.6776,0.0986,0,synthetic
2024-07-01T07:00:00,7,kv-01,Simtola,0.339,1.561,3.766,3.766,42.812,0.576,4.0,5.11,22.0,1280.0,9.4,78.0,4.2,90.0,18.5,0.693,0,7,7,1.561,0.0,0.0,1.0233,0.4483,0.0,0.4155,-3.424,0.0,1.7871,36.659,0.0921,0,synthetic
2024-07-01T08:00:00,8,kv-01,Simtola,0.32,1.501,4.087,4.087,42.831,0.53,4.0,4.49,22.0,1280.0,9.4,78.0,4.2,90.0,18.5,0.6891,0,7,8,1.501,0.0,0.0,1.0044,0.4502,0.0,0.3879,-3.47,0.0,1.6686,36.6468,0.086,0,synthetic
2024-07-01T09:00:00,9,kv-01,Simtola,0.597,1.256,4.684,4.684,43.002,0.491,4.0,3.986,22.0,1280.0,9.4,78.0,4.2,90.0,18.5,0.6813,0,7,9,1.256,0.0,0.0,0.8957,0.4552,0.0,0.3637,-3.509,0.0,1.5645,36.5372,0.0806,0,synthetic
2024-07-01T10:00:00,10,kv-01,Simtola,0.741,1.658,5.424,5.424,43.252,0.457,4.0,3.563,22.0,1280.0,9.4,78.0,4.2,90.0,18.5,0.6715,0,7,10,1.658,0.0,0.0,1.1492,0.4618,0.0,0.3419,-3.543,0.0,1.4708,36.3769,0.0758,0,synthetic
2024-07-01T11:00:00,11,kv-01,Simtola,0.703,2.041,6.128,6.128,43.481,0.425,4.0,3.189,22.0,1280.0,9.4,78.0,4.2,90.0,18.5,0.6623,0,7,11,2.041,0.0,0.0,1.3907,0.4681,0.0,0.3211,-3.575,0.0,1.3812,36.2301,0.0712,0,synthetic
2024-07-01T12:00:00,12,kv-01,Simtola,0.753,2.197,6.88,6.88,43.737,0.397,4.0,2.867,22.0,1280.0,9.4,78.0,4.2,90.0,18.5,0.6524,0,7,12,2.197,0.0,0.0,1.5093,0.475,0.0,0.3021,-3.603,0.0,1.2995,36.066,0.067,0,synthetic
2024-07-01T13:00:00,13,kv-01,Simtola,0.328,1.784,7.209,7.209,43.76,0.367,4.0,2.538,22.0,1280.0,9.4,78.0,4.2,90.0,18.5,0.6483,0,7,13,1.784,0.0,0.0,1.2966,0.477,0.0,0.2813,-3.633,0.0,1.2098,36.0513,0.0624,0,synthetic
2024-07-01T14:00:00,14,kv-01,Simtola,0.631,1.711,7.839,7.839,43.949,0.343,4.0,2.282,22.0,1280.0,9.4,78.0,4.2,90.0,18.5,0.6401,0,7,14,1.711,0.0,0.0,1.284,0.4826,0.0,0.264,-3.657,0.0,1.1356,35.9301,0.0585,0,synthetic
2024-07-01T15:00:00,15,kv-01,Simtola,0.798,1.756,8.637,8.637,44.229,0.322,4.0,2.073,22.0,1280.0,9.4,78.0,4.2,90.0,18.5,0.6296,0,7,15,1.756,0.0,0.0,1.3437,0.49,0.0,0.2489,-3.678,0.0,1.0706,35.7506,0.0552,0,synthetic
2024-07-01T16:00:00,16,kv-01,Simtola,0.777,2.205,9.414,9.414,44.499,0.303,4.0,1.886,22.0,1280.0,9.4,78.0,4.2,90.0,18.5,0.6193,0,7,16,2.205,0.0,0.0,1.6246,0.4974,0.0,0.2347,-3.697,0.0,1.0096,35.5776,0.052,0,synthetic
2024-07-01T17:00:00,17,kv-01,Simtola,0.525,2.1,9.939,9.939,44.63,0.283,4.0,1.698,22.0,1280.0,9.4,78.0,4.2,90.0,18.5,0.6125,0,7,17,2.1,0.0,0.0,1.5898,0.5017,0.0,0.2196,-3.717,0.0,0.9446,35.4936,0.0487,0,synthetic
2024-07-01T18:00:00,18,kv-01,Simtola,0.425,1.727,10.364,10.364,44.705,0.264,4.0,1.523,22.0,1280.0,9.4,78.0,4.2,90.0,18.5,0.6072,0,7,18,1.727,0.0,0.0,1.4033,0.505,0.0,0.2048,-3.736,0.0,0.881,35.4455,0.0454,0,synthetic
2024-07-01T19:00:00,19,kv-01,Simtola,0.616,1.566,10.979,10.979,44.886,0.25,4.0,1.4,22.0,1280.0,9.4,78.0,4.2,90.0,18.5,0.5991,0,7,19,1.566,0.0,0.0,1.3416,0.5105,0.0,0.1938,-3.75,0.0,0.8337,35.3295,0.043,0,synthetic
2024-07-01T20:00:00,20,kv-01,Simtola,9.753,10.794,20.733,20.733,46.208,0.491,4.0,3.984,22.0,1280.0,9.4,78.0,4.2,90.0,18.5,0.4775,0,7,20,7.6511,3.1429,0.0,6.8438,0.5818,0.0284,0.3637,-3.509,2.3048,1.5643,34.4821,0.0806,0,synthetic
2024-07-01T21:00:00,21,kv-01,Simtola,0.481,10.85,21.214,21.214,46.314,0.454,4.0,3.53,22.0,1280.0,9.4,78.0,4.2,90.0,18.5,0.4713,0,7,21,7.6398,3.2102,0.0,6.8956,0.586,0.0291,0.3401,-3.546,2.3542,1.4629,34.4141,0.0754,0,synthetic
2024-07-01T22:00:00,22,kv-01,Simtola,0.527,10.761,21.741,21.741,46.445,0.421,4.0,3.14,22.0,1280.0,9.4,78.0,4.2,90.0,18.5,0.4646,0,7,22,7.6257,3.1353,0.0,6.8697,0.5907,0.0285,0.3184,-3.579,2.2992,1.3693,34.3301,0.0706,0,synthetic
2024-07-01T23:00:00,23,kv-01,Simtola,0.458,1.467,22.199,22.199,46.539,0.39,4.0,2.791,22.0,1280.0,9.4,78.0,4.2,90.0,18.5,0.4587,0,7,23,1.467,0.0,0.0,1.7781,0.5945,0.0,0.2974,-3.61,0.0,1.2791,34.2699,0.0659,0,synthetic
2024-07-02T00:00:00,24,kv-01,Simtola,0.382,1.368,21.958,22.582,46.59,0.361,4.0,2.477,22.0,1280.0,9.4,78.0,4.2,90.0,18.5,0.4614,0,7,0,1.368,0.0,0.0,1.717,0.5938,0.0,0.2772,-3.639,0.0,1.1922,34.2372,0.0614,0,synthetic
2024-07-02T01:00:00,25,kv-01,Simtola,0.55,1.39,22.202,23.131,46.734,0.337,4.0,2.22,22.0,1280.0,9.4,78.0,4.2,90.0,18.5,0.458,0,7,1,1.39,0.0,0.0,1.7416,0.597,0.0,0.2597,-3.663,0.0,1.1168,34.1449,0.0576,0,synthetic
2024-07-02T02:00:00,26,kv-01,Simtola,0.557,1.488,22.183,23.688,46.881,0.314,4.0,1.994,22.0,1280.0,9.4,78.0,4.2,90.0,18.5,0.4577,0,7,2,1.488,0.0,0.0,1.7983,0.5988,0.0,0.243,-3.686,0.0,1.0451,34.0506,0.0539,0,synthetic
2024-07-02T03:00:00,27,kv-01,Simtola,0.85,1.956,22.669,24.537,47.19,0.297,4.0,1.824,22.0,1280.0,9.4,78.0,4.2,90.0,18.5,0.4508,0,7,3,1.956,0.0,0.0,2.0792,0.6056,0.0,0.23,-3.703,0.0,0.9892,33.8526,0.051,0,synthetic
2024-07-02T04:00:00,28,kv-01,Simtola,0.285,1.691,22.617,24.823,47.188,0.275,4.0,1.621,22.0,1280.0,9.4,78.0,4.2,90.0,18.5,0.4514,0,7,4,1.691,0.0,0.0,1.9333,0.6053,0.0,0.2133,-3.725,0.0,0.9174,33.8538,0.0473,0,synthetic
2024-07-02T05:00:00,29,kv-01,Simtola,0.497,1.632,22.734,25.32,47.302,0.257,4.0,1.462,22.0,1280.0,9.4,78.0,4.2,90.0,18.5,0.4496,0,7,5,1.632,0.0,0.0,1.9084,0.6074,0.0,0.1994,-3.743,0.0,0.8576,33.7808,0.0442,0,synthetic
2024-07-02T06:00:00,30,kv-01,Simtola,0.566,1.348,22.458,25.886,47.454,0.25,4.0,1.4,22.0,1280.0,9.4,78.0,4.2,90.0,18.5,0.4524,0,7,6,1.348,0.0,0.0,1.7454,0.6078,0.0,0.1938,-3.75,0.0,0.8337,33.6833,0.043,0,synthetic
2024-07-02T07:00:00,31,kv-01,Simtola,0.394,1.457,22.513,26.279,47.512,0.25,4.0,1.4,22.0,1280.0,9.4,78.0,4.2,90.0,18.5,0.4516,0,7,7,1.457,0.0,0.0,1.8098,0.6088,0.0,0.1938,-3.75,0.0,0.8337,33.6462,0.043,0,synthetic
2024-07-02T08:00:00,32,kv-01,Simtola,0.586,1.545,22.778,26.865,47.675,0.25,4.0,1.4,22.0,1280.0,9.4,78.0,4.2,90.0,18.5,0.4478,0,7,8,1.545,0.0,0.0,1.8718,0.6125,0.0,0.1938,-3.75,0.0,0.8337,33.5417,0.043,0,synthetic
2024-07-02T09:00:00,33,kv-01,Simtola,0.557,1.537,22.738,27.422,47.822,0.25,4.0,1.4,22.0,1280.0,9.4,78.0,4.2,90.0,18.5,0.4478,0,7,9,1.537,0.0,0.0,1.8694,0.6141,0.0,0.1938,-3.75,0.0,0.8337,33.4474,0.043,0,synthetic
2024-07-02T10:00:00,34,kv-01,Simtola,1.006,2.148,23.003,28.428,48.216,0.25,4.0,1.4,22.0,1280.0,9.4,78.0,4.2,90.0,18.5,0.4432,0,7,10,2.148,0.0,0.0,2.2217,0.6208,0.0,0.1938,-3.75,0.0,0.8337,33.1949,0.043,0,synthetic
2024-07-02T11:00:00,35,kv-01,Simtola,0.822,2.385,23.122,29.25,48.509,0.25,4.0,1.4,22.0,1280.0,9.4,78.0,4.2,90.0,18.5,0.4408,0,7,11,2.385,0.0,0.0,2.3616,0.6253,0.0,0.1938,-3.75,0.0,0.8337,33.0071,0.043,0,synthetic
2024-07-02T12:00:00,36,kv-01,Simtola,0.623,2.451,22.992,29.873,48.692,0.25,4.0,1.4,22.0,1280.0,9.4,78.0,4.2,90.0,18.5,0.4417,0,7,12,2.451,0.0,0.0,2.397,0.6269,0.0,0.1938,-3.75,0.0,0.8337,32.8897,0.043,0,synthetic
2024-07-02T13:00:00,37,kv-01,Simtola,0.475,1.92,23.14,30.348,48.794,0.25,4.0,1.4,22.0,1280.0,9.4,78.0,4.2,90.0,18.5,0.4395,0,7,13,1.92,0.0,0.0,2.1134,0.6291,0.0,0.1938,-3.75,0.0,0.8337,32.8244,0.043,0,synthetic
2024-07-02T14:00:00,38,kv-01,Simtola,0.697,1.796,23.206,31.046,49.018,0.25,4.0,1.4,22.0,1280.0,9.4,78.0,4.2,90.0,18.5,0.438,0,7,14,1.796,0.0,0.0,2.0521,0.6324,0.0,0.1938,-3.75,0.0,0.8337,32.6808,0.043,0,synthetic
2024-07-02T15:00:00,39,kv-01,Simtola,0.553,1.726,22.962,31.599,49.163,0.25,4.0,1.4,22.0,1280.0,9.4,78.0,4.2,90.0,18.5,0.4404,0,7,15,1.726,0.0,0.0,2.0079,0.6327,0.0,0.1938,-3.75,0.0,0.8337,32.5878,0.043,0,synthetic
2024-07-02T16:00:00,40,kv-01,Simtola,0.709,1.96,22.894,32.308,49.393,0.25,4.0,1.4,22.0,1280.0,9.4,78.0,4.2,90.0,18.5,0.4404,1,7,16,1.96,0.0,0.0,2.1385,0.6353,0.0,0.1938,-3.75,0.0,1.1254,32.4404,0.043,0,synthetic
2024-07-02T17:00:00,41,kv-01,Simtola,0.496,1.759,22.865,32.804,49.506,0.25,4.0,1.4,22.0,1280.0,9.4,78.0,4.2,90.0,18.5,0.4403,0,7,17,1.759,0.0,0.0,2.0299,0.6366,0.0,0.1938,-3.75,0.0,0.8337,32.3679,0.043,0,synthetic
2024-07-02T18:00:00,42,kv-01,Simtola,0.604,1.809,23.044,33.408,49.679,0.25,4.0,1.4,22.0,1280.0,9.4,78.0,4.2,90.0,18.5,0.4376,0,7,18,1.809,0.0,0.0,2.0679,0.6399,0.0,0.1938,-3.75,0.0,0.8337,32.2571,0.043,0,synthetic
2024-07-02T19:00:00,43,kv-01,Simtola,0.838,1.938,23.267,34.246,49.98,0.25,4.0,1.4,22.0,1280.0,9.4,78.0,4.2,90.0,18.5,0.4339,0,7,19,1.938,0.0,0.0,2.1524,0.6452,0.0,0.1938,-3.75,0.0,0.8337,32.0641,0.043,0,synthetic
2024-07-02T20:00:00,44,kv-01,Simtola,0.526,1.967,14.039,34.772,50.109,0.25,4.0,1.4,22.0,1280.0,9.4,78.0,4.2,90.0,18.5,0.5442,0,7,20,1.967,0.0,0.0,1.8256,0.589,0.0,0.1938,-3.75,0.0,0.8337,31.9814,0.043,0,synthetic
2024-07-02T21:00:00,45,kv-01,Simtola,0.539,1.903,14.097,35.311,50.245,0.25,4.0,1.4,22.0,1280.0,9.4,78.0,4.2,90.0,18.5,0.543,0,7,21,1.903,0.0,0.0,1.796,0.591,0.0,0.1938,-3.75,0.0,0.8337,31.8942,0.043,0,synthetic
2024-07-02T22:00:00,46,kv-01,Simtola,0.4,1.464,13.97,35.71,50.305,0.25,4.0,1.4,22.0,1280.0,9.4,78.0,4.2,90.0,18.5,0.5443,0,7,22,1.464,0.0,0.0,1.5523,0.5909,0.0,0.1938,-3.75,0.0,0.8337,31.8558,0.043,0,synthetic
2024-07-02T23:00:00,47,kv-01,Simtola,0.743,1.682,14.254,36.453,50.553,0.25,4.0,1.4,22.0,1280.0,9.4,78.0,4.2,90.0,18.5,0.54,0,7,23,1.682,0.0,0.0,1.6875,0.5956,0.0,0.1938,-3.75,0.0,0.8337,31.6968,0.043,0,synthetic
2024-07-03T00:00:00,48,kv-01,Simtola,0.463,1.605,14.334,36.916,50.648,0.25,4.0,1.4,22.0,1280.0,9.4,78.0,4.2,90.0,18.5,0.5387,0,7,0,1.605,0.0,0.0,1.651,0.5972,0.0,0.1938,-3.75,0.0,0.8337,31.6359,0.043,0,synthetic
2024-07-03T01:00:00,49,kv-01,Simtola,0.748,1.954,14.533,37.664,50.899,0.25,4.0,1.4,22.0,1280.0,9.4,78.0,4.2,90.0,18.5,0.5355,0,7,1,1.954,0.0,0.0,1.8551,0.6015,0.0,0.1938,-3.75,0.0,0.8337,31.475,0.043,0,synthetic
2024-07-03T02:00:00,50,kv-01,Simtola,0.549,1.76,14.525,38.213,51.04,0.25,4.0,1.4,22.0,1280.0,9.4,78.0,4.2,90.0,18.5,0.5351,0,7,2,1.76,0.0,0.0,1.7515,0.6031,0.0,0.1938,-3.75,0.0,0.8337,31.3846,0.043,0,synthetic
2024-07-03T03:00:00,51,kv-01,Simtola,0.492,1.789,14.168,38.705,51.151,0.25,4.0,1.4,22.0,1280.0,9.4,78.0,4.2,90.0,18.5,0.539,0,7,3,1.789,0.0,0.0,1.7572,0.6021,0.0,0.1938,-3.75,0.0,0.8337,31.3135,0.043,0,synthetic
2024-07-03T04:00:00,52,kv-01,Simtola,0.422,1.463,14.305,39.127,51.222,0.25,4.0,1.4,22.0,1280.0,9.4,78.0,4.2,90.0,18.5,0.5371,1,7,4,1.463,0.0,0.0,1.5856,0.6038,0.0,0.1938,-3.75,0.0,1.1254,31.2679,0.043,0,synthetic
2024-07-03T05:00:00,53,kv-01,Simtola,0.667,1.582,14.475,39.794,51.429,0.25,4.0,1.4,22.0,1280.0,9.4,78.0,4.2,90.0,18.5,0.5343,0,7,5,1.582,0.0,0.0,1.6616,0.6073,0.0,0.1938,-3.75,0.0,0.8337,31.1353,0.043,0,synthetic
2024-07-03T06:00:00,54,kv-01,Simtola,0.519,1.609,14.428,40.314,51.554,0.25,4.0,1.4,22.0,1280.0,9.4,78.0,4.2,90.0,18.5,0.5344,0,7,6,1.609,0.0,0.0,1.678,0.6085,0.0,0.1938,-3.75,0.0,0.8337,31.0551,0.043,0,synthetic
2024-07-03T07:00:00,55,kv-01,Simtola,0.796,1.983,14.83,41.11,51.831,0.25,4.0,1.4,22.0,1280.0,9.4,78.0,4.2,90.0,18.5,0.5286,0,7,7,1.983,0.0,0.0,1.9037,0.6144,0.0,0.1938,-3.75,0.0,0.8337,30.8776,0.043,0,synthetic
2024-07-03T08:00:00,56,kv-01,Simtola,0.594,1.909,14.839,41.704,51.997,0.25,4.0,1.4,22.0,1280.0,9.4,78.0,4.2,90.0,18.5,0.5279,0,7,8,1.909,0.0,0.0,1.8671,0.6164,0.0,0.1938,-3.75,0.0,0.8337,30.7712,0.043,0,synthetic
2024-07-03T09:00:00,57,kv-01,Simtola,0.697,2.087,14.979,42.401,52.22,0.25,4.0,1.4,22.0,1280.0,9.4,78.0,4.2,90.0,18.5,0.5255,0,7,9,2.087,0.0,0.0,1.9746,0.62,0.0,0.1938,-3.75,0.0,0.8337,30.6282,0.043,0,synthetic
2024-07-03T10:00:00,58,kv-01,Simtola,0.718,2.01,14.692,43.119,52.454,0.25,4.0,1.4,22.0,1280.0,9.4,78.0,4.2,90.0,18.5,0.5281,0,7,10,2.01,0.0,0.0,1.9259,0.6209,0.0,0.1938,-3.75,0.0,0.8337,30.4782,0.043,0,synthetic
2024-07-03T11:00:00,59,kv-01,Simtola,0.627,2.042,14.496,43.746,52.637,0.25,4.0,1.4,22.0,1280.0,9.4,78.0,4.2,90.0,18.5,0.5298,0,7,11,2.042,0.0,0.0,1.9401,0.6217,0.0,0.1938,-3.75,0.0,0.8337,30.3609,0.043,0,synthetic
2024-07-03T12:00:00,60,kv-01,Simtola,0.593,1.937,14.466,44.339,52.802,0.25,4.0,1.4,22.0,1280.0,9.4,78.0,4.2,90.0,18.5,0.5296,0,7,12,1.937,0.0,0.0,1.8849,0.6235,0.0,0.1938,-3.75,0.0,0.8337,30.2551,0.043,0,synthetic
2024-07-03T13:00:00,61,kv-01,Simtola,0.81,2.029,14.8,45.148,53.086,0.25,4.0,1.4,22.0,1280.0,9.4,78.0,4.2,90.0,18.5,0.5246,0,7,13,2.029,0.0,0.0,1.9531,0.6291,0.0,0.1938,-3.75,0.0,0.8337,30.0731,0.043,0,synthetic
2024-07-03T14:00:00,62,kv-01,Simtola,0.488,1.89,14.59,45.636,53.193,0.25,4.0,1.4,22.0,1280.0,9.4,78.0,4.2,90.0,18.5,0.5267,0,7,14,1.89,0.0,0.0,1.8719,0.6289,0.0,0.1938,-3.75,0.0,0.8337,30.0045,0.043,0,synthetic
2024-07-03T15:00:00,63,kv-01,Simtola,0.799,2.097,14.836,46.435,53.471,0.25,4.0,1.4,22.0,1280.0,9.4,78.0,4.2,90.0,18.5,0.5228,0,7,15,2.097,0.0,0.0,1.9999,0.6339,0.0,0.1938,-3.75,0.0,0.8337,29.8263,0.043,0,synthetic
2024-07-03T16:00:00,64,kv-01,Simtola,0.796,2.083,14.923,47.231,53.748,0.25,4.0,1.4,22.0,1280.0,9.4,78.0,4.2,90.0,18.5,0.5208,0,7,16,2.083,0.0,0.0,2.0005,0.6377,0.0,0.1938,-3.75,0.0,0.8337,29.6487,0.043,0,synthetic
2024-07-03T17:00:00,65,kv-01,Simtola,0.844,2.439,15.271,48.075,54.05,0.25,4.0,1.4,22.0,1280.0,9.4,78.0,4.2,90.0,18.5,0.5156,0,7,17,2.439,0.0,0.0,2.2146,0.6437,0.0,0.1938,-3.75,0.0,0.8337,29.4551,0.043,0,synthetic
2024-07-03T18:00:00,66,kv-01,Simtola,0.668,2.308,15.335,48.743,54.256,0.25,4.0,1.4,22.0,1280.0,9.4,78.0,4.2,90.0,18.5,0.5141,0,7,18,2.308,0.0,0.0,2.1491,0.6466,0.0,0.1938,-3.75,0.0,0.8337,29.3231,0.043,0,synthetic
2024-07-03T19:00:00,67,kv-01,Simtola,1.078,2.59,15.574,49.821,54.687,0.25,4.0,1.4,22.0,1280.0,9.4,78.0,4.2,90.0,18.5,0.5097,1,7,19,2.59,0.0,0.0,2.3199,0.6533,0.0,0.1938,-3.75,0.0,1.1254,29.0468,0.043,0,synthetic
2024-07-03T20:00:00,68,kv-01,Simtola,0.819,2.565,15.868,50.64,54.975,0.25,4.0,1.4,22.0,1280.0,9.4,78.0,4.2,90.0,18.5,0.5052,0,7,20,2.565,0.0,0.0,2.3223,0.6588,0.0,0.1938,-3.75,0.0,0.8337,28.8622,0.043,0,synthetic
2024-07-03T21:00:00,69,kv-01,Simtola,0.581,2.478,15.911,51.221,55.133,0.25,4.0,1.4,22.0,1280.0,9.4,78.0,4.2,90.0,18.5,0.5041,0,7,21,2.478,0.0,0.0,2.2797,0.661,0.0,0.1938,-3.75,0.0,0.8337,28.7609,0.043,0,synthetic
2024-07-03T22:00:00,70,kv-01,Simtola,0.511,1.912,16.022,51.732,55.252,0.25,4.0,1.4,22.0,1280.0,9.4,78.0,4.2,90.0,18.5,0.5024,0,7,22,1.912,0.0,0.0,1.9758,0.6632,0.0,0.1938,-3.75,0.0,0.8337,28.6846,0.043,0,synthetic
2024-07-03T23:00:00,71,kv-01,Simtola,0.536,1.628,15.815,52.268,55.384,0.25,4.0,1.4,22.0,1280.0,9.4,78.0,4.2,90.0,18.5,0.5044,1,7,23,1.628,0.0,0.0,1.8151,0.6633,0.0,0.1938,-3.75,0.0,1.1254,28.6,0.043,0,synthetic
2024-07-04T00:00:00,72,kv-01,Simtola,0.969,2.016,16.321,52.614,55.755,0.25,4.0,1.4,22.0,1280.0,9.4,78.0,4.2,90.0,18.5,0.497,0,7,0,2.016,0.0,0.0,2.0497,0.6713,0.0,0.1938,-3.75,0.0,0.8337,28.3622,0.043,0,synthetic
2024-07-04T01:00:00,73,kv-01,Simtola,0.585,2.09,16.158,52.893,55.914,0.25,4.0,1.4,22.0,1280.0,9.4,78.0,4.2,90.0,18.5,0.4984,0,7,1,2.09,0.0,0.0,2.086,0.6721,0.0,0.1938,-3.75,0.0,0.8337,28.2603,0.043,0,synthetic
2024-07-04T02:00:00,74,kv-01,Simtola,0.489,2.043,16.098,52.806,56.02,0.25,4.0,1.4,22.0,1280.0,9.4,78.0,4.2,90.0,18.5,0.4988,0,7,2,2.043,0.0,0.0,2.0574,0.6729,0.0,0.1938,-3.75,0.0,0.8337,28.1923,0.043,0,synthetic
2024-07-04T03:00:00,75,kv-01,Simtola,1.212,2.286,16.818,53.655,56.524,0.25,4.0,1.4,22.0,1280.0,9.4,78.0,4.2,90.0,18.5,0.4883,0,7,3,2.286,0.0,0.0,2.2233,0.6841,0.0,0.1938,-3.75,0.0,0.8337,27.8692,0.043,0,synthetic
2024-07-04T04:00:00,76,kv-01,Simtola,0.571,2.272,16.967,53.888,56.675,0.25,4.0,1.4,22.0,1280.0,9.4,78.0,4.2,90.0,18.5,0.486,0,7,4,2.272,0.0,0.0,2.2227,0.687,0.0,0.1938,-3.75,0.0,0.8337,27.7724,0.043,0,synthetic
2024-07-04T05:00:00,77,kv-01,Simtola,1.175,2.958,17.475,54.684,57.158,0.25,4.0,1.4,22.0,1280.0,9.4,78.0,4.2,90.0,18.5,0.4782,0,7,5,2.958,0.0,0.0,2.624,0.6964,0.0,0.1938,-3.75,0.0,0.8337,27.4628,0.043,0,synthetic
2024-07-04T06:00:00,78,kv-01,Simtola,0.682,2.428,17.637,54.523,57.37,0.25,4.0,1.4,22.0,1280.0,9.4,78.0,4.2,90.0,18.5,0.4756,0,7,6,2.428,0.0,0.0,2.3376,0.7002,0.0,0.1938,-3.75,0.0,0.8337,27.3269,0.043,0,synthetic
2024-07-04T07:00:00,79,kv-01,Simtola,0.579,2.436,17.42,54.764,57.525,0.25,4.0,1.4,22.0,1280.0,9.4,78.0,4.2,90.0,18.5,0.4776,0,7,7,2.436,0.0,0.0,2.3353,0.7005,0.0,0.1938,-3.75,0.0,0.8337,27.2276,0.043,0,synthetic
2024-07-04T08:00:00,80,kv-01,Simtola,0.875,2.136,17.701,55.318,57.843,0.25,4.0,1.4,22.0,1280.0,9.4,78.0,4.2,90.0,18.5,0.4731,0,7,8,2.136,0.0,0.0,2.1843,0.7064,0.0,0.1938,-3.75,0.0,0.8337,27.0237,0.043,0,synthetic
2024-07-04T09:00:00,81,kv-01,Simtola,0.955,2.408,17.958,55.676,58.204,0.25,4.0,1.4,22.0,1280.0,9.4,78.0,4.2,90.0,18.5,0.4688,0,7,9,2.408,0.0,0.0,2.3458,0.7127,0.0,0.1938,-3.75,0.0,0.8337,26.7923,0.043,0,synthetic
2024-07-04T10:00:00,82,kv-01,Simtola,0.703,2.533,17.943,55.638,58.427,0.25,4.0,1.4,22.0,1280.0,9.4,78.0,4.2,90.0,18.5,0.4682,0,7,10,2.533,0.0,0.0,2.4138,0.7153,0.0,0.1938,-3.75,0.0,0.8337,26.6494,0.043,0,synthetic
2024-07-04T11:00:00,83,kv-01,Simtola,0.619,2.277,17.936,55.554,58.604,0.25,4.0,1.4,22.0,1280.0,9.4,78.0,4.2,90.0,18.5,0.4677,0,7,11,2.277,0.0,0.0,2.2722,0.7174,0.0,0.1938,-3.75,0.0,0.8337,26.5359,0.043,0,synthetic
2024-07-04T12:00:00,84,kv-01,Simtola,0.734,2.056,18.077,55.535,58.843,0.25,4.0,1.4,22.0,1280.0,9.4,78.0,4.2,90.0,18.5,0.4651,0,7,12,2.056,0.0,0.0,2.1558,0.7214,0.0,0.1938,-3.75,0.0,0.8337,26.3827,0.043,0,synthetic
2024-07-04T13:00:00,85,kv-01,Simtola,0.741,2.094,18.009,55.948,59.087,0.25,4.0,1.4,22.0,1280.0,9.4,78.0,4.2,90.0,18.5,0.4651,0,7,13,2.094,0.0,0.0,2.1767,0.7239,0.0,0.1938,-3.75,0.0,0.8337,26.2263,0.043,0,synthetic
2024-07-04T14:00:00,86,kv-01,Simtola,1.341,2.816,18.862,56.659,59.66,0.25,4.0,1.4,22.0,1280.0,9.4,78.0,4.2,90.0,18.5,0.4528,1,7,14,2.816,0.0,0.0,2.6102,0.7373,0.0,0.1938,-3.75,0.0,1.1254,25.859,0.043,0,synthetic
2024-07-04T15:00:00,87,kv-01,Simtola,0.559,2.642,18.622,56.42,59.803,0.25,4.0,1.4,22.0,1280.0,9.4,78.0,4.2,90.0,18.5,0.4552,0,7,15,2.642,0.0,0.0,2.5041,0.7372,0.0,0.1938,-3.75,0.0,0.8337,25.7673,0.043,0,synthetic
2024-07-04T16:00:00,88,kv-01,Simtola,0.828,2.729,18.654,56.471,60.094,0.25,4.0,1.4,22.0,1280.0,9.4,78.0,4.2,90.0,18.5,0.4538,0,7,16,2.729,0.0,0.0,2.5534,0.7411,0.0,0.1938,-3.75,0.0,0.8337,25.5808,0.043,0,synthetic
2024-07-04T17:00:00,89,kv-01,Simtola,0.837,2.225,18.648,56.784,60.39,0.25,4.0,1.4,22.0,1280.0,9.4,78.0,4.2,90.0,18.5,0.4529,0,7,17,2.225,0.0,0.0,2.2779,0.7447,0.0,0.1938,-3.75,0.0,0.8337,25.391,0.043,0,synthetic
2024-07-04T18:00:00,90,kv-01,Simtola,0.911,2.576,18.891,57.27,60.726,0.25,4.0,1.4,22.0,1280.0,9.4,78.0,4.2,90.0,18.5,0.4488,0,7,18,2.576,0.0,0.0,2.4831,0.7507,0.0,0.1938,-3.75,0.0,0.8337,25.1756,0.043,0,synthetic
2024-07-04T19:00:00,91,kv-01,Simtola,0.679,2.428,18.492,57.333,60.934,0.25,4.0,1.4,22.0,1280.0,9.4,78.0,4.2,90.0,18.5,0.4528,0,7,19,2.428,0.0,0.0,2.3872,0.7502,0.0,0.1938,-3.75,0.0,0.8337,25.0423,0.043,0,synthetic
2024-07-04T20:00:00,92,kv-01,Simtola,0.683,2.273,18.356,48.263,61.144,0.25,4.0,1.4,22.0,1280.0,9.4,78.0,4.2,90.0,18.5,0.4537,0,7,20,2.273,0.0,0.0,2.2401,0.7517,0.0,0.1938,-3.75,0.0,0.8337,24.9077,0.043,0,synthetic
2024-07-04T21:00:00,93,kv-01,Simtola,0.451,1.813,18.226,48.233,61.227,0.25,4.0,1.4,22.0,1280.0,9.4,78.0,4.2,90.0,18.5,0.455,0,7,21,1.813,0.0,0.0,1.9821,0.7518,0.0,0.1938,-3.75,0.0,0.8337,24.8545,0.043,0,synthetic
2024-07-04T22:00:00,94,kv-01,Simtola,0.495,1.629,18.21,48.201,61.334,0.25,4.0,1.4,22.0,1280.0,9.4,78.0,4.2,90.0,18.5,0.4548,0,7,22,1.629,0.0,0.0,1.8801,0.753,0.0,0.1938,-3.75,0.0,0.8337,24.7859,0.043,0,synthetic
2024-07-04T23:00:00,95,kv-01,Simtola,0.732,1.679,18.406,48.475,61.571,0.25,4.0,1.4,22.0,1280.0,9.4,78.0,4.2,90.0,18.5,0.4516,0,7,23,1.679,0.0,0.0,1.9166,0.7574,0.0,0.1938,-3.75,0.0,0.8337,24.634,0.043,0,synthetic
2024-07-05T00:00:00,96,kv-01,Simtola,1.263,2.49,18.699,49.355,62.1,0.25,4.0,1.4,22.0,1280.0,9.4,78.0,4.2,90.0,18.5,0.4463,0,7,0,2.49,0.0,0.0,2.3792,0.7662,0.0,0.1938,-3.75,0.0,0.8337,24.2949,0.043,0,synthetic
2024-07-05T01:00:00,97,kv-01,Simtola,1.021,3.016,19.136,49.827,62.495,0.25,4.0,1.4,22.0,1280.0,9.4,78.0,4.2,90.0,18.5,0.4396,0,7,1,3.016,0.0,0.0,2.6878,0.7744,0.0,0.1938,-3.75,0.0,0.8337,24.0417,0.043,0,synthetic
2024-07-05T02:00:00,98,kv-01,Simtola,0.772,3.056,19.419,50.043,62.754,0.25,4.0,1.4,22.0,1280.0,9.4,78.0,4.2,90.0,18.5,0.4353,1,7,2,3.056,0.0,0.0,2.7218,0.7799,0.0,0.1938,-3.75,0.0,1.1254,23.8756,0.043,0,synthetic
2024-07-05T03:00:00,99,kv-01,Simtola,0.841,2.635,19.048,50.034,63.05,0.25,4.0,1.4,22.0,1280.0,9.4,78.0,4.2,90.0,18.5,0.4387,1,7,3,2.635,0.0,0.0,2.4763,0.7806,0.0,0.1938,-3.75,0.0,1.1254,23.6859,0.043,0,synthetic
2024-07-05T04:00:00,100,kv-01,Simtola,1.063,2.677,19.541,50.812,63.468,0.25,4.0,1.4,22.0,1280.0,9.4,78.0,4.2,90.0,18.5,0.4314,0,7,4,2.677,0.0,0.0,2.5227,0.7897,0.0,0.1938,-3.75,0.0,0.8337,23.4179,0.043,0,synthetic
2024-07-05T05:00:00,101,kv-01,Simtola,1.138,3.043,19.504,51.454,63.928,0.25,4.0,1.4,22.0,1280.0,9.4,78.0,4.2,90.0,18.5,0.4302,1,7,5,3.043,0.0,0.0,2.7266,0.7951,0.0,0.1938,-3.75,0.0,1.1254,23.1231,0.043,0,synthetic
2024-07-05T06:00:00,102,kv-01,Simtola,1.271,3.473,20.094,52.159,64.46,0.25,4.0,1.4,22.0,1280.0,9.4,78.0,4.2,90.0,18.5,0.4213,0,7,6,3.473,0.0,0.0,2.9897,0.8065,0.0,0.1938,-3.75,0.0,0.8337,22.7821,0.043,0,synthetic
2024-07-05T07:00:00,103,kv-01,Simtola,15.413,17.823,34.928,67.178,65.411,0.694,4.0,6.816,22.0,1280.0,9.4,78.0,4.2,90.0,18.5,0.2399,0,7,7,5.5945,12.2285,0.1626,11.5323,0.9397,0.1566,0.4819,-3.306,8.9676,2.0728,22.1724,0.1068,0,synthetic
2024-07-05T08:00:00,104,kv-01,Simtola,1.27,17.954,35.323,67.863,65.942,0.647,4.0,6.106,22.0,1280.0,9.4,78.0,4.2,90.0,18.5,0.2333,0,7,8,5.5376,12.4164,0.1747,11.6235,0.9506,0.1603,0.4559,-3.353,9.1054,1.9609,21.8321,0.1011,0,synthetic
2024-07-05T09:00:00,105,kv-01,Simtola,1.427,18.111,35.796,68.733,66.558,0.605,4.0,5.509,22.0,1280.0,9.4,78.0,4.2,90.0,18.5,0.2255,0,7,9,5.4716,12.6394,0.1897,11.733,0.9634,0.1647,0.4322,-3.395,9.2689,1.8591,21.4372,0.0958,0,synthetic
2024-07-05T10:00:00,106,kv-01,Simtola,1.779,4.477,36.871,69.506,67.368,0.571,4.0,5.034,22.0,1280.0,9.4,78.0,4.2,90.0,18.5,0.2098,0,7,10,4.477,0.0,0.0,4.2794,0.9842,0.0,0.4124,-3.429,0.0,1.7736,20.9179,0.0914,0,synthetic
2024-07-05T11:00:00,107,kv-01,Simtola,1.612,4.818,37.864,70.296,68.085,0.538,4.0,4.594,22.0,1280.0,9.4,78.0,4.2,90.0,18.5,0.1953,0,7,11,4.818,0.0,0.0,4.5091,1.0031,0.0,0.3928,-3.462,0.0,1.6893,20.4583,0.0871,0,synthetic
2024-07-05T12:00:00,108,kv-01,Simtola,1.386,4.777,38.516,71.059,68.677,0.506,4.0,4.177,22.0,1280.0,9.4,78.0,4.2,90.0,18.5,0.1854,0,7,12,4.777,0.0,0.0,4.5158,1.0174,0.0,0.3731,-3.494,0.0,1.6049,20.0788,0.0827,0,synthetic
2024-07-05T13:00:00,109,kv-01,Simtola,1.604,4.602,39.379,72.188,69.389,0.479,4.0,3.838,22.0,1280.0,9.4,78.0,4.2,90.0,18.5,0.1726,0,7,13,4.602,0.0,0.0,4.459,1.0354,0.0,0.3562,-3.521,0.0,1.5322,19.6224,0.079,0,synthetic
2024-07-05T14:00:00,110,kv-01,Simtola,1.2,4.19,39.238,72.69,69.879,0.451,4.0,3.489,22.0,1280.0,9.4,78.0,4.2,90.0,18.5,0.1726,1,7,14,4.19,0.0,0.0,4.2302,1.0415,0.0,0.338,-3.549,0.0,1.9626,19.3083,0.0749,0,synthetic
2024-07-05T15:00:00,111,kv-01,Simtola,1.205,4.009,39.884,73.342,70.37,0.425,4.0,3.182,22.0,1280.0,9.4,78.0,4.2,90.0,18.5,0.1631,0,7,15,4.009,0.0,0.0,4.159,1.0545,0.0,0.3209,-3.575,0.0,1.3801,18.9936,0.0711,0,synthetic
2024-07-05T16:00:00,112,kv-01,Simtola,0.949,3.354,40.005,73.582,70.721,0.398,4.0,2.882,22.0,1280.0,9.4,78.0,4.2,90.0,18.5,0.1604,0,7,16,3.354,0.0,0.0,3.8048,1.0609,0.0,0.303,-3.602,0.0,1.303,18.7686,0.0672,0,synthetic
2024-07-05T17:00:00,113,kv-01,Simtola,0.917,3.071,40.084,74.003,71.053,0.374,4.0,2.615,22.0,1280.0,9.4,78.0,4.2,90.0,18.5,0.1583,0,7,17,3.071,0.0,0.0,3.6547,1.0665,0.0,0.2863,-3.626,0.0,1.2313,18.5558,0.0635,0,synthetic
2024-07-05T18:00:00,114,kv-01,Simtola,0.994,2.86,40.167,74.393,71.428,0.353,4.0,2.387,22.0,1280.0,9.4,78.0,4.2,90.0,18.5,0.156,0,7,18,2.86,0.0,0.0,3.5442,1.0729,0.0,0.2712,-3.647,0.0,1.1667,18.3154,0.0601,0,synthetic
2024-07-05T19:00:00,115,kv-01,Simtola,0.435,2.345,39.922,73.989,71.495,0.328,4.0,2.129,22.0,1280.0,9.4,78.0,4.2,90.0,18.5,0.1587,0,7,19,2.345,0.0,0.0,3.2493,1.0717,0.0,0.2531,-3.672,0.0,1.0887,18.2724,0.0561,0,synthetic
2024-07-05T20:00:00,116,kv-01,Simtola,0.741,2.169,39.98,74.204,71.73,0.308,4.0,1.933,22.0,1280.0,9.4,78.0,4.2,90.0,18.5,0.1572,0,7,20,2.169,0.0,0.0,3.156,1.0758,0.0,0.2384,-3.692,0.0,1.0254,18.1218,0.0529,0,synthetic
2024-07-05T21:00:00,117,kv-01,Simtola,0.712,1.887,40.24,74.377,71.949,0.289,4.0,1.756,22.0,1280.0,9.4,78.0,4.2,90.0,18.5,0.1533,0,7,21,1.887,0.0,0.0,3.0117,1.0814,0.0,0.2243,-3.711,0.0,0.9648,17.9814,0.0497,0,synthetic
2024-07-05T22:00:00,118,kv-01,Simtola,12.248,13.7,51.993,86.224,72.756,0.631,4.0,5.878,22.0,1280.0,9.4,78.0,4.2,90.0,18.5,0.12,0,7,22,4.8078,8.8922,0.0,10.0236,1.2004,0.1267,0.447,-3.369,6.5209,1.9226,17.4641,0.0991,0,synthetic
2024-07-05T23:00:00,119,kv-01,Simtola,0.848,13.807,52.109,86.33,73.05,0.585,4.0,5.229,22.0,1280.0,9.4,78.0,4.2,90.0,18.5,0.12,0,7,23,4.7763,9.0307,0.0,10.0875,1.2063,0.1292,0.4206,-3.415,6.6225,1.8092,17.2756,0.0932,0,synthetic
2024-07-06T00:00:00,120,kv-01,Simtola,1.172,14.268,52.019,87.039,73.521,0.547,4.0,4.706,22.0,1280.0,9.4,78.0,4.2,90.0,18.5,0.12,1,7,0,4.7259,9.5421,0.0,10.3421,1.2133,0.1374,0.398,-3.453,6.9975,2.3109,16.9737,0.0882,0,synthetic
2024-07-06T01:00:00,121,kv-01,Simtola,1.629,3.65,52.627,87.921,74.243,0.516,4.0,4.307,22.0,1280.0,9.4,78.0,4.2,90.0,18.5,0.12,1,7,1,3.65,0.0,0.0,4.5305,1.2308,0.0,0.3794,-3.484,0.0,2.2027,16.5109,0.0841,0,synthetic
2024-07-06T02:00:00,122,kv-01,Simtola,2.098,4.899,53.952,89.469,75.007,0.503,4.0,4.13,22.0,1280.0,9.4,78.0,4.2,90.0,18.5,0.12,1,7,2,4.5668,0.3322,0.0,5.2768,1.2559,0.0049,0.371,-3.497,0.2436,2.1543,16.0212,0.0822,0,synthetic
2024-07-06T03:00:00,123,kv-01,Simtola,2.56,6.287,55.671,91.537,75.756,0.506,4.0,4.173,22.0,1280.0,9.4,78.0,4.2,90.0,18.5,0.12,0,7,3,4.4865,1.8005,0.0,6.1176,1.2847,0.0267,0.373,-3.494,1.3203,1.6044,15.541,0.0827,0,synthetic
2024-07-06T04:00:00,124,kv-01,Simtola,3.206,7.864,57.813,94.321,76.49,0.531,4.0,4.499,22.0,1280.0,9.4,78.0,4.2,90.0,18.5,0.12,0,7,4,4.4079,3.4561,0.0,7.0827,1.3177,0.0518,0.3884,-3.469,2.5345,1.6707,15.0705,0.0861,0,synthetic
2024-07-06T05:00:00,125,kv-01,Simtola,3.661,9.427,60.336,97.314,77.21,0.57,4.0,5.015,22.0,1280.0,9.4,78.0,4.2,90.0,18.5,0.12,1,7,5,4.3308,5.0962,0.0,8.0557,1.3544,0.0771,0.4116,-3.43,3.7372,2.3902,14.609,0.0913,0,synthetic
2024-07-06T06:00:00,126,kv-01,Simtola,4.07,10.937,63.135,100.865,77.917,0.619,4.0,5.702,22.0,1280.0,9.4,78.0,4.2,90.0,18.5,0.12,0,7,6,4.2551,6.6819,0.0,9.0133,1.3941,0.102,0.4401,-3.381,4.9001,1.893,14.1558,0.0976,0,synthetic
2024-07-06T07:00:00,127,kv-01,Simtola,4.589,12.32,52.311,104.659,78.609,0.681,4.0,6.62,22.0,1280.0,9.4,78.0,4.2,90.0,18.5,0.12,0,7,7,4.181,8.139,0.0,9.3918,1.3001,0.1253,0.4749,-3.319,5.9686,2.0425,13.7122,0.1053,0,synthetic
2024-07-06T08:00:00,128,kv-01,Simtola,4.916,13.576,55.957,108.981,79.289,0.749,4.0,7.673,22.0,1280.0,9.4,78.0,4.2,90.0,18.5,0.12,0,7,8,4.1081,9.4679,0.0,10.2463,1.3475,0.147,0.5113,-3.251,6.9431,2.1991,13.2763,0.1133,0,synthetic
2024-07-06T09:00:00,129,kv-01,Simtola,5.375,14.88,59.904,113.658,79.955,0.827,4.0,8.937,22.0,1280.0,9.4,78.0,4.2,90.0,18.5,0.12,0,7,9,4.0368,10.8432,0.0042,11.1408,1.3983,0.1698,0.5512,-3.173,7.9517,2.3708,12.8494,0.1222,0,synthetic
2024-07-06T10:00:00,130,kv-01,Simtola,5.813,16.104,63.939,118.753,80.608,0.912,4.0,10.404,22.0,1280.0,9.4,78.0,4.2,90.0,18.5,0.12,0,7,10,3.9669,12.1371,0.043,11.9971,1.4503,0.1916,0.5931,-3.088,8.9006,2.551,12.4308,0.1315,0,synthetic
2024-07-06T11:00:00,131,kv-01,Simtola,15.151,26.339,77.478,133.278,81.249,1.3,4.0,18.016,22.0,1280.0,9.4,78.0,4.2,90.0,18.5,0.12,1,7,11,3.8982,22.4408,1.7245,18.2249,1.5994,0.3571,0.7668,-2.7,16.4566,4.4524,12.0199,0.17,0,synthetic
2024-07-06T12:00:00,132,kv-01,Simtola,4.809,25.773,80.901,137.494,81.877,1.305,4.0,18.127,22.0,1280.0,9.4,78.0,4.2,90.0,18.5,0.12,1,7,12,3.831,21.942,1.5765,18.0683,1.6468,0.3518,0.7689,-2.695,16.0908,4.4648,11.6173,0.1705,0,synthetic
2024-07-06T13:00:00,133,kv-01,Simtola,4.329,24.289,83.626,141.014,82.493,1.294,4.0,17.895,22.0,1280.0,9.4,78.0,4.2,90.0,18.5,0.12,0,7,13,3.765,20.524,1.2159,17.3763,1.6872,0.3316,0.7643,-2.706,15.0509,3.2875,11.2224,0.1694,0,synthetic
2024-07-06T14:00:00,134,kv-01,Simtola,3.971,13.109,86.397,144.497,83.097,1.273,4.0,17.445,22.0,1280.0,9.4,78.0,4.2,90.0,18.5,0.12,1,7,14,3.7003,9.4087,0.0,11.3529,1.7284,0.1531,0.7555,-2.727,6.8997,4.3867,10.8353,0.1675,0,synthetic
2024-07-06T15:00:00,135,kv-01,Simtola,3.255,11.554,88.446,146.952,83.689,1.231,4.0,16.556,22.0,1280.0,9.4,78.0,4.2,90.0,18.5,0.12,0,7,15,3.6369,7.9171,0.0,10.5899,1.7621,0.1298,0.7376,-2.769,5.8059,3.1724,10.4558,0.1635,0,synthetic
2024-07-06T16:00:00,136,kv-01,Simtola,2.377,9.603,89.875,148.534,84.27,1.164,4.0,15.191,22.0,1280.0,9.4,78.0,4.2,90.0,18.5,0.12,1,7,16,3.5747,6.0283,0.0,9.5803,1.7894,0.0995,0.7087,-2.836,4.4208,4.1149,10.0833,0.1571,0,synthetic
2024-07-06T17:00:00,137,kv-01,Simtola,1.83,7.462,90.788,149.52,84.84,1.087,4.0,13.655,22.0,1280.0,9.4,78.0,4.2,90.0,18.5,0.12,1,7,17,3.5136,3.9484,0.0,8.4431,1.8112,0.0656,0.6745,-2.913,2.8955,3.9163,9.7179,0.1495,0,synthetic
2024-07-06T18:00:00,138,kv-01,Simtola,1.32,5.528,91.114,150.172,85.382,1.002,4.0,12.031,22.0,1280.0,9.4,78.0,4.2,90.0,18.5,0.12,0,7,18,3.4556,2.0724,0.0,7.3957,1.8263,0.0347,0.6356,-2.998,1.5198,2.7338,9.3705,0.1409,0,synthetic
2024-07-06T19:00:00,139,kv-01,Simtola,0.753,3.903,91.433,149.847,85.613,0.919,4.0,10.532,22.0,1280.0,9.4,78.0,4.2,90.0,18.5,0.12,0,7,19,3.4308,0.4722,0.0,6.5119,1.8346,0.0079,0.5965,-3.081,0.3462,2.5657,9.2224,0.1322,0,synthetic
2024-07-06T20:00:00,140,kv-01,Simtola,0.263,2.336,90.955,149.291,85.573,0.84,4.0,9.16,22.0,1280.0,9.4,78.0,4.2,90.0,18.5,0.12,1,7,20,2.336,0.0,0.0,5.6287,1.8286,0.0,0.5578,-3.16,0.0,3.2387,9.2481,0.1237,0,synthetic
2024-07-06T21:00:00,141,kv-01,Simtola,0.943,1.959,91.187,149.653,85.907,0.775,4.0,8.091,22.0,1280.0,9.4,78.0,4.2,90.0,18.5,0.12,0,7,21,1.959,0.0,0.0,5.4323,1.8383,0.0,0.5248,-3.225,0.0,2.2574,9.034,0.1164,0,synthetic
2024-07-06T22:00:00,142,kv-01,Simtola,0.999,2.205,79.938,150.141,86.272,0.718,4.0,7.174,22.0,1280.0,9.4,78.0,4.2,90.0,18.5,0.12,0,7,22,2.205,0.0,0.0,5.1488,1.7248,0.0,0.4946,-3.282,0.0,2.1275,8.8,0.1097,0,synthetic
2024-07-06T23:00:00,143,kv-01,Simtola,1.387,3.329,80.477,150.992,86.803,0.671,4.0,6.465,22.0,1280.0,9.4,78.0,4.2,90.0,18.5,0.12,1,7,23,3.3034,0.0256,0.0,5.7925,1.7412,0.0004,0.4693,-3.329,0.0188,2.7249,8.4596,0.104,0,synthetic
2024-07-07T00:00:00,144,kv-01,Simtola,2.318,4.704,81.623,152.341,87.323,0.66,4.0,6.304,22.0,1280.0,9.4,78.0,4.2,90.0,18.5,0.12,0,7,0,3.2477,1.4563,0.0,6.6002,1.7642,0.0249,0.4633,-3.34,1.0679,1.9926,8.1263,0.1027,0,synthetic
2024-07-07T01:00:00,145,kv-01,Simtola,3.71,7.415,83.704,155.466,87.833,0.697,4.0,6.857,22.0,1280.0,9.4,78.0,4.2,90.0,18.5,0.12,0,7,1,3.1931,4.2219,0.0,8.1888,1.7973,0.0726,0.4835,-3.303,3.0961,2.0794,7.7994,0.1072,0,synthetic
2024-07-07T02:00:00,146,kv-01,Simtola,5.108,11.137,86.714,160.086,88.333,0.777,4.0,8.118,22.0,1280.0,9.4,78.0,4.2,90.0,18.5,0.12,1,7,2,3.1395,7.9975,0.0,10.3777,1.8408,0.1383,0.5258,-3.223,5.8648,3.053,7.4788,0.1166,0,synthetic
2024-07-07T03:00:00,147,kv-01,Simtola,6.656,15.474,90.81,165.529,88.824,0.902,4.0,10.22,22.0,1280.0,9.4,78.0,4.2,90.0,18.5,0.12,0,7,3,3.0869,12.3871,0.018,12.9506,1.8965,0.2155,0.5882,-3.098,9.0838,2.5297,7.1641,0.1304,0,synthetic
2024-07-07T04:00:00,148,kv-01,Simtola,8.634,20.398,96.238,173.592,89.305,1.08,4.0,13.524,22.0,1280.0,9.4,78.0,4.2,90.0,18.5,0.12,1,7,4,3.0354,17.3626,0.4741,15.9128,1.9674,0.3037,0.6714,-2.92,12.7325,3.8984,6.8558,0.1488,0,synthetic
2024-07-07T05:00:00,149,kv-01,Simtola,10.033,25.322,102.609,182.449,89.776,1.288,4.0,17.762,22.0,1280.0,9.4,78.0,4.2,90.0,18.5,0.12,1,7,5,2.985,22.337,1.4626,18.9152,2.0492,0.3927,0.7618,-2.712,16.3805,4.4233,6.5538,0.1689,0,synthetic
2024-07-07T06:00:00,150,kv-01,Simtola,11.274,29.94,109.813,193.041,90.239,1.516,4.0,22.865,22.0,1280.0,9.4,78.0,4.2,90.0,18.5,0.12,0,7,6,2.9354,27.0046,2.7934,21.7915,2.1411,0.4772,0.8549,-2.484,19.8034,3.6769,6.2571,0.1895,0,synthetic
2024-07-07T07:00:00,151,kv-01,Simtola,12.328,33.634,117.552,204.791,90.692,1.755,4.0,28.685,22.0,1280.0,9.4,78.0,4.2,90.0,18.5,0.12,0,7,7,2.8869,30.7471,4.0982,24.1868,2.2395,0.5461,0.9473,-2.245,22.5479,4.0747,5.9667,0.21,0,synthetic
2024-07-07T08:00:00,152,kv-01,Simtola,13.281,36.883,125.917,217.197,91.137,1.999,4.0,35.103,22.0,1280.0,9.4,78.0,4.2,90.0,18.5,0.12,1,7,8,2.8392,34.0438,5.4007,26.365,2.3458,0.6076,1.0377,-2.001,24.9654,6.0255,5.6814,0.23,0,synthetic
2024-07-07T09:00:00,153,kv-01,Simtola,13.777,39.386,134.319,230.019,91.572,2.231,4.0,41.63,22.0,1280.0,9.4,78.0,4.2,90.0,18.5,0.12,0,7,9,2.7926,36.5934,6.4933,28.1369,2.4532,0.6562,1.1206,-1.769,26.8351,4.82,5.4026,0.2484,0,synthetic
2024-07-07T10:00:00,154,kv-01,Simtola,13.446,40.504,141.952,242.762,92.0,2.425,4.0,47.361,22.0,1280.0,9.4,78.0,4.2,90.0,18.5,0.12,0,7,10,2.7468,37.7572,7.0046,29.1177,2.5524,0.6803,1.1881,-1.575,27.6886,5.11,5.1282,0.2634,0,synthetic
2024-07-07T11:00:00,155,kv-01,Simtola,12.532,39.756,139.333,254.676,92.419,2.564,4.0,51.645,22.0,1280.0,9.4,78.0,4.2,90.0,18.5,0.12,0,7,11,2.7019,37.0541,6.661,28.6825,2.5338,0.6706,1.2355,-1.436,27.173,5.3142,4.8596,0.2739,0,synthetic
2024-07-07T12:00:00,156,kv-01,Simtola,11.585,37.564,146.11,265.527,92.829,2.654,4.0,54.489,22.0,1280.0,9.4,78.0,4.2,90.0,18.5,0.12,1,7,12,2.658,34.906,5.6906,27.7989,2.6237,0.6346,1.2659,-1.346,25.5977,7.3507,4.5968,0.2806,0,synthetic
2024-07-07T13:00:00,157,kv-01,Simtola,9.972,34.09,151.753,274.758,93.232,2.679,4.0,55.291,22.0,1280.0,9.4,78.0,4.2,90.0,18.5,0.12,0,7,13,2.6149,31.4751,4.2726,26.1575,2.7008,0.5747,1.2743,-1.321,23.0818,5.4811,4.3385,0.2825,0,synthetic
2024-07-07T14:00:00,158,kv-01,Simtola,8.409,29.966,156.191,281.826,93.627,2.65,4.0,54.341,22.0,1280.0,9.4,78.0,4.2,90.0,18.5,0.12,0,7,14,2.5725,27.3935,2.8018,24.0999,2.7642,0.5023,1.2645,-1.35,20.0885,5.4389,4.0853,0.2803,0,synthetic
2024-07-07T15:00:00,159,kv-01,Simtola,6.645,25.026,159.581,287.911,94.014,2.566,4.0,51.689,22.0,1280.0,9.4,78.0,4.2,90.0,18.5,0.12,1,7,15,2.5311,22.4949,1.3899,21.548,2.8155,0.4142,1.2362,-1.434,16.4963,7.1779,3.8372,0.274,0,synthetic
2024-07-07T16:00:00,160,kv-01,Simtola,4.792,19.845,161.995,291.875,94.393,2.431,4.0,47.552,22.0,1280.0,9.4,78.0,4.2,90.0,18.5,0.12,1,7,16,2.4905,17.3545,0.3945,18.8138,2.8553,0.3208,1.1901,-1.569,12.7266,6.9107,3.5942,0.2638,0,synthetic
2024-07-07T17:00:00,161,kv-01,Simtola,3.117,14.554,163.283,294.154,94.766,2.259,4.0,42.427,22.0,1280.0,9.4,78.0,4.2,90.0,18.5,0.12,0,7,17,2.4506,12.1034,0.0007,15.9663,2.8819,0.2246,1.1304,-1.741,8.8759,4.8621,3.3551,0.2506,0,synthetic
2024-07-07T18:00:00,162,kv-01,Simtola,1.599,9.508,163.561,294.842,95.13,2.058,4.0,36.721,22.0,1280.0,9.4,78.0,4.2,90.0,18.5,0.12,0,7,18,2.4116,7.0964,0.0,13.2057,2.8962,0.1322,1.059,-1.942,5.204,4.5551,3.1218,0.2348,0,synthetic
2024-07-07T19:00:00,163,kv-01,Simtola,1.315,6.031,164.123,295.479,95.488,1.872,4.0,31.719,22.0,1280.0,9.4,78.0,4.2,90.0,18.5,0.12,0,7,19,2.3732,3.6578,0.0,11.3184,2.9139,0.0684,0.9912,-2.128,2.6824,4.2633,2.8923,0.2197,0,synthetic
2024-07-07T20:00:00,164,kv-01,Simtola,0.266,3.18,164.126,295.061,95.439,1.691,4.0,27.086,22.0,1280.0,9.4,78.0,4.2,90.0,18.5,0.12,1,7,20,2.3785,0.8015,0.0,9.7479,2.9124,0.015,0.923,-2.309,0.5878,5.3597,2.9237,0.2046,0,synthetic
2024-07-07T21:00:00,165,kv-01,Simtola,0.393,1.974,163.576,295.003,95.461,1.532,4.0,23.236,22.0,1280.0,9.4,78.0,4.2,90.0,18.5,0.12,0,7,21,1.974,0.0,0.0,9.0636,2.9065,0.0,0.8612,-2.468,0.0,3.7041,2.9096,0.1909,0,synthetic
2024-07-07T22:00:00,166,kv-01,Simtola,1.046,1.704,163.622,295.554,95.812,1.398,4.0,20.168,22.0,1280.0,9.4,78.0,4.2,90.0,18.5,0.12,1,7,22,1.704,0.0,0.0,8.9202,2.9177,0.0,0.8074,-2.602,0.0,4.6881,2.6846,0.179,0,synthetic
2024-07-07T23:00:00,167,kv-01,Simtola,12.273,13.712,174.509,307.095,96.156,1.652,4.0,26.128,22.0,1280.0,9.4,78.0,4.2,90.0,18.5,0.12,0,7,23,2.3017,11.4103,0.0,16.005,3.0591,0.2149,0.9081,-2.348,8.3676,3.9058,2.4641,0.2013,0,synthetic
2024-07-08T00:00:00,168,kv-01,Simtola,4.246,17.565,176.437,310.078,96.494,1.612,4.0,25.149,22.0,1280.0,9.4,78.0,4.2,90.0,18.5,0.12,0,7,0,2.2655,15.2995,0.1399,18.2151,3.0931,0.2891,0.8926,-2.388,11.2196,3.8391,2.2474,0.1979,0,synthetic
2024-07-08T01:00:00,169,kv-01,Simtola,6.924,23.444,179.651,315.981,96.824,1.665,4.0,26.455,22.0,1280.0,9.4,78.0,4.2,90.0,18.5,0.12,0,7,1,2.2301,21.2139,1.029,21.606,3.1426,0.4022,0.9131,-2.335,15.5568,3.9275,2.0359,0.2024,0,synthetic
2024-07-08T02:00:00,170,kv-01,Simtola,9.036,20.206,183.578,324.245,97.149,1.783,4.0,29.415,22.0,1280.0,9.4,78.0,4.2,90.0,18.5,0.12,0,7,2,2.1953,18.0107,0.4457,20.024,3.2008,0.3427,0.958,-2.217,13.2078,4.1205,1.8276,0.2124,0,synthetic
2024-07-08T03:00:00,171,kv-01,Simtola,11.331,27.291,188.254,334.734,97.467,1.964,4.0,34.172,22.0,1280.0,9.4,78.0,4.2,90.0,18.5,0.12,1,7,3,2.1613,25.1297,1.9861,24.1617,3.2682,0.4797,1.025,-2.036,18.4285,5.952,1.6237,0.2272,0,synthetic
2024-07-08T04:00:00,172,kv-01,Simtola,14.206,34.573,193.827,347.878,97.779,2.22,4.0,41.31,22.0,1280.0,9.4,78.0,4.2,90.0,18.5,0.12,0,7,4,2.1279,32.4451,4.4604,28.4579,3.3468,0.6213,1.1168,-1.78,23.7931,4.8033,1.4237,0.2476,0,synthetic
2024-07-08T05:00:00,173,kv-01,Simtola,15.993,41.53,199.787,362.732,98.084,2.505,4.0,49.798,22.0,1280.0,9.4,78.0,4.2,90.0,18.5,0.12,1,7,5,2.0952,39.4348,7.486,32.6006,3.4303,0.7575,1.2154,-1.495,28.9189,7.0575,1.2282,0.2694,0,synthetic
2024-07-08T06:00:00,174,kv-01,Simtola,17.882,48.081,206.394,379.342,98.384,2.816,4.0,59.723,22.0,1280.0,9.4,78.0,4.2,90.0,18.5,0.12,0,7,6,2.0631,46.0179,10.8095,36.5552,3.5221,0.8866,1.3199,-1.184,33.7465,5.6773,1.0359,0.2926,0,synthetic
2024-07-08T07:00:00,175,kv-01,Simtola,19.038,52.912,213.104,382.967,98.678,3.125,4.0,70.186,22.0,1280.0,9.4,78.0,4.2,90.0,18.5,0.12,0,7,7,2.0316,50.8804,13.5061,39.4865,3.6154,0.9832,1.421,-0.875,37.3123,6.1121,0.8474,0.315,0,synthetic
2024-07-08T08:00:00,176,kv-01,Simtola,19.654,56.573,219.476,401.351,98.966,3.412,4.0,80.431,22.0,1280.0,9.4,78.0,4.2,90.0,18.5,0.12,1,7,8,2.0007,54.5723,15.6703,41.8539,3.7047,1.0577,1.513,-0.588,40.0197,8.7851,0.6628,0.3354,0,synthetic
2024-07-08T09:00:00,177,kv-01,Simtola,19.979,58.67,225.678,419.902,99.248,3.669,4.0,90.009,22.0,1280.0,9.4,78.0,4.2,90.0,18.5,0.12,0,7,9,1.9705,56.6995,16.9525,43.3558,3.7922,1.102,1.5939,-0.331,41.5796,6.8556,0.4821,0.3533,0,synthetic
2024-07-08T10:00:00,178,kv-01,Simtola,19.043,58.676,231.275,437.166,99.5,3.857,4.0,97.247,22.0,1280.0,9.4,78.0,4.2,90.0,18.5,0.12,0,7,10,1.9436,56.7325,16.9562,43.6769,3.8715,1.1055,1.6524,-0.143,41.6038,7.1071,0.3205,0.3663,0,synthetic
2024-07-08T11:00:00,179,kv-01,Simtola,17.524,56.546,236.267,453.078,99.5,3.966,4.0,101.526,22.0,1280.0,9.4,78.0,4.2,90.0,18.5,0.12,1,7,11,1.9436,54.6024,15.654,42.7921,3.9336,1.064,1.686,-0.034,40.0418,9.79,0.3205,0.3738,0,synthetic
2024-07-08T12:00:00,180,kv-01,Simtola,15.459,52.026,240.141,467.151,99.5,3.989,4.0,102.442,22.0,1280.0,9.4,78.0,4.2,90.0,18.5,0.12,0,7,12,1.9436,50.0825,12.9974,40.5393,3.9818,0.9759,1.6931,-0.011,36.7271,7.2823,0.3205,0.3753,0,synthetic
2024-07-08T13:00:00,181,kv-01,Simtola,13.267,46.251,243.436,478.815,99.5,3.935,4.0,100.325,22.0,1280.0,9.4,78.0,4.2,90.0,18.5,0.12,0,7,13,1.9436,44.3074,9.84,37.5595,4.0227,0.8633,1.6765,-0.065,32.4921,7.2109,0.3205,0.3717,0,synthetic
2024-07-08T14:00:00,182,kv-01,Simtola,10.75,39.476,245.777,488.365,99.5,3.807,4.0,95.288,22.0,1280.0,9.4,78.0,4.2,90.0,18.5,0.12,0,7,14,1.9436,37.5324,6.5339,33.9807,4.0519,0.7313,1.6369,-0.193,27.5238,7.0404,0.3205,0.3629,0,synthetic
2024-07-08T15:00:00,183,kv-01,Simtola,8.486,32.504,247.618,495.646,99.5,3.623,4.0,88.25,22.0,1280.0,9.4,78.0,4.2,90.0,18.5,0.12,1,7,15,1.9436,30.5604,3.6781,30.2607,4.0747,0.5955,1.5795,-0.377,22.411,9.1713,0.3205,0.3501,0,synthetic
2024-07-08T16:00:00,184,kv-01,Simtola,5.6,24.837,248.427,500.297,99.5,3.371,4.0,78.93,22.0,1280.0,9.4,78.0,4.2,90.0,18.5,0.12,0,7,16,1.9436,22.8935,1.3443,26.1032,4.0848,0.4461,1.4999,-0.629,16.7885,6.4514,0.3205,0.3325,0,synthetic
2024-07-08T17:00:00,185,kv-01,Simtola,3.359,17.445,248.669,502.739,99.5,3.082,4.0,68.697,22.0,1280.0,9.4,78.0,4.2,90.0,18.5,0.12,0,7,17,1.9436,15.5015,0.1299,22.062,4.0878,0.3021,1.4071,-0.918,11.3677,6.0523,0.3205,0.3119,0,synthetic
2024-07-08T18:00:00,186,kv-01,Simtola,1.864,10.823,248.934,503.609,99.5,2.785,4.0,58.705,22.0,1280.0,9.4,78.0,4.2,90.0,18.5,0.12,1,7,18,1.9436,8.8795,0.0,18.4352,4.0911,0.173,1.3097,-1.215,6.5116,7.6046,0.3205,0.2903,0,synthetic
2024-07-08T19:00:00,187,kv-01,Simtola,0.965,6.187,248.583,504.139,99.5,2.499,4.0,49.619,22.0,1280.0,9.4,78.0,4.2,90.0,18.5,0.12,1,7,19,1.9436,4.2435,0.0,15.8756,4.0868,0.0827,1.2134,-1.501,3.1119,7.0457,0.3205,0.269,0,synthetic
2024-07-08T20:00:00,188,kv-01,Simtola,0.32,3.148,248.637,503.718,99.476,2.241,4.0,41.918,22.0,1280.0,9.4,78.0,4.2,90.0,18.5,0.12,1,7,20,1.9461,1.2019,0.0,14.2035,4.0864,0.0234,1.1241,-1.759,0.8814,6.5274,0.3359,0.2492,0,synthetic
2024-07-08T21:00:00,189,kv-01,Simtola,0.388,1.672,248.632,503.394,99.49,2.017,4.0,35.594,22.0,1280.0,9.4,78.0,4.2,90.0,18.5,0.12,1,7,21,1.672,0.0,0.0,13.3895,4.0869,0.0,1.0442,-1.983,0.0,6.0634,0.3269,0.2315,0,synthetic
2024-07-08T22:00:00,190,kv-01,Simtola,1.219,1.926,248.805,492.365,99.5,1.836,4.0,30.781,22.0,1280.0,9.4,78.0,4.2,90.0,18.5,0.12,0,7,22,1.926,0.0,0.0,13.4668,4.0895,0.0,0.9778,-2.164,0.0,4.2058,0.3205,0.2168,0,synthetic
2024-07-08T23:00:00,191,kv-01,Simtola,2.344,3.951,238.876,493.861,99.5,1.714,4.0,27.674,22.0,1280.0,9.4,78.0,4.2,90.0,18.5,0.12,0,7,23,1.9436,2.0074,0.0,14.2175,3.966,0.0391,0.9319,-2.286,1.4721,4.0082,0.3205,0.2066,0,synthetic
2024-07-09T00:00:00,192,kv-01,Simtola,4.057,7.62,238.686,496.746,99.5,1.664,4.0,26.41,22.0,1280.0,9.4,78.0,4.2,90.0,18.5,0.12,0,7,0,1.9436,5.6764,0.0,16.2464,3.9637,0.1106,0.9126,-2.336,4.1627,3.9254,0.3205,0.2023,0,synthetic
2024-07-09T01:00:00,193,kv-01,Simtola,6.268,12.669,238.03,501.384,99.5,1.692,4.0,27.109,22.0,1280.0,9.4,78.0,4.2,90.0,18.5,0.12,1,7,1,1.9436,10.7255,0.0,19.0277,3.9555,0.209,0.9234,-2.308,7.8653,5.3619,0.3205,0.2047,0,synthetic
2024-07-09T02:00:00,194,kv-01,Simtola,8.181,18.506,237.176,507.468,99.5,1.78,4.0,29.343,22.0,1280.0,9.4,78.0,4.2,90.0,18.5,0.12,0,7,2,1.9436,16.5624,0.2302,22.2441,3.9449,0.3227,0.9569,-2.22,12.1458,4.1157,0.3205,0.2121,0,synthetic
2024-07-09T03:00:00,195,kv-01,Simtola,10.511,24.96,236.355,515.418,99.5,1.936,4.0,33.422,22.0,1280.0,9.4,78.0,4.2,90.0,18.5,0.12,1,7,3,1.9436,23.0164,1.3739,25.8127,3.9347,0.4485,1.0148,-2.064,16.8787,5.8925,0.3205,0.225,0,synthetic
2024-07-09T04:00:00,196,kv-01,Simtola,12.512,31.204,234.66,524.724,99.5,2.141,4.0,39.044,22.0,1280.0,9.4,78.0,4.2,90.0,18.5,0.12,0,7,4,1.9436,29.2604,3.2174,29.2415,3.9136,0.5702,1.0887,-1.859,21.4577,4.6829,0.3205,0.2414,0,synthetic
2024-07-09T05:00:00,197,kv-01,Simtola,14.185,37.207,232.852,535.249,99.5,2.376,4.0,45.898,22.0,1280.0,9.4,78.0,4.2,90.0,18.5,0.12,0,7,5,1.9436,35.2634,5.5379,32.5411,3.8911,0.6871,1.1712,-1.624,25.8599,5.0375,0.3205,0.2596,0,synthetic
2024-07-09T06:00:00,198,kv-01,Simtola,15.299,41.996,230.27,546.477,99.5,2.619,4.0,53.383,22.0,1280.0,9.4,78.0,4.2,90.0,18.5,0.12,0,7,6,1.9436,40.0525,7.7083,35.1484,3.859,0.7804,1.2542,-1.381,29.3718,5.3943,0.3205,0.278,0,synthetic
2024-07-09T07:00:00,199,kv-01,Simtola,15.774,45.258,227.006,557.662,99.5,2.847,4.0,60.746,22.0,1280.0,9.4,78.0,4.2,90.0,18.5,0.12,0,7,7,1.9436,43.3145,9.3267,36.89,3.8184,0.844,1.3302,-1.153,31.7639,5.7214,0.3205,0.2949,0,synthetic
2024-07-09T08:00:00,200,kv-01,Simtola,15.869,46.942,223.221,568.614,99.5,3.048,4.0,67.503,22.0,1280.0,9.4,78.0,4.2,90.0,18.5,0.12,1,7,8,1.9436,44.9984,10.2025,37.7427,3.7713,0.8768,1.396,-0.952,32.9989,8.1062,0.3205,0.3095,0,synthetic
2024-07-09T09:00:00,201,kv-01,Simtola,15.582,47.225,218.824,578.822,99.5,3.211,4.0,73.196,22.0,1280.0,9.4,78.0,4.2,90.0,18.5,0.12,1,7,9,1.9436,45.2814,10.3522,37.7973,3.7166,0.8823,1.4488,-0.789,33.2064,8.4123,0.3205,0.3212,0,synthetic
2024-07-09T10:00:00,202,kv-01,Simtola,14.472,45.923,214.253,587.48,99.5,3.315,4.0,76.883,22.0,1280.0,9.4,78.0,4.2,90.0,18.5,0.12,1,7,10,1.9436,43.9794,9.6694,36.9639,3.6598,0.857,1.482,-0.685,32.2516,8.6055,0.3205,0.3285,0,synthetic
2024-07-09T11:00:00,203,kv-01,Simtola,13.143,43.196,209.871,585.472,99.5,3.359,4.0,78.487,22.0,1280.0,9.4,78.0,4.2,90.0,18.5,0.12,0,7,11,1.9436,41.2524,8.2913,35.2872,3.6053,0.8038,1.4961,-0.641,30.2518,6.4349,0.3205,0.3317,0,synthetic
2024-07-09T12:00:00,204,kv-01,Simtola,11.201,38.815,205.613,591.863,99.5,3.332,4.0,77.528,22.0,1280.0,9.4,78.0,4.2,90.0,18.5,0.12,0,7,12,1.9436,36.8714,6.2376,32.7579,3.5523,0.7185,1.4875,-0.668,27.0391,6.3981,0.3205,0.3298,0,synthetic
2024-07-09T13:00:00,205,kv-01,Simtola,9.23,33.573,201.575,596.764,99.5,3.244,4.0,74.372,22.0,1280.0,9.4,78.0,4.2,90.0,18.5,0.12,1,7,13,1.9436,31.6294,4.075,29.754,3.5021,0.6163,1.4594,-0.756,23.1949,8.4739,0.3205,0.3235,0,synthetic
2024-07-09T14:00:00,206,kv-01,Simtola,7.458,27.888,198.283,600.251,99.5,3.11,4.0,69.654,22.0,1280.0,9.4,78.0,4.2,90.0,18.5,0.12,0,7,14,1.9436,25.9445,2.1581,26.5256,3.4611,0.5055,1.4162,-0.89,19.0259,6.0912,0.3205,0.3139,0,synthetic
2024-07-09T15:00:00,207,kv-01,Simtola,5.472,22.16,195.269,602.469,99.5,2.929,4.0,63.464,22.0,1280.0,9.4,78.0,4.2,90.0,18.5,0.12,0,7,15,1.9436,20.2165,0.7718,23.276,3.4237,0.3939,1.3572,-1.071,14.8254,5.8374,0.3205,0.3009,0,synthetic
2024-07-09T16:00:00,208,kv-01,Simtola,3.837,16.767,193.506,603.928,99.5,2.718,4.0,56.538,22.0,1280.0,9.4,78.0,4.2,90.0,18.5,0.12,0,7,16,1.9436,14.8234,0.0803,20.2529,3.4017,0.2888,1.2874,-1.282,10.8705,5.5372,0.3205,0.2854,0,synthetic
2024-07-09T17:00:00,209,kv-01,Simtola,2.244,11.553,192.391,604.342,99.5,2.483,4.0,49.148,22.0,1280.0,9.4,78.0,4.2,90.0,18.5,0.12,0,7,17,1.9436,9.6095,0.0,17.3459,3.3879,0.1872,1.208,-1.517,7.0469,5.1958,0.3205,0.2678,0,synthetic
2024-07-09T18:00:00,210,kv-01,Simtola,1.15,7.231,191.677,604.172,99.5,2.243,4.0,41.969,22.0,1280.0,9.4,78.0,4.2,90.0,18.5,0.12,1,7,18,1.9436,5.2874,0.0,14.941,3.379,0.103,1.1248,-1.757,3.8775,6.5314,0.3205,0.2494,0,synthetic
2024-07-09T19:00:00,211,kv-01,Simtola,0.302,3.695,191.014,603.72,99.466,2.017,4.0,35.613,22.0,1280.0,9.4,78.0,4.2,90.0,18.5,0.12,0,7,19,1.9472,1.7478,0.0,12.9685,3.3696,0.034,1.0443,-1.983,1.2817,4.4917,0.3423,0.2315,0,synthetic
2024-07-09T20:00:00,212,kv-01,Simtola,0.09,1.542,190.785,603.547,99.317,1.817,4.0,30.287,22.0,1280.0,9.4,78.0,4.2,90.0,18.5,0.12,0,7,20,1.542,0.0,0.0,11.7747,3.3617,0.0,0.9707,-2.183,0.0,4.1753,0.4378,0.2152,0,synthetic
2024-07-09T21:00:00,213,kv-01,Simtola,0.442,0.834,190.839,603.047,99.361,1.644,4.0,25.932,22.0,1280.0,9.4,78.0,4.2,90.0,18.5,0.12,0,7,21,0.834,0.0,0.0,11.3842,3.3639,0.0,0.905,-2.356,0.0,3.8925,0.4096,0.2006,0,synthetic
2024-07-09T22:00:00,214,kv-01,Simtola,0.64,1.172,190.261,602.688,99.5,1.493,4.0,22.324,22.0,1280.0,9.4,78.0,4.2,90.0,18.5,0.12,0,7,22,1.172,0.0,0.0,11.5462,3.3614,0.0,0.8457,-2.507,0.0,3.6374,0.3205,0.1875,0,synthetic
2024-07-09T23:00:00,215,kv-01,Simtola,1.463,2.546,189.38,602.764,99.5,1.38,4.0,19.772,22.0,1280.0,9.4,78.0,4.2,90.0,18.5,0.12,1,7,23,1.9436,0.6024,0.0,12.2693,3.3504,0.0117,0.8,-2.62,0.4418,4.6455,0.3205,0.1774,0,synthetic
2024-07-10T00:00:00,216,kv-01,Simtola,2.715,4.819,188.038,603.161,99.5,1.321,4.0,18.484,22.0,1280.0,9.4,78.0,4.2,90.0,18.5,0.12,0,7,0,1.9436,2.8754,0.0,13.4716,3.3337,0.056,0.7757,-2.679,2.1087,3.3364,0.3205,0.172,0,synthetic
2024-07-10T01:00:00,217,kv-01,Simtola,3.179,7.357,184.949,602.63,99.5,1.284,4.0,17.688,22.0,1280.0,9.4,78.0,4.2,90.0,18.5,0.12,0,7,1,1.9436,5.4135,0.0,14.7484,3.2953,0.1055,0.7602,-2.716,3.9699,3.2697,0.3205,0.1685,0,synthetic
2024-07-10T02:00:00,218,kv-01,Simtola,4.466,10.36,181.233,601.987,99.5,1.294,4.0,17.894,22.0,1280.0,9.4,78.0,4.2,90.0,18.5,0.12,0,7,2,1.9436,8.4164,0.0,16.2567,3.2491,0.164,0.7643,-2.706,6.1721,3.2875,0.3205,0.1694,0,synthetic
2024-07-10T03:00:00,219,kv-01,Simtola,5.091,12.736,175.814,600.423,99.5,1.323,4.0,18.528,22.0,1280.0,9.4,78.0,4.2,90.0,18.5,0.12,0,7,3,1.9436,10.7925,0.0,17.3505,3.1817,0.2103,0.7765,-2.677,7.9145,3.34,0.3205,0.1721,0,synthetic
2024-07-10T04:00:00,220,kv-01,Simtola,5.953,15.51,169.255,597.742,99.5,1.378,4.0,19.733,22.0,1280.0,9.4,78.0,4.2,90.0,18.5,0.12,1,7,4,1.9436,13.5664,0.0192,18.6135,3.1001,0.2643,0.7993,-2.622,9.9487,4.641,0.3205,0.1772,0,synthetic
2024-07-10T05:00:00,221,kv-01,Simtola,6.573,17.617,161.643,594.282,99.5,1.448,4.0,21.301,22.0,1280.0,9.4,78.0,4.2,90.0,18.5,0.12,1,7,5,1.9436,15.6735,0.1444,19.4652,3.0054,0.3054,0.8277,-2.552,11.4939,4.8061,0.3205,0.1835,0,synthetic
2024-07-10T06:00:00,222,kv-01,Simtola,6.975,19.501,153.319,589.983,99.5,1.524,4.0,23.048,22.0,1280.0,9.4,78.0,4.2,90.0,18.5,0.12,0,7,6,1.9436,17.5575,0.3483,20.1624,2.9019,0.3421,0.858,-2.476,12.8755,3.6904,0.3205,0.1902,0,synthetic
2024-07-10T07:00:00,223,kv-01,Simtola,7.581,21.129,145.126,585.236,99.5,1.611,4.0,25.131,22.0,1280.0,9.4,78.0,4.2,90.0,18.5,0.12,1,7,7,1.9436,19.1855,0.5896,20.7209,2.8,0.3738,0.8922,-2.389,14.0693,5.1807,0.3205,0.1978,0,synthetic
2024-07-10T08:00:00,224,kv-01,Simtola,6.895,21.45,136.152,578.85,99.5,1.666,4.0,26.472,22.0,1280.0,9.4,78.0,4.2,90.0,18.5,0.12,0,7,8,1.9436,19.5065,0.644,20.521,2.6884,0.3801,0.9135,-2.334,14.3047,3.929,0.3205,0.2025,0,synthetic
2024-07-10T09:00:00,225,kv-01,Simtola,6.784,21.26,127.354,571.856,99.5,1.711,4.0,27.592,22.0,1280.0,9.4,78.0,4.2,90.0,18.5,0.12,0,7,9,1.9436,19.3165,0.6115,20.0429,2.579,0.3764,0.9307,-2.289,14.1654,4.0032,0.3205,0.2063,0,synthetic
2024-07-10T10:00:00,226,kv-01,Simtola,6.036,19.714,118.918,564.446,99.5,1.726,4.0,27.973,22.0,1280.0,9.4,78.0,4.2,90.0,18.5,0.12,0,7,10,1.9436,17.7704,0.3766,18.8299,2.474,0.3463,0.9365,-2.274,13.0317,4.0278,0.3205,0.2076,0,synthetic
2024-07-10T11:00:00,227,kv-01,Simtola,20.991,33.81,126.766,572.904,99.5,2.237,4.0,41.791,22.0,1280.0,9.4,78.0,4.2,90.0,18.5,0.12,1,7,11,1.9436,31.8665,4.1652,26.9299,2.5717,0.6209,1.1227,-1.763,23.3687,6.519,0.3205,0.2489,0,synthetic
2024-07-10T12:00:00,228,kv-01,Simtola,4.459,31.486,120.025,565.779,99.5,2.137,4.0,38.945,22.0,1280.0,9.4,78.0,4.2,90.0,18.5,0.12,0,7,12,1.9436,29.5425,3.3152,25.3544,2.4878,0.5756,1.0874,-1.863,21.6645,4.677,0.3205,0.2411,0,synthetic
2024-07-10T13:00:00,229,kv-01,Simtola,3.575,29.025,114.37,559.382,99.5,2.021,4.0,35.7,22.0,1280.0,9.4,78.0,4.2,90.0,18.5,0.12,1,7,13,1.9436,27.0814,2.5018,23.7488,2.4175,0.5277,1.0457,-1.979,19.8597,6.0717,0.3205,0.2318,0,synthetic
2024-07-10T14:00:00,230,kv-01,Simtola,2.908,10.943,109.821,553.881,99.5,1.896,4.0,32.342,22.0,1280.0,9.4,78.0,4.2,90.0,18.5,0.12,0,7,14,1.9436,8.9994,0.0,13.5987,2.3609,0.1754,1.0,-2.104,6.5996,4.3013,0.3205,0.2217,0,synthetic
2024-07-10T15:00:00,231,kv-01,Simtola,1.929,8.413,106.278,549.165,99.5,1.753,4.0,28.652,22.0,1280.0,9.4,78.0,4.2,90.0,18.5,0.12,0,7,15,1.9436,6.4695,0.0,12.0449,2.3168,0.1261,0.9467,-2.247,4.7443,4.0718,0.3205,0.2099,0,synthetic
2024-07-10T16:00:00,232,kv-01,Simtola,1.667,6.505,104.108,546.041,99.5,1.619,4.0,25.312,22.0,1280.0,9.4,78.0,4.2,90.0,18.5,0.12,0,7,16,1.9436,4.5614,0.0,10.8946,2.2898,0.0889,0.8953,-2.381,3.3451,3.8506,0.3205,0.1985,0,synthetic
2024-07-10T17:00:00,233,kv-01,Simtola,0.716,4.313,102.58,543.64,99.5,1.471,4.0,21.819,22.0,1280.0,9.4,78.0,4.2,90.0,18.5,0.12,0,7,17,1.9436,2.3694,0.0,9.6166,2.2708,0.0462,0.8369,-2.529,1.7376,3.5996,0.3205,0.1855,0,synthetic
2024-07-10T18:00:00,234,kv-01,Simtola,0.421,2.804,101.851,542.462,99.5,1.336,4.0,18.804,22.0,1280.0,9.4,78.0,4.2,90.0,18.5,0.12,0,7,18,1.9436,0.8604,0.0,8.752,2.2618,0.0168,0.7819,-2.664,0.631,3.363,0.3205,0.1733,0,synthetic
2024-07-10T19:00:00,235,kv-01,Simtola,0.237,1.374,101.786,541.383,99.431,1.214,4.0,16.211,22.0,1280.0,9.4,78.0,4.2,90.0,18.5,0.12,0,7,19,1.374,0.0,0.0,7.9563,2.2594,0.0,0.7303,-2.786,0.0,3.1413,0.3647,0.1619,0,synthetic
2024-07-10T20:00:00,236,kv-01,Simtola,0.007,0.664,101.703,541.124,99.235,1.103,4.0,13.964,22.0,1280.0,9.4,78.0,4.2,90.0,18.5,0.12,1,7,20,0.664,0.0,0.0,7.5611,2.2539,0.0,0.6816,-2.897,0.0,3.9577,0.4904,0.1511,0,synthetic
2024-07-10T21:00:00,237,kv-01,Simtola,0.213,0.457,101.474,540.945,99.153,1.005,4.0,12.089,22.0,1280.0,9.4,78.0,4.2,90.0,18.5,0.12,0,7,21,0.457,0.0,0.0,7.4375,2.2492,0.0,0.637,-2.995,0.0,2.7399,0.5429,0.1412,0,synthetic
2024-07-10T22:00:00,238,kv-01,Simtola,0.432,0.652,101.266,540.331,99.192,0.919,4.0,10.525,22.0,1280.0,9.4,78.0,4.2,90.0,18.5,0.12,0,7,22,0.652,0.0,0.0,7.5331,2.2475,0.0,0.5964,-3.081,0.0,2.5653,0.5179,0.1322,0,synthetic
2024-07-10T23:00:00,239,kv-01,Simtola,0.48,1.125,100.282,528.537,99.257,0.842,4.0,9.191,22.0,1280.0,9.4,78.0,4.2,90.0,18.5,0.12,0,7,23,1.125,0.0,0.0,7.6827,2.2368,0.0,0.5587,-3.158,0.0,2.4032,0.4763,0.1239,0,synthetic
2024-07-11T00:00:00,240,kv-01,Simtola,0.795,1.706,98.362,525.086,99.495,0.776,4.0,8.093,22.0,1280.0,9.4,78.0,4.2,90.0,18.5,0.12,1,7,0,1.706,0.0,0.0,7.9087,2.2183,0.0,0.5251,-3.224,0.0,3.0492,0.3237,0.1164,0,synthetic
2024-07-11T01:00:00,241,kv-01,Simtola,0.992,2.266,96.175,519.154,99.5,0.721,4.0,7.223,22.0,1280.0,9.4,78.0,4.2,90.0,18.5,0.12,0,7,1,1.9436,0.3224,0.0,8.0976,2.1912,0.0063,0.4963,-3.279,0.2365,2.1346,0.3205,0.11,0,synthetic
2024-07-11T02:00:00,242,kv-01,Simtola,1.124,2.911,92.833,511.242,99.5,0.675,4.0,6.532,22.0,1280.0,9.4,78.0,4.2,90.0,18.5,0.12,0,7,2,1.9436,0.9674,0.0,8.2775,2.1496,0.0189,0.4716,-3.325,0.7095,2.0285,0.3205,0.1046,0,synthetic
2024-07-11T03:00:00,243,kv-01,Simtola,1.499,3.615,89.241,501.41,99.5,0.647,4.0,6.109,22.0,1280.0,9.4,78.0,4.2,90.0,18.5,0.12,1,7,3,1.9436,1.6715,0.0,8.4686,2.1049,0.0326,0.456,-3.353,1.2257,2.6475,0.3205,0.1011,0,synthetic
2024-07-11T04:00:00,244,kv-01,Simtola,1.541,4.164,84.829,488.745,99.5,0.622,4.0,5.754,22.0,1280.0,9.4,78.0,4.2,90.0,18.5,0.12,0,7,4,1.9436,2.2204,0.0,8.5259,2.0501,0.0433,0.442,-3.378,1.6283,1.9012,0.3205,0.098,0,synthetic
2024-07-11T05:00:00,245,kv-01,Simtola,1.953,4.994,80.209,474.705,99.5,0.614,4.0,5.631,22.0,1280.0,9.4,78.0,4.2,90.0,18.5,0.12,0,7,5,1.9436,3.0504,0.0,8.7214,1.9926,0.0594,0.4373,-3.386,2.237,1.8807,0.3205,0.0969,0,synthetic
2024-07-11T06:00:00,246,kv-01,Simtola,1.91,5.404,75.145,458.733,99.5,0.605,4.0,5.501,22.0,1280.0,9.4,78.0,4.2,90.0,18.5,0.12,1,7,6,1.9436,3.4604,0.0,8.6572,1.9296,0.0674,0.432,-3.395,2.5377,2.5087,0.3205,0.0958,0,synthetic
2024-07-11T07:00:00,247,kv-01,Simtola,2.05,5.913,69.613,441.746,99.5,0.601,4.0,5.448,22.0,1280.0,9.4,78.0,4.2,90.0,18.5,0.12,1,7,7,1.9436,3.9695,0.0,8.6235,1.8608,0.0773,0.4298,-3.399,2.9109,2.4958,0.3205,0.0953,0,synthetic
2024-07-11T08:00:00,248,kv-01,Simtola,1.873,5.833,64.592,423.965,99.5,0.592,4.0,5.319,22.0,1280.0,9.4,78.0,4.2,90.0,18.5,0.12,0,7,8,1.9436,3.8895,0.0,8.2801,1.7984,0.0758,0.4245,-3.408,2.8523,1.826,0.3205,0.0941,0,synthetic
2024-07-11T09:00:00,249,kv-01,Simtola,1.727,5.65,59.535,405.714,99.5,0.578,4.0,5.135,22.0,1280.0,9.4,78.0,4.2,90.0,18.5,0.12,0,7,9,1.9436,3.7065,0.0,7.8758,1.7355,0.0722,0.4166,-3.422,2.7181,1.7919,0.3205,0.0924,0,synthetic
2024-07-11T10:00:00,250,kv-01,Simtola,1.726,5.326,55.225,388.396,99.5,0.566,4.0,4.97,22.0,1280.0,9.4,78.0,4.2,90.0,18.5,0.12,1,7,10,1.9436,3.3824,0.0,7.4277,1.6819,0.0659,0.4095,-3.434,2.4805,2.3779,0.3205,0.0908,0,synthetic
2024-07-11T11:00:00,251,kv-01,Simtola,1.427,4.88,35.661,372.299,99.5,0.545,4.0,4.688,22.0,1280.0,9.4,78.0,4.2,90.0,18.5,0.12,0,7,11,1.9436,2.9364,0.0,6.3482,1.4385,0.0572,0.397,-3.455,2.1534,1.7076,0.3205,0.088,0,synthetic
2024-07-11T12:00:00,252,kv-01,Simtola,1.045,4.197,32.247,357.885,99.5,0.514,4.0,4.272,22.0,1280.0,9.4,78.0,4.2,90.0,18.5,0.1528,0,7,12,1.9436,2.2534,0.0,5.7544,1.3961,0.0439,0.3779,-3.486,1.6525,1.6252,0.3205,0.0838,0,synthetic
2024-07-11T13:00:00,253,kv-01,Simtola,0.809,3.28,29.48,345.426,99.5,0.478,4.0,3.822,22.0,1280.0,9.4,78.0,4.2,90.0,18.5,0.186,0,7,13,1.9436,1.3364,0.0,5.0684,1.3617,0.026,0.3555,-3.522,0.9801,1.529,0.3205,0.0788,0,synthetic
2024-07-11T14:00:00,254,kv-01,Simtola,0.75,2.604,27.322,335.426,99.5,0.445,4.0,3.422,22.0,1280.0,9.4,78.0,4.2,90.0,18.5,0.2119,0,7,14,1.9436,0.6604,0.0,4.5532,1.3348,0.0129,0.3342,-3.555,0.4843,1.4376,0.3205,0.0741,0,synthetic
2024-07-11T15:00:00,255,kv-01,Simtola,0.674,2.233,26.067,327.614,99.5,0.414,4.0,3.062,22.0,1280.0,9.4,78.0,4.2,90.0,18.5,0.2269,1,7,15,1.9436,0.2894,0.0,4.2532,1.3192,0.0056,0.3138,-3.586,0.2123,1.8218,0.3205,0.0696,0,synthetic
2024-07-11T16:00:00,256,kv-01,Simtola,1.06,2.484,25.46,323.073,99.5,0.395,4.0,2.841,22.0,1280.0,9.4,78.0,4.2,90.0,18.5,0.2342,0,7,16,1.9436,0.5404,0.0,4.3402,1.3117,0.0105,0.3006,-3.605,0.3963,1.293,0.3205,0.0666,0,synthetic
2024-07-11T17:00:00,257,kv-01,Simtola,0.473,2.206,25.216,320.187,99.5,0.366,4.0,2.531,22.0,1280.0,9.4,78.0,4.2,90.0,18.5,0.2372,0,7,17,1.9436,0.2624,0.0,4.1601,1.3086,0.0051,0.2807,-3.634,0.1925,1.2075,0.3205,0.0622,0,synthetic
2024-07-11T18:00:00,258,kv-01,Simtola,0.263,1.796,25.059,318.587,99.446,0.338,4.0,2.238,22.0,1280.0,9.4,78.0,4.2,90.0,18.5,0.2392,0,7,18,1.796,0.0,0.0,3.9187,1.306,0.0,0.2607,-3.662,0.0,1.1215,0.3551,0.0578,0,synthetic
2024-07-11T19:00:00,259,kv-01,Simtola,0.2,0.937,25.022,317.823,99.356,0.312,4.0,1.975,22.0,1280.0,9.4,78.0,4.2,90.0,18.5,0.24,1,7,19,0.937,0.0,0.0,3.4401,1.3043,0.0,0.2415,-3.688,0.0,1.4025,0.4128,0.0535,0,synthetic
2024-07-11T20:00:00,260,kv-01,Simtola,0.452,0.916,25.468,317.956,99.406,0.291,4.0,1.769,22.0,1280.0,9.4,78.0,4.2,90.0,18.5,0.2345,0,7,20,0.916,0.0,0.0,3.4461,1.3105,0.0,0.2255,-3.709,0.0,0.97,0.3808,0.05,0,synthetic
2024-07-11T21:00:00,261,kv-01,Simtola,0.189,0.842,25.444,317.757,99.311,0.269,4.0,1.564,22.0,1280.0,9.4,78.0,4.2,90.0,18.5,0.2351,0,7,21,0.842,0.0,0.0,3.4032,1.309,0.0,0.2085,-3.731,0.0,0.8967,0.4417,0.0462,0,synthetic
2024-07-11T22:00:00,262,kv-01,Simtola,0.288,0.93,25.3,316.827,99.27,0.25,4.0,1.4,22.0,1280.0,9.4,78.0,4.2,90.0,18.5,0.2369,1,7,22,0.93,0.0,0.0,3.4404,1.3066,0.0,0.1938,-3.75,0.0,1.1254,0.4679,0.043,0,synthetic
2024-07-11T23:00:00,263,kv-01,Simtola,0.117,0.594,24.937,314.599,99.135,0.25,4.0,1.4,22.0,1280.0,9.4,78.0,4.2,90.0,18.5,0.2418,1,7,23,0.594,0.0,0.0,3.2281,1.3004,0.0,0.1938,-3.75,0.0,1.1254,0.5545,0.043,0,synthetic
2024-07-12T00:00:00,264,kv-01,Simtola,0.536,0.941,24.679,311.078,99.231,0.25,4.0,1.4,22.0,1280.0,9.4,78.0,4.2,90.0,18.5,0.2445,0,7,0,0.941,0.0,0.0,3.3872,1.2984,0.0,0.1938,-3.75,0.0,0.8337,0.4929,0.043,0,synthetic
2024-07-12T01:00:00,265,kv-01,Simtola,0.435,1.087,24.121,305.245,99.271,0.25,4.0,1.4,22.0,1280.0,9.4,78.0,4.2,90.0,18.5,0.2511,0,7,1,1.087,0.0,0.0,3.4102,1.292,0.0,0.1938,-3.75,0.0,0.8337,0.4673,0.043,0,synthetic
2024-07-12T02:00:00,266,kv-01,Simtola,0.47,1.44,23.467,297.533,99.33,0.25,4.0,1.4,22.0,1280.0,9.4,78.0,4.2,90.0,18.5,0.2587,0,7,2,1.44,0.0,0.0,3.5316,1.2847,0.0,0.1938,-3.75,0.0,0.8337,0.4295,0.043,0,synthetic
2024-07-12T03:00:00,267,kv-01,Simtola,0.728,1.633,22.696,287.751,99.5,0.25,4.0,1.4,22.0,1280.0,9.4,78.0,4.2,90.0,18.5,0.2674,0,7,3,1.633,0.0,0.0,3.5477,1.2773,0.0,0.1938,-3.75,0.0,0.8337,0.3205,0.043,0,synthetic
2024-07-12T04:00:00,268,kv-01,Simtola,0.804,2.002,21.959,276.043,99.5,0.25,4.0,1.4,22.0,1280.0,9.4,78.0,4.2,90.0,18.5,0.2762,1,7,4,1.9436,0.0584,0.0,3.6498,1.2681,0.0011,0.1938,-3.75,0.0429,1.1254,0.3205,0.043,0,synthetic
2024-07-12T05:00:00,269,kv-01,Simtola,0.684,2.216,20.69,262.543,99.5,0.25,4.0,1.4,22.0,1280.0,9.4,78.0,4.2,90.0,18.5,0.2915,0,7,5,1.9436,0.2725,0.0,3.6356,1.2523,0.0053,0.1938,-3.75,0.1998,0.8337,0.3205,0.043,0,synthetic
2024-07-12T06:00:00,270,kv-01,Simtola,0.606,2.094,19.386,247.849,99.5,0.25,4.0,1.4,22.0,1280.0,9.4,78.0,4.2,90.0,18.5,0.3071,0,7,6,1.9436,0.1504,0.0,3.4277,1.2361,0.0029,0.1938,-3.75,0.1103,0.8337,0.3205,0.043,0,synthetic
2024-07-12T07:00:00,271,kv-01,Simtola,0.369,1.658,17.704,232.444,99.5,0.25,4.0,1.4,22.0,1280.0,9.4,78.0,4.2,90.0,18.5,0.3273,1,7,7,1.658,0.0,0.0,3.0286,1.2152,0.0,0.1938,-3.75,0.0,1.1254,0.3205,0.043,0,synthetic
2024-07-12T08:00:00,272,kv-01,Simtola,0.375,1.349,16.206,216.95,99.5,0.25,4.0,1.4,22.0,1280.0,9.4,78.0,4.2,90.0,18.5,0.3453,1,7,8,1.349,0.0,0.0,2.7056,1.1966,0.0,0.1938,-3.75,0.0,1.1254,0.3205,0.043,0,synthetic
2024-07-12T09:00:00,273,kv-01,Simtola,0.805,1.549,15.284,202.173,99.5,0.25,4.0,1.4,22.0,1280.0,9.4,78.0,4.2,90.0,18.5,0.3563,0,7,9,1.549,0.0,0.0,2.6887,1.1851,0.0,0.1938,-3.75,0.0,0.8337,0.3205,0.043,0,synthetic
2024-07-12T10:00:00,274,kv-01,Simtola,0.466,1.646,14.025,188.168,99.5,0.25,4.0,1.4,22.0,1280.0,9.4,78.0,4.2,90.0,18.5,0.3715,0,7,10,1.646,0.0,0.0,2.6073,1.1694,0.0,0.1938,-3.75,0.0,0.8337,0.3205,0.043,0,synthetic
2024-07-12T11:00:00,275,kv-01,Simtola,0.565,1.837,13.163,175.591,99.5,0.25,4.0,1.4,22.0,1280.0,9.4,78.0,4.2,90.0,18.5,0.3818,0,7,11,1.837,0.0,0.0,2.6014,1.1587,0.0,0.1938,-3.75,0.0,0.8337,0.3205,0.043,0,synthetic
2024-07-12T12:00:00,276,kv-01,Simtola,0.312,1.344,12.431,164.703,99.472,0.25,4.0,1.4,22.0,1280.0,9.4,78.0,4.2,90.0,18.5,0.3907,0,7,12,1.344,0.0,0.0,2.2348,1.1493,0.0,0.1938,-3.75,0.0,0.8337,0.3385,0.043,0,synthetic
2024-07-12T13:00:00,277,kv-01,Simtola,0.383,1.26,12.004,155.855,99.483,0.25,4.0,1.4,22.0,1280.0,9.4,78.0,4.2,90.0,18.5,0.3958,0,7,13,1.26,0.0,0.0,2.1172,1.1441,0.0,0.1938,-3.75,0.0,0.8337,0.3314,0.043,0,synthetic
2024-07-12T14:00:00,278,kv-01,Simtola,0.405,1.1,11.659,148.802,99.5,0.25,4.0,1.4,22.0,1280.0,9.4,78.0,4.2,90.0,18.5,0.3998,1,7,14,1.1,0.0,0.0,1.9722,1.14,0.0,0.1938,-3.75,0.0,1.1254,0.3205,0.043,0,synthetic
2024-07-12T15:00:00,279,kv-01,Simtola,0.216,1.003,11.201,143.546,99.419,0.25,4.0,1.4,22.0,1280.0,9.4,78.0,4.2,90.0,18.5,0.4056,0,7,15,1.003,0.0,0.0,1.8689,1.1334,0.0,0.1938,-3.75,0.0,0.8337,0.3724,0.043,0,synthetic
2024-07-12T16:00:00,280,kv-01,Simtola,0.275,0.896,10.417,139.984,99.371,0.25,4.0,1.4,22.0,1280.0,9.4,78.0,4.2,90.0,18.5,0.4152,0,7,16,0.896,0.0,0.0,1.7583,1.1231,0.0,0.1938,-3.75,0.0,0.8337,0.4032,0.043,0,synthetic
2024-07-12T17:00:00,281,kv-01,Simtola,0.229,0.72,10.173,137.969,99.298,0.25,4.0,1.4,22.0,1280.0,9.4,78.0,4.2,90.0,18.5,0.4184,0,7,17,0.72,0.0,0.0,1.6398,1.1192,0.0,0.1938,-3.75,0.0,0.8337,0.45,0.043,0,synthetic
2024-07-12T18:00:00,282,kv-01,Simtola,0.243,0.748,10.153,137.062,99.233,0.25,4.0,1.4,22.0,1280.0,9.4,78.0,4.2,90.0,18.5,0.4189,0,7,18,0.748,0.0,0.0,1.6488,1.1183,0.0,0.1938,-3.75,0.0,0.8337,0.4917,0.043,0,synthetic
2024-07-12T19:00:00,283,kv-01,Simtola,0.412,0.884,10.364,137.173,99.26,0.25,4.0,1.4,22.0,1280.0,9.4,78.0,4.2,90.0,18.5,0.4162,0,7,19,0.884,0.0,0.0,1.7322,1.1212,0.0,0.1938,-3.75,0.0,0.8337,0.4744,0.043,0,synthetic
2024-07-12T20:00:00,284,kv-01,Simtola,0.327,0.983,10.239,137.41,99.241,0.25,4.0,1.4,22.0,1280.0,9.4,78.0,4.2,90.0,18.5,0.4178,0,7,20,0.983,0.0,0.0,1.7834,1.1194,0.0,0.1938,-3.75,0.0,0.8337,0.4865,0.043,0,synthetic
2024-07-12T21:00:00,285,kv-01,Simtola,0.237,0.977,10.288,137.206,99.173,0.25,4.0,1.4,22.0,1280.0,9.4,78.0,4.2,90.0,18.5,0.4174,0,7,21,0.977,0.0,0.0,1.7807,1.1193,0.0,0.1938,-3.75,0.0,0.8337,0.5301,0.043,0,synthetic
2024-07-12T22:00:00,286,kv-01,Simtola,0.616,1.18,10.615,137.181,99.312,0.25,4.0,1.4,22.0,1280.0,9.4,78.0,4.2,90.0,18.5,0.413,0,7,22,1.18,0.0,0.0,1.9044,1.1249,0.0,0.1938,-3.75,0.0,0.8337,0.441,0.043,0,synthetic
2024-07-12T23:00:00,287,kv-01,Simtola,0.255,1.108,10.753,135.973,99.253,0.25,4.0,1.4,22.0,1280.0,9.4,78.0,4.2,90.0,18.5,0.4116,0,7,23,1.108,0.0,0.0,1.8625,1.1259,0.0,0.1938,-3.75,0.0,0.8337,0.4788,0.043,0,synthetic
2024-07-13T00:00:00,288,kv-01,Simtola,0.538,1.408,10.755,133.795,99.35,0.25,4.0,1.4,22.0,1280.0,9.4,78.0,4.2,90.0,18.5,0.4112,0,7,0,1.408,0.0,0.0,2.0139,1.1271,0.0,0.1938,-3.75,0.0,0.8337,0.4167,0.043,0,synthetic
2024-07-13T01:00:00,289,kv-01,Simtola,0.595,1.388,10.916,131.212,99.478,0.25,4.0,1.4,22.0,1280.0,9.4,78.0,4.2,90.0,18.5,0.4088,0,7,1,1.388,0.0,0.0,1.9928,1.1305,0.0,0.1938,-3.75,0.0,0.8337,0.3346,0.043,0,synthetic
2024-07-13T02:00:00,290,kv-01,Simtola,0.48,1.613,10.926,127.226,99.5,0.25,4.0,1.4,22.0,1280.0,9.4,78.0,4.2,90.0,18.5,0.4086,1,7,2,1.613,0.0,0.0,2.092,1.1309,0.0,0.1938,-3.75,0.0,1.1254,0.3205,0.043,0,synthetic
2024-07-13T03:00:00,291,kv-01,Simtola,0.496,1.571,10.694,122.631,99.5,0.25,4.0,1.4,22.0,1280.0,9.4,78.0,4.2,90.0,18.5,0.4114,1,7,3,1.571,0.0,0.0,2.0315,1.128,0.0,0.1938,-3.75,0.0,1.1254,0.3205,0.043,0,synthetic
2024-07-13T04:00:00,292,kv-01,Simtola,0.404,1.38,10.294,117.082,99.5,0.25,4.0,1.4,22.0,1280.0,9.4,78.0,4.2,90.0,18.5,0.4162,1,7,4,1.38,0.0,0.0,1.8768,1.123,0.0,0.1938,-3.75,0.0,1.1254,0.3205,0.043,0,synthetic
2024-07-13T05:00:00,293,kv-01,Simtola,0.303,1.203,9.913,110.812,99.467,0.25,4.0,1.4,22.0,1280.0,9.4,78.0,4.2,90.0,18.5,0.4209,0,7,5,1.203,0.0,0.0,1.726,1.1179,0.0,0.1938,-3.75,0.0,0.8337,0.3417,0.043,0,synthetic
2024-07-13T06:00:00,294,kv-01,Simtola,0.406,1.113,9.713,104.243,99.491,0.25,4.0,1.4,22.0,1280.0,9.4,78.0,4.2,90.0,18.5,0.4232,0,7,6,1.113,0.0,0.0,1.6279,1.1157,0.0,0.1938,-3.75,0.0,0.8337,0.3263,0.043,0,synthetic
2024-07-13T07:00:00,295,kv-01,Simtola,0.342,1.051,9.686,97.004,99.48,0.25,4.0,1.4,22.0,1280.0,9.4,78.0,4.2,90.0,18.5,0.4236,0,7,7,1.051,0.0,0.0,1.5476,1.1152,0.0,0.1938,-3.75,0.0,0.8337,0.3333,0.043,0,synthetic
2024-07-13T08:00:00,296,kv-01,Simtola,0.354,1.101,9.665,90.463,99.475,0.25,4.0,1.4,22.0,1280.0,9.4,78.0,4.2,90.0,18.5,0.4239,0,7,8,1.101,0.0,0.0,1.5334,1.1149,0.0,0.1938,-3.75,0.0,0.8337,0.3365,0.043,0,synthetic
2024-07-13T09:00:00,297,kv-01,Simtola,0.298,0.994,9.158,83.977,99.439,0.25,4.0,1.4,22.0,1280.0,9.4,78.0,4.2,90.0,18.5,0.4301,0,7,9,0.994,0.0,0.0,1.415,1.1082,0.0,0.1938,-3.75,0.0,0.8337,0.3596,0.043,0,synthetic
2024-07-13T10:00:00,298,kv-01,Simtola,0.902,1.554,9.594,78.844,99.5,0.25,4.0,1.4,22.0,1280.0,9.4,78.0,4.2,90.0,18.5,0.4246,0,7,10,1.554,0.0,0.0,1.7073,1.1143,0.0,0.1938,-3.75,0.0,0.8337,0.3205,0.043,0,synthetic
2024-07-13T11:00:00,299,kv-01,Simtola,0.49,1.69,9.518,58.342,99.5,0.25,4.0,1.4,22.0,1280.0,9.4,78.0,4.2,90.0,18.5,0.4255,0,7,11,1.69,0.0,0.0,1.6511,1.1134,0.0,0.1938,-3.75,0.0,0.8337,0.3205,0.043,0,synthetic
2024-07-13T12:00:00,300,kv-01,Simtola,0.233,1.625,9.439,54.116,99.429,0.25,4.0,1.4,22.0,1280.0,9.4,78.0,4.2,90.0,18.5,0.4267,0,7,12,1.625,0.0,0.0,1.5859,1.1116,0.0,0.1938,-3.75,0.0,0.8337,0.366,0.043,0,synthetic
2024-07-13T13:00:00,301,kv-01,Simtola,0.83,1.553,9.886,51.371,99.5,0.25,4.0,1.4,22.0,1280.0,9.4,78.0,4.2,90.0,18.5,0.4211,0,7,13,1.553,0.0,0.0,1.5459,1.118,0.0,0.1938,-3.75,0.0,0.8337,0.3205,0.043,0,synthetic
2024-07-13T14:00:00,302,kv-01,Simtola,0.368,1.431,9.849,48.831,99.5,0.25,4.0,1.4,22.0,1280.0,9.4,78.0,4.2,90.0,18.5,0.4216,1,7,14,1.431,0.0,0.0,1.4616,1.1175,0.0,0.1938,-3.75,0.0,1.1254,0.3205,0.043,0,synthetic
2024-07-13T15:00:00,303,kv-01,Simtola,0.663,1.861,10.296,47.564,99.5,0.25,4.0,1.4,22.0,1280.0,9.4,78.0,4.2,90.0,18.5,0.4162,0,7,15,1.861,0.0,0.0,1.7069,1.1231,0.0,0.1938,-3.75,0.0,0.8337,0.3205,0.043,0,synthetic
2024-07-13T16:00:00,304,kv-01,Simtola,0.418,1.448,10.439,46.315,99.5,0.25,4.0,1.4,22.0,1280.0,9.4,78.0,4.2,90.0,18.5,0.4145,0,7,16,1.448,0.0,0.0,1.4773,1.1248,0.0,0.1938,-3.75,0.0,0.8337,0.3205,0.043,0,synthetic
2024-07-13T17:00:00,305,kv-01,Simtola,0.42,1.501,10.63,46.019,99.5,0.25,4.0,1.4,22.0,1280.0,9.4,78.0,4.2,90.0,18.5,0.4122,0,7,17,1.501,0.0,0.0,1.5118,1.1272,0.0,0.1938,-3.75,0.0,0.8337,0.3205,0.043,0,synthetic
2024-07-13T18:00:00,306,kv-01,Simtola,0.547,1.385,10.934,46.145,99.5,0.25,4.0,1.4,22.0,1280.0,9.4,78.0,4.2,90.0,18.5,0.4085,0,7,18,1.385,0.0,0.0,1.4602,1.131,0.0,0.1938,-3.75,0.0,0.8337,0.3205,0.043,0,synthetic
2024-07-13T19:00:00,307,kv-01,Simtola,0.784,1.751,11.305,46.692,99.5,0.25,4.0,1.4,22.0,1280.0,9.4,78.0,4.2,90.0,18.5,0.4041,0,7,19,1.751,0.0,0.0,1.6788,1.1356,0.0,0.1938,-3.75,0.0,0.8337,0.3205,0.043,0,synthetic
2024-07-13T20:00:00,308,kv-01,Simtola,0.445,1.775,11.422,47.13,99.5,0.25,4.0,1.4,22.0,1280.0,9.4,78.0,4.2,90.0,18.5,0.4027,1,7,20,1.775,0.0,0.0,1.6991,1.1371,0.0,0.1938,-3.75,0.0,1.1254,0.3205,0.043,0,synthetic
2024-07-13T21:00:00,309,kv-01,Simtola,13.133,14.361,24.318,60.05,99.5,0.646,4.0,6.094,22.0,1280.0,9.4,78.0,4.2,90.0,18.5,0.2479,0,7,21,1.9436,12.4175,0.0,9.1858,1.2975,0.242,0.4554,-3.354,9.1061,1.9587,0.3205,0.101,0,synthetic
2024-07-13T22:00:00,310,kv-01,Simtola,0.674,14.252,24.377,60.292,99.5,0.597,4.0,5.392,22.0,1280.0,9.4,78.0,4.2,90.0,18.5,0.2472,0,7,22,1.9436,12.3085,0.0,9.1296,1.2982,0.2398,0.4275,-3.403,9.0262,1.8388,0.3205,0.0948,0,synthetic
2024-07-13T23:00:00,311,kv-01,Simtola,16.363,30.17,40.484,76.175,99.5,1.069,4.0,13.315,22.0,1280.0,9.4,78.0,4.2,90.0,18.5,0.12,1,7,23,1.9436,28.2264,2.8687,18.5877,1.4985,0.55,0.6664,-2.931,20.6994,3.8698,0.3205,0.1477,0,synthetic
2024-07-14T00:00:00,312,kv-01,Simtola,0.751,17.788,40.698,76.132,99.5,0.98,4.0,11.634,22.0,1280.0,9.4,78.0,4.2,90.0,18.5,0.12,0,7,0,1.9436,15.8445,0.1594,11.7854,1.5012,0.3087,0.6255,-3.02,11.6193,2.6902,0.3205,0.1387,0,synthetic
2024-07-14T01:00:00,313,kv-01,Simtola,0.395,17.509,40.498,75.535,99.5,0.896,4.0,10.128,22.0,1280.0,9.4,78.0,4.2,90.0,18.5,0.12,0,7,1,1.9436,15.5655,0.1352,11.6207,1.4987,0.3033,0.5854,-3.104,11.4147,2.518,0.3205,0.1298,0,synthetic
2024-07-14T02:00:00,314,kv-01,Simtola,0.433,1.579,40.451,74.844,99.5,0.821,4.0,8.842,22.0,1280.0,9.4,78.0,4.2,90.0,18.5,0.12,0,7,2,1.579,0.0,0.0,2.8531,1.4981,0.0,0.5482,-3.179,0.0,2.3581,0.3205,0.1215,0,synthetic
2024-07-14T03:00:00,315,kv-01,Simtola,0.454,1.282,40.409,73.799,99.5,0.753,4.0,7.737,22.0,1280.0,9.4,78.0,4.2,90.0,18.5,0.12,0,7,3,1.282,0.0,0.0,2.6817,1.4976,0.0,0.5134,-3.247,0.0,2.2082,0.3205,0.1138,0,synthetic
2024-07-14T04:00:00,316,kv-01,Simtola,0.674,1.561,40.678,72.931,99.5,0.694,4.0,6.817,22.0,1280.0,9.4,78.0,4.2,90.0,18.5,0.12,0,7,4,1.561,0.0,0.0,2.8398,1.5009,0.0,0.4819,-3.306,0.0,2.0729,0.3205,0.1068,0,synthetic
2024-07-14T05:00:00,317,kv-01,Simtola,0.67,1.798,41.045,71.648,99.5,0.641,4.0,6.02,22.0,1280.0,9.4,78.0,4.2,90.0,18.5,0.12,0,7,5,1.798,0.0,0.0,2.9759,1.5055,0.0,0.4526,-3.359,0.0,1.9466,0.3205,0.1003,0,synthetic
2024-07-14T06:00:00,318,kv-01,Simtola,0.403,1.747,41.043,70.141,99.5,0.59,4.0,5.29,22.0,1280.0,9.4,78.0,4.2,90.0,18.5,0.12,1,7,6,1.747,0.0,0.0,2.9383,1.5055,0.0,0.4233,-3.41,0.0,2.4582,0.3205,0.0938,0,synthetic
2024-07-14T07:00:00,319,kv-01,Simtola,0.439,1.512,41.14,68.53,99.5,0.543,4.0,4.662,22.0,1280.0,9.4,78.0,4.2,90.0,18.5,0.12,0,7,7,1.512,0.0,0.0,2.8027,1.5067,0.0,0.3958,-3.457,0.0,1.7025,0.3205,0.0877,0,synthetic
2024-07-14T08:00:00,320,kv-01,Simtola,1.01,1.852,41.796,67.668,99.5,0.511,4.0,4.235,22.0,1280.0,9.4,78.0,4.2,90.0,18.5,0.12,0,7,8,1.852,0.0,0.0,3.0089,1.5148,0.0,0.3761,-3.489,0.0,1.6175,0.3205,0.0834,0,synthetic
2024-07-14T09:00:00,321,kv-01,Simtola,0.446,1.895,41.944,66.386,99.5,0.472,4.0,3.745,22.0,1280.0,9.4,78.0,4.2,90.0,18.5,0.12,0,7,9,1.895,0.0,0.0,3.0301,1.5167,0.0,0.3516,-3.528,0.0,1.5121,0.3205,0.0779,0,synthetic
2024-07-14T10:00:00,322,kv-01,Simtola,0.532,1.988,41.574,65.192,99.5,0.437,4.0,3.328,22.0,1280.0,9.4,78.0,4.2,90.0,18.5,0.12,0,7,10,1.9436,0.0444,0.0,3.0599,1.5121,0.0009,0.329,-3.563,0.0326,1.4152,0.3205,0.0729,0,synthetic
2024-07-14T11:00:00,323,kv-01,Simtola,0.488,1.466,41.573,64.254,99.5,0.405,4.0,2.959,22.0,1280.0,9.4,78.0,4.2,90.0,18.5,0.12,1,7,11,1.466,0.0,0.0,2.7669,1.5121,0.0,0.3076,-3.595,0.0,1.7864,0.3205,0.0682,0,synthetic
2024-07-14T12:00:00,324,kv-01,Simtola,0.51,1.531,41.85,63.72,99.5,0.376,4.0,2.638,22.0,1280.0,9.4,78.0,4.2,90.0,18.5,0.12,0,7,12,1.531,0.0,0.0,2.8097,1.5155,0.0,0.2877,-3.624,0.0,1.2375,0.3205,0.0638,0,synthetic
2024-07-14T13:00:00,325,kv-01,Simtola,0.439,1.437,41.458,63.349,99.5,0.349,4.0,2.349,22.0,1280.0,9.4,78.0,4.2,90.0,18.5,0.12,0,7,13,1.437,0.0,0.0,2.741,1.5106,0.0,0.2685,-3.651,0.0,1.1551,0.3205,0.0595,0,synthetic
2024-07-14T14:00:00,326,kv-01,Simtola,0.714,1.663,41.805,63.314,99.5,0.327,4.0,2.124,22.0,1280.0,9.4,78.0,4.2,90.0,18.5,0.12,0,7,14,1.663,0.0,0.0,2.878,1.5149,0.0,0.2526,-3.673,0.0,1.0865,0.3205,0.056,0,synthetic
2024-07-14T15:00:00,327,kv-01,Simtola,0.395,1.548,41.537,63.034,99.5,0.304,4.0,1.895,22.0,1280.0,9.4,78.0,4.2,90.0,18.5,0.12,1,7,15,1.548,0.0,0.0,2.803,1.5116,0.0,0.2354,-3.696,0.0,1.3671,0.3205,0.0522,0,synthetic
2024-07-14T16:00:00,328,kv-01,Simtola,0.642,1.752,41.762,62.617,99.5,0.285,4.0,1.716,22.0,1280.0,9.4,78.0,4.2,90.0,18.5,0.12,0,7,16,1.752,0.0,0.0,2.921,1.5144,0.0,0.2211,-3.715,0.0,0.9511,0.3205,0.049,0,synthetic
2024-07-14T17:00:00,329,kv-01,Simtola,0.596,1.633,41.937,62.74,99.5,0.268,4.0,1.554,22.0,1280.0,9.4,78.0,4.2,90.0,18.5,0.12,0,7,17,1.633,0.0,0.0,2.8629,1.5166,0.0,0.2076,-3.732,0.0,0.8931,0.3205,0.046,0,synthetic
2024-07-14T18:00:00,330,kv-01,Simtola,0.569,1.807,41.96,63.046,99.5,0.251,4.0,1.409,22.0,1280.0,9.4,78.0,4.2,90.0,18.5,0.12,1,7,18,1.807,0.0,0.0,2.9614,1.5169,0.0,0.1946,-3.749,0.0,1.1301,0.3205,0.0431,0,synthetic
2024-07-14T19:00:00,331,kv-01,Simtola,0.792,1.957,41.968,63.637,99.5,0.25,4.0,1.4,22.0,1280.0,9.4,78.0,4.2,90.0,18.5,0.12,0,7,19,1.9436,0.0134,0.0,3.0479,1.517,0.0003,0.1938,-3.75,0.0099,0.8337,0.3205,0.043,0,synthetic
2024-07-14T20:00:00,332,kv-01,Simtola,0.639,2.001,42.162,63.824,99.5,0.25,4.0,1.4,22.0,1280.0,9.4,78.0,4.2,90.0,18.5,0.12,0,7,20,1.9436,0.0574,0.0,3.0805,1.5194,0.0011,0.1938,-3.75,0.0421,0.8337,0.3205,0.043,0,synthetic
2024-07-14T21:00:00,333,kv-01,Simtola,0.55,1.981,29.579,64.185,99.5,0.25,4.0,1.4,22.0,1280.0,9.4,78.0,4.2,90.0,18.5,0.1848,0,7,21,1.9436,0.0374,0.0,2.5999,1.3629,0.0007,0.1938,-3.75,0.0275,0.8337,0.3205,0.043,0,synthetic
2024-07-14T22:00:00,334,kv-01,Simtola,0.544,1.733,29.449,64.441,99.5,0.25,4.0,1.4,22.0,1280.0,9.4,78.0,4.2,90.0,18.5,0.1864,1,7,22,1.733,0.0,0.0,2.4602,1.3613,0.0,0.1938,-3.75,0.0,1.1254,0.3205,0.043,0,synthetic
2024-07-14T23:00:00,335,kv-01,Simtola,0.695,1.789,13.782,65.019,99.5,0.25,4.0,1.4,22.0,1280.0,9.4,78.0,4.2,90.0,18.5,0.3744,0,7,23,1.789,0.0,0.0,1.9071,1.1664,0.0,0.1938,-3.75,0.0,0.8337,0.3205,0.043,0,synthetic
2024-07-15T00:00:00,336,kv-01,Simtola,0.658,1.898,13.689,65.142,99.5,0.25,4.0,1.4,22.0,1280.0,9.4,78.0,4.2,90.0,18.5,0.3755,0,7,0,1.898,0.0,0.0,1.9644,1.1653,0.0,0.1938,-3.75,0.0,0.8337,0.3205,0.043,0,synthetic
2024-07-15T01:00:00,337,kv-01,Simtola,0.61,1.963,13.904,65.317,99.5,0.25,4.0,1.4,22.0,1280.0,9.4,78.0,4.2,90.0,18.5,0.3729,0,7,1,1.9436,0.0194,0.0,2.0093,1.1679,0.0004,0.1938,-3.75,0.0143,0.8337,0.3205,0.043,0,synthetic
2024-07-15T02:00:00,338,kv-01,Simtola,0.406,1.675,13.877,65.254,99.5,0.25,4.0,1.4,22.0,1280.0,9.4,78.0,4.2,90.0,18.5,0.3732,0,7,2,1.675,0.0,0.0,1.8495,1.1676,0.0,0.1938,-3.75,0.0,0.8337,0.3205,0.043,0,synthetic
2024-07-15T03:00:00,339,kv-01,Simtola,0.848,1.864,14.271,65.373,99.5,0.25,4.0,1.4,22.0,1280.0,9.4,78.0,4.2,90.0,18.5,0.3685,0,7,3,1.864,0.0,0.0,1.9689,1.1725,0.0,0.1938,-3.75,0.0,0.8337,0.3205,0.043,0,synthetic
2024-07-15T04:00:00,340,kv-01,Simtola,0.544,1.798,14.141,65.113,99.5,0.25,4.0,1.4,22.0,1280.0,9.4,78.0,4.2,90.0,18.5,0.3701,0,7,4,1.798,0.0,0.0,1.9261,1.1709,0.0,0.1938,-3.75,0.0,0.8337,0.3205,0.043,0,synthetic
2024-07-15T05:00:00,341,kv-01,Simtola,0.933,2.324,14.404,65.362,99.5,0.25,4.0,1.4,22.0,1280.0,9.4,78.0,4.2,90.0,18.5,0.3669,1,7,5,1.9436,0.3804,0.0,2.2269,1.1741,0.0074,0.1938,-3.75,0.279,1.1254,0.3205,0.043,0,synthetic
2024-07-15T06:00:00,342,kv-01,Simtola,1.129,2.606,15.129,65.885,99.5,0.25,4.0,1.4,22.0,1280.0,9.4,78.0,4.2,90.0,18.5,0.3582,0,7,6,1.9436,0.6624,0.0,2.4124,1.1832,0.0129,0.1938,-3.75,0.4858,0.8337,0.3205,0.043,0,synthetic
2024-07-15T07:00:00,343,kv-01,Simtola,1.028,3.089,15.719,66.544,99.5,0.25,4.0,1.4,22.0,1280.0,9.4,78.0,4.2,90.0,18.5,0.3511,0,7,7,1.9436,1.1454,0.0,2.7043,1.1905,0.0223,0.1938,-3.75,0.84,0.8337,0.3205,0.043,0,synthetic
2024-07-15T08:00:00,344,kv-01,Simtola,0.751,2.908,15.459,66.92,99.5,0.25,4.0,1.4,22.0,1280.0,9.4,78.0,4.2,90.0,18.5,0.3542,1,7,8,1.9436,0.9644,0.0,2.5974,1.1873,0.0188,0.1938,-3.75,0.7073,1.1254,0.3205,0.043,0,synthetic
2024-07-15T09:00:00,345,kv-01,Simtola,1.049,2.828,16.062,67.164,99.5,0.25,4.0,1.4,22.0,1280.0,9.4,78.0,4.2,90.0,18.5,0.347,0,7,9,1.9436,0.8844,0.0,2.5775,1.1948,0.0172,0.1938,-3.75,0.6486,0.8337,0.3205,0.043,0,synthetic
2024-07-15T10:00:00,346,kv-01,Simtola,0.655,2.455,16.185,67.353,99.5,0.25,4.0,1.4,22.0,1280.0,9.4,78.0,4.2,90.0,18.5,0.3455,0,7,10,1.9436,0.5114,0.0,2.3781,1.1963,0.01,0.1938,-3.75,0.3751,0.8337,0.3205,0.043,0,synthetic
2024-07-15T11:00:00,347,kv-01,Simtola,0.848,2.552,16.545,67.635,99.5,0.25,4.0,1.4,22.0,1280.0,9.4,78.0,4.2,90.0,18.5,0.3412,0,7,11,1.9436,0.6084,0.0,2.4468,1.2008,0.0119,0.1938,-3.75,0.4462,0.8337,0.3205,0.043,0,synthetic
2024-07-15T12:00:00,348,kv-01,Simtola,0.951,2.454,16.985,68.274,99.5,0.25,4.0,1.4,22.0,1280.0,9.4,78.0,4.2,90.0,18.5,0.3359,1,7,12,1.9436,0.5105,0.0,2.4133,1.2063,0.0099,0.1938,-3.75,0.3743,1.1254,0.3205,0.043,0,synthetic
2024-07-15T13:00:00,349,kv-01,Simtola,0.994,2.793,17.541,68.885,99.5,0.25,4.0,1.4,22.0,1280.0,9.4,78.0,4.2,90.0,18.5,0.3293,1,7,13,1.9436,0.8495,0.0,2.6245,1.2132,0.0166,0.1938,-3.75,0.6229,1.1254,0.3205,0.043,0,synthetic
2024-07-15T14:00:00,350,kv-01,Simtola,1.15,3.095,17.977,69.631,99.5,0.25,4.0,1.4,22.0,1280.0,9.4,78.0,4.2,90.0,18.5,0.324,1,7,14,1.9436,1.1515,0.0,2.8116,1.2186,0.0224,0.1938,-3.75,0.8444,1.1254,0.3205,0.043,0,synthetic
2024-07-15T15:00:00,351,kv-01,Simtola,1.377,3.521,18.959,70.792,99.5,0.255,4.0,1.445,22.0,1280.0,9.4,78.0,4.2,90.0,18.5,0.3122,1,7,15,1.9436,1.5774,0.0,3.09,1.2308,0.0307,0.1979,-3.745,1.1568,1.1489,0.3205,0.0439,0,synthetic
2024-07-15T16:00:00,352,kv-01,Simtola,0.69,3.218,19.007,71.207,99.5,0.25,4.0,1.4,22.0,1280.0,9.4,78.0,4.2,90.0,18.5,0.3117,0,7,16,1.9436,1.2744,0.0,2.9277,1.2314,0.0248,0.1938,-3.75,0.9346,0.8337,0.3205,0.043,0,synthetic
2024-07-15T17:00:00,353,kv-01,Simtola,0.774,2.841,19.185,71.752,99.5,0.25,4.0,1.4,22.0,1280.0,9.4,78.0,4.2,90.0,18.5,0.3095,0,7,17,1.9436,0.8975,0.0,2.7304,1.2336,0.0175,0.1938,-3.75,0.6581,0.8337,0.3205,0.043,0,synthetic
2024-07-15T18:00:00,354,kv-01,Simtola,0.558,2.023,19.174,72.067,99.5,0.25,4.0,1.4,22.0,1280.0,9.4,78.0,4.2,90.0,18.5,0.3097,0,7,18,1.9436,0.0795,0.0,2.2821,1.2335,0.0015,0.1938,-3.75,0.0583,0.8337,0.3205,0.043,0,synthetic
2024-07-15T19:00:00,355,kv-01,Simtola,17.301,18.633,35.683,88.956,99.5,0.784,4.0,8.235,22.0,1280.0,9.4,78.0,4.2,90.0,18.5,0.12,0,7,19,1.9436,16.6895,0.244,12.1422,1.4388,0.3252,0.5295,-3.216,12.2389,2.2773,0.3205,0.1174,0,synthetic
2024-07-15T20:00:00,356,kv-01,Simtola,0.499,18.358,35.543,89.128,99.5,0.721,4.0,7.221,22.0,1280.0,9.4,78.0,4.2,90.0,18.5,0.12,1,7,20,1.9436,16.4145,0.2146,11.9868,1.4371,0.3198,0.4963,-3.279,12.0373,2.8815,0.3205,0.11,0,synthetic
2024-07-15T21:00:00,357,kv-01,Simtola,0.767,18.567,35.76,89.657,99.5,0.666,4.0,6.384,22.0,1280.0,9.4,78.0,4.2,90.0,18.5,0.12,0,7,21,1.9436,16.6234,0.2368,12.1132,1.4398,0.3239,0.4664,-3.334,12.1905,2.0061,0.3205,0.1034,0,synthetic
2024-07-15T22:00:00,358,kv-01,Simtola,0.736,2.002,35.952,89.778,99.5,0.615,4.0,5.653,22.0,1280.0,9.4,78.0,4.2,90.0,18.5,0.12,0,7,22,1.9436,0.0584,0.0,3.0104,1.4422,0.0011,0.438,-3.385,0.0429,1.884,0.3205,0.0971,0,synthetic
2024-07-15T23:00:00,359,kv-01,Simtola,14.575,16.078,49.832,104.098,99.5,1.027,4.0,12.502,22.0,1280.0,9.4,78.0,4.2,90.0,18.5,0.12,0,7,23,1.9436,14.1344,0.0417,11.3622,1.6148,0.2754,0.6472,-2.973,10.3653,2.7836,0.3205,0.1435,0,synthetic
2024-08-16T00:00:00,360,kv-01,Simtola,0.738,16.049,49.911,104.298,99.5,0.942,4.0,10.934,22.0,1280.0,9.4,78.0,4.2,90.0,18.5,0.12,0,8,0,1.9436,14.1054,0.0404,11.3505,1.6158,0.2749,0.6074,-3.058,10.344,2.6126,0.3205,0.1347,0,synthetic
2024-08-16T01:00:00,361,kv-01,Simtola,1.002,16.314,50.303,104.704,99.5,0.871,4.0,9.69,22.0,1280.0,9.4,78.0,4.2,90.0,18.5,0.12,0,8,1,1.9436,14.3704,0.0536,11.5135,1.6206,0.28,0.5731,-3.129,10.5383,2.4652,0.3205,0.1271,0,synthetic
2024-08-16T02:00:00,362,kv-01,Simtola,1.352,3.091,51.248,105.575,99.5,0.819,4.0,8.807,22.0,1280.0,9.4,78.0,4.2,90.0,18.5,0.12,0,8,2,1.9436,1.1475,0.0,4.2817,1.6324,0.0224,0.5472,-3.181,0.8415,2.3537,0.3205,0.1213,0,synthetic
2024-08-16T03:00:00,363,kv-01,Simtola,1.4,3.754,51.8,106.48,99.5,0.774,4.0,8.061,22.0,1280.0,9.4,78.0,4.2,90.0,18.5,0.12,0,8,3,1.9436,1.8104,0.0,4.6727,1.6393,0.0353,0.5241,-3.226,1.3277,2.2542,0.3205,0.1162,0,synthetic
2024-08-16T04:00:00,364,kv-01,Simtola,1.901,4.653,53.158,107.977,99.5,0.749,4.0,7.669,22.0,1280.0,9.4,78.0,4.2,90.0,18.5,0.12,0,8,4,1.9436,2.7094,0.0,5.2274,1.6562,0.0528,0.5112,-3.251,1.9869,2.1988,0.3205,0.1133,0,synthetic
2024-08-16T05:00:00,365,kv-01,Simtola,2.206,5.508,54.431,109.88,99.5,0.737,4.0,7.48,22.0,1280.0,9.4,78.0,4.2,90.0,18.5,0.12,1,8,5,1.9436,3.5644,0.0,5.7573,1.672,0.0695,0.5049,-3.263,2.6139,2.9318,0.3205,0.1119,0,synthetic
2024-08-16T06:00:00,366,kv-01,Simtola,2.522,6.63,55.825,111.997,99.5,0.737,4.0,7.474,22.0,1280.0,9.4,78.0,4.2,90.0,18.5,0.12,1,8,6,1.9436,4.6864,0.0,6.4399,1.6893,0.0913,0.5048,-3.263,3.4367,2.9312,0.3205,0.1119,0,synthetic
2024-08-16T07:00:00,367,kv-01,Simtola,2.641,7.37,57.438,114.296,99.5,0.74,4.0,7.531,22.0,1280.0,9.4,78.0,4.2,90.0,18.5,0.12,0,8,7,1.9436,5.4264,0.0,6.9218,1.7094,0.1057,0.5066,-3.26,3.9794,2.1788,0.3205,0.1123,0,synthetic
2024-08-16T08:00:00,368,kv-01,Simtola,2.815,7.978,59.502,116.757,99.5,0.749,4.0,7.674,22.0,1280.0,9.4,78.0,4.2,90.0,18.5,0.12,1,8,8,1.9436,6.0344,0.0,7.349,1.7351,0.1176,0.5113,-3.251,4.4253,2.9689,0.3205,0.1133,0,synthetic
2024-08-16T09:00:00,369,kv-01,Simtola,21.199,26.655,79.652,137.658,99.5,1.368,4.0,19.514,22.0,1280.0,9.4,78.0,4.2,90.0,18.5,0.12,1,8,9,1.9436,24.7114,1.8096,18.5076,1.9857,0.4815,0.7952,-2.632,18.1217,4.6172,0.3205,0.1763,0,synthetic
2024-08-16T10:00:00,370,kv-01,Simtola,3.303,27.316,82.3,140.058,99.5,1.331,4.0,18.682,22.0,1280.0,9.4,78.0,4.2,90.0,18.5,0.12,1,8,10,1.9436,25.3725,1.9932,18.9854,2.0186,0.4944,0.7797,-2.669,18.6065,4.5274,0.3205,0.1729,0,synthetic
2024-08-16T11:00:00,371,kv-01,Simtola,3.375,27.877,84.827,142.944,99.5,1.299,4.0,18.002,22.0,1280.0,9.4,78.0,4.2,90.0,18.5,0.12,1,8,11,1.9436,25.9335,2.1548,19.4068,2.05,0.5053,0.7664,-2.701,19.0179,4.4503,0.3205,0.1699,0,synthetic
2024-08-16T12:00:00,372,kv-01,Simtola,3.121,9.799,86.997,145.832,99.5,1.262,4.0,17.222,22.0,1280.0,9.4,78.0,4.2,90.0,18.5,0.12,0,8,12,1.9436,7.8554,0.0,9.5633,2.077,0.1531,0.7509,-2.738,5.7607,3.2297,0.3205,0.1665,0,synthetic
2024-08-16T13:00:00,373,kv-01,Simtola,19.519,26.015,105.522,164.521,99.5,1.775,4.0,29.193,22.0,1280.0,9.4,78.0,4.2,90.0,18.5,0.12,0,8,13,1.9436,24.0714,1.6391,19.2936,2.3074,0.469,0.9549,-2.225,17.6524,4.1071,0.3205,0.2117,0,synthetic
2024-08-16T14:00:00,374,kv-01,Simtola,2.556,25.195,106.927,166.709,99.5,1.667,4.0,26.494,22.0,1280.0,9.4,78.0,4.2,90.0,18.5,0.12,0,8,14,1.9436,23.2514,1.4312,18.9089,2.3249,0.4531,0.9138,-2.333,17.0511,3.9306,0.3205,0.2026,0,synthetic
2024-08-16T15:00:00,375,kv-01,Simtola,2.283,24.358,107.833,168.329,99.5,1.562,4.0,23.964,22.0,1280.0,9.4,78.0,4.2,90.0,18.5,0.12,0,8,15,1.9436,22.4145,1.2317,18.4927,2.3362,0.4368,0.8731,-2.438,16.4373,3.7554,0.3205,0.1936,0,synthetic
2024-08-16T16:00:00,376,kv-01,Simtola,2.172,7.011,109.315,170.084,99.5,1.466,4.0,21.709,22.0,1280.0,9.4,78.0,4.2,90.0,18.5,0.12,1,8,16,1.9436,5.0675,0.0,9.0184,2.3546,0.0987,0.8349,-2.534,3.7161,4.848,0.3205,0.1851,0,synthetic
2024-08-16T17:00:00,377,kv-01,Simtola,1.494,5.95,110.035,171.157,99.5,1.357,4.0,19.269,22.0,1280.0,9.4,78.0,4.2,90.0,18.5,0.12,0,8,17,1.9436,4.0065,0.0,8.4685,2.3636,0.0781,0.7906,-2.643,2.9381,3.4006,0.3205,0.1753,0,synthetic
2024-08-16T18:00:00,378,kv-01,Simtola,1.394,5.06,110.871,172.005,99.5,1.257,4.0,17.111,22.0,1280.0,9.4,78.0,4.2,90.0,18.5,0.12,1,8,18,1.9436,3.1164,0.0,8.0157,2.374,0.0607,0.7487,-2.743,2.2854,4.3475,0.3205,0.166,0,synthetic
2024-08-16T19:00:00,379,kv-01,Simtola,0.939,3.828,94.509,172.161,99.5,1.153,4.0,14.954,22.0,1280.0,9.4,78.0,4.2,90.0,18.5,0.12,1,8,19,1.9436,1.8844,0.0,6.7255,2.1705,0.0367,0.7037,-2.847,1.3819,4.0861,0.3205,0.156,0,synthetic
2024-08-16T20:00:00,380,kv-01,Simtola,1.165,3.499,95.176,172.881,99.5,1.066,4.0,13.254,22.0,1280.0,9.4,78.0,4.2,90.0,18.5,0.12,1,8,20,1.9436,1.5554,0.0,6.5741,2.1788,0.0303,0.6651,-2.934,1.1407,3.8617,0.3205,0.1474,0,synthetic
2024-08-16T21:00:00,381,kv-01,Simtola,0.712,2.817,95.121,160.46,99.5,0.977,4.0,11.574,22.0,1280.0,9.4,78.0,4.2,90.0,18.5,0.12,0,8,21,1.9436,0.8735,0.0,6.1193,2.1781,0.017,0.624,-3.023,0.6405,2.6839,0.3205,0.1383,0,synthetic
2024-08-16T22:00:00,382,kv-01,Simtola,0.854,2.731,95.239,160.64,99.5,0.898,4.0,10.157,22.0,1280.0,9.4,78.0,4.2,90.0,18.5,0.12,0,8,22,1.9436,0.7874,0.0,6.0775,2.1795,0.0153,0.5863,-3.102,0.5775,2.5218,0.3205,0.13,0,synthetic
2024-08-16T23:00:00,383,kv-01,Simtola,1.664,3.23,82.328,145.941,99.5,0.854,4.0,9.391,22.0,1280.0,9.4,78.0,4.2,90.0,18.5,0.12,0,8,23,1.9436,1.2864,0.0,5.7759,2.019,0.0251,0.5646,-3.146,0.9434,2.4286,0.3205,0.1252,0,synthetic
2024-08-17T00:00:00,384,kv-01,Simtola,2.138,4.655,83.728,147.328,99.5,0.829,4.0,8.98,22.0,1280.0,9.4,78.0,4.2,90.0,18.5,0.12,0,8,0,1.9436,2.7115,0.0,6.6208,2.0364,0.0528,0.5523,-3.171,1.9884,2.3757,0.3205,0.1224,0,synthetic
2024-08-17T01:00:00,385,kv-01,Simtola,3.233,7.035,85.959,150.166,99.5,0.844,4.0,9.224,22.0,1280.0,9.4,78.0,4.2,90.0,18.5,0.12,0,8,1,1.9436,5.0915,0.0,8.0313,2.0641,0.0992,0.5597,-3.156,3.7337,2.4074,0.3205,0.1241,0,synthetic
2024-08-17T02:00:00,386,kv-01,Simtola,4.376,9.747,88.984,154.109,99.5,0.895,4.0,10.103,22.0,1280.0,9.4,78.0,4.2,90.0,18.5,0.12,1,8,2,1.9436,7.8034,0.0,9.6609,2.1017,0.1521,0.5848,-3.105,5.7225,3.3959,0.3205,0.1296,0,synthetic
2024-08-17T03:00:00,387,kv-01,Simtola,5.902,13.511,93.485,159.556,99.5,0.992,4.0,11.846,22.0,1280.0,9.4,78.0,4.2,90.0,18.5,0.12,0,8,3,1.9436,11.5674,0.0,11.934,2.1577,0.2254,0.631,-3.008,8.4828,2.7138,0.3205,0.1399,0,synthetic
2024-08-17T04:00:00,388,kv-01,Simtola,7.68,17.957,99.264,166.562,99.5,1.138,4.0,14.663,22.0,1280.0,9.4,78.0,4.2,90.0,18.5,0.12,0,8,4,1.9436,16.0134,0.1749,14.6398,2.2296,0.312,0.6972,-2.862,11.7432,2.9987,0.3205,0.1546,0,synthetic
2024-08-17T05:00:00,389,kv-01,Simtola,9.288,22.869,106.345,175.18,99.5,1.323,4.0,18.519,22.0,1280.0,9.4,78.0,4.2,90.0,18.5,0.12,0,8,5,1.9436,20.9254,0.9097,17.6608,2.3177,0.4077,0.7765,-2.677,15.3453,3.3397,0.3205,0.1721,0,synthetic
2024-08-17T06:00:00,390,kv-01,Simtola,10.521,27.488,114.343,185.297,99.5,1.53,4.0,23.193,22.0,1280.0,9.4,78.0,4.2,90.0,18.5,0.12,0,8,6,1.9436,25.5444,2.0422,20.5644,2.4171,0.4977,0.8604,-2.47,18.7326,3.7008,0.3205,0.1907,0,synthetic
2024-08-17T07:00:00,391,kv-01,Simtola,11.87,31.678,123.571,196.728,99.5,1.759,4.0,28.798,22.0,1280.0,9.4,78.0,4.2,90.0,18.5,0.12,0,8,7,1.9436,29.7345,3.3825,23.2864,2.5319,0.5794,0.9489,-2.241,21.8053,4.0814,0.3205,0.2104,0,synthetic
2024-08-17T08:00:00,392,kv-01,Simtola,12.496,34.886,133.252,208.213,99.5,1.983,4.0,34.688,22.0,1280.0,9.4,78.0,4.2,90.0,18.5,0.12,0,8,8,1.9436,32.9425,4.5838,25.4856,2.6523,0.6419,1.032,-2.017,24.1578,4.4387,0.3205,0.2288,0,synthetic
2024-08-17T09:00:00,393,kv-01,Simtola,13.062,37.427,125.115,220.829,99.5,2.2,4.0,40.745,22.0,1280.0,9.4,78.0,4.2,90.0,18.5,0.12,0,8,9,1.9436,35.4834,5.6318,26.6568,2.5511,0.6914,1.1097,-1.8,26.0212,4.7732,0.3205,0.246,0,synthetic
2024-08-17T10:00:00,394,kv-01,Simtola,13.518,39.075,135.33,233.815,99.5,2.406,4.0,46.807,22.0,1280.0,9.4,78.0,4.2,90.0,18.5,0.12,0,8,10,1.9436,37.1315,6.3535,28.0275,2.6782,0.7235,1.1816,-1.594,27.2297,5.0821,0.3205,0.2619,0,synthetic
2024-08-17T11:00:00,395,kv-01,Simtola,12.939,39.518,144.894,246.265,99.5,2.567,4.0,51.749,22.0,1280.0,9.4,78.0,4.2,90.0,18.5,0.12,0,8,11,1.9436,37.5744,6.5529,28.7076,2.7971,0.7322,1.2366,-1.433,27.5546,5.3187,0.3205,0.2741,0,synthetic
2024-08-17T12:00:00,396,kv-01,Simtola,12.16,38.616,153.932,257.914,99.5,2.682,4.0,55.367,22.0,1280.0,9.4,78.0,4.2,90.0,18.5,0.12,0,8,12,1.9436,36.6724,6.1493,28.6232,2.9095,0.7146,1.2753,-1.318,26.8931,5.4852,0.3205,0.2827,0,synthetic
2024-08-17T13:00:00,397,kv-01,Simtola,11.371,36.469,145.785,268.847,99.5,2.755,4.0,57.727,22.0,1280.0,9.4,78.0,4.2,90.0,18.5,0.12,1,8,13,1.9436,34.5254,5.2272,27.2052,2.8082,0.6727,1.2997,-1.245,25.3187,7.5467,0.3205,0.2881,0,synthetic
2024-08-17T14:00:00,398,kv-01,Simtola,9.765,33.296,152.994,277.898,99.5,2.765,4.0,58.056,22.0,1280.0,9.4,78.0,4.2,90.0,18.5,0.12,0,8,14,1.9436,31.3524,3.9707,25.7869,2.8979,0.6109,1.303,-1.235,22.9918,5.6045,0.3205,0.2889,0,synthetic
2024-08-17T15:00:00,399,kv-01,Simtola,7.424,28.56,158.135,284.927,99.5,2.696,4.0,55.825,22.0,1280.0,9.4,78.0,4.2,90.0,18.5,0.12,1,8,15,1.9436,26.6165,2.3587,23.4189,2.9618,0.5186,1.28,-1.304,19.5187,7.4324,0.3205,0.2838,0,synthetic
2024-08-17T16:00:00,400,kv-01,Simtola,5.618,22.807,161.581,289.903,99.5,2.576,4.0,52.026,22.0,1280.0,9.4,78.0,4.2,90.0,18.5,0.12,0,8,16,1.9436,20.8635,0.8973,20.415,3.0047,0.4065,1.2396,-1.424,15.2999,5.3318,0.3205,0.2748,0,synthetic
2024-08-17T17:00:00,401,kv-01,Simtola,3.695,16.737,163.782,293.002,99.5,2.408,4.0,46.863,22.0,1280.0,9.4,78.0,4.2,90.0,18.5,0.12,0,8,17,1.9436,14.7934,0.0784,17.1784,3.032,0.2883,1.1823,-1.592,10.8485,5.0851,0.3205,0.2621,0,synthetic
2024-08-17T18:00:00,402,kv-01,Simtola,2.41,11.723,164.797,294.842,99.5,2.219,4.0,41.285,22.0,1280.0,9.4,78.0,4.2,90.0,18.5,0.12,1,8,18,1.9436,9.7795,0.0,14.4703,3.0447,0.1906,1.1164,-1.781,7.1716,6.4825,0.3205,0.2475,0,synthetic
2024-08-17T19:00:00,403,kv-01,Simtola,0.878,6.983,164.736,294.929,99.5,2.003,4.0,35.217,22.0,1280.0,9.4,78.0,4.2,90.0,18.5,0.12,0,8,19,1.9436,5.0394,0.0,11.8616,3.0439,0.0982,1.0392,-1.997,3.6956,4.4697,0.3205,0.2304,0,synthetic
2024-08-17T20:00:00,404,kv-01,Simtola,0.616,3.904,164.186,294.905,99.5,1.81,4.0,30.093,22.0,1280.0,9.4,78.0,4.2,90.0,18.5,0.12,1,8,20,1.9436,1.9604,0.0,10.1473,3.0371,0.0382,0.968,-2.19,1.4377,5.621,0.3205,0.2146,0,synthetic
2024-08-17T21:00:00,405,kv-01,Simtola,0.683,2.177,164.157,295.038,99.5,1.64,4.0,25.829,22.0,1280.0,9.4,78.0,4.2,90.0,18.5,0.12,0,8,21,1.9436,0.2334,0.0,9.1972,3.0367,0.0045,0.9034,-2.36,0.1712,3.8858,0.3205,0.2003,0,synthetic
2024-08-17T22:00:00,406,kv-01,Simtola,1.417,2.716,164.72,295.911,99.5,1.51,4.0,22.719,22.0,1280.0,9.4,78.0,4.2,90.0,18.5,0.12,0,8,22,1.9436,0.7725,0.0,9.5202,3.0437,0.0151,0.8524,-2.49,0.5665,3.6665,0.3205,0.189,0,synthetic
2024-08-17T23:00:00,407,kv-01,Simtola,3.249,5.349,166.306,298.466,99.5,1.455,4.0,21.451,22.0,1280.0,9.4,78.0,4.2,90.0,18.5,0.12,1,8,23,1.9436,3.4055,0.0,11.0438,3.0634,0.0664,0.8305,-2.545,2.4973,4.8221,0.3205,0.1841,0,synthetic
2024-08-18T00:00:00,408,kv-01,Simtola,5.36,10.026,169.528,303.167,99.5,1.476,4.0,21.937,22.0,1280.0,9.4,78.0,4.2,90.0,18.5,0.12,1,8,0,1.9436,8.0824,0.0,13.7664,3.1035,0.1575,0.8389,-2.524,5.9271,4.8712,0.3205,0.186,0,synthetic
2024-08-18T01:00:00,409,kv-01,Simtola,8.352,16.961,174.647,310.909,99.5,1.594,4.0,24.722,22.0,1280.0,9.4,78.0,4.2,90.0,18.5,0.12,0,8,1,1.9436,15.0174,0.0933,17.821,3.1672,0.2926,0.8856,-2.406,11.0128,3.8091,0.3205,0.1963,0,synthetic
2024-08-18T02:00:00,410,kv-01,Simtola,11.464,25.176,181.735,321.967,99.5,1.803,4.0,29.915,22.0,1280.0,9.4,78.0,4.2,90.0,18.5,0.12,1,8,2,1.9436,23.2325,1.4266,22.6742,3.2553,0.4527,0.9654,-2.197,17.0371,5.6059,0.3205,0.214,0,synthetic
2024-08-18T03:00:00,411,kv-01,Simtola,14.82,34.636,190.654,335.939,99.5,2.099,4.0,37.881,22.0,1280.0,9.4,78.0,4.2,90.0,18.5,0.12,1,8,3,1.9436,32.6925,4.4852,28.2989,3.3663,0.637,1.0738,-1.901,23.9745,6.2352,0.3205,0.2381,0,synthetic
2024-08-18T04:00:00,412,kv-01,Simtola,18.215,44.5,201.189,353.61,99.5,2.474,4.0,48.852,22.0,1280.0,9.4,78.0,4.2,90.0,18.5,0.12,0,8,4,1.9436,42.5564,8.9413,34.2296,3.4973,0.8292,1.2049,-1.526,31.2081,5.1823,0.3205,0.2671,0,synthetic
2024-08-18T05:00:00,413,kv-01,Simtola,21.392,54.427,213.294,374.07,99.5,2.907,4.0,62.737,22.0,1280.0,9.4,78.0,4.2,90.0,18.5,0.12,1,8,5,1.9436,52.4834,14.3898,40.2713,3.6478,1.0227,1.35,-1.093,38.4879,7.8387,0.3205,0.2993,0,synthetic
2024-08-18T06:00:00,414,kv-01,Simtola,24.032,63.64,226.805,396.973,99.5,3.371,4.0,78.91,22.0,1280.0,9.4,78.0,4.2,90.0,18.5,0.12,0,8,6,1.9436,61.6964,20.1041,45.9883,3.8159,1.2022,1.4999,-0.629,45.2441,6.4512,0.3205,0.3325,0,synthetic
2024-08-18T07:00:00,415,kv-01,Simtola,26.368,71.792,241.303,422.313,99.5,3.846,4.0,96.829,22.0,1280.0,9.4,78.0,4.2,90.0,18.5,0.12,1,8,7,1.9436,69.8484,25.5768,51.1739,3.9962,1.361,1.649,-0.154,51.2222,9.5749,0.3205,0.3656,0,synthetic
2024-08-18T08:00:00,416,kv-01,Simtola,27.462,77.862,256.27,449.024,99.5,4.287,4.0,114.55,22.0,1280.0,9.4,78.0,4.2,90.0,18.5,0.12,0,8,8,1.9436,75.9184,29.8616,55.2406,4.1824,1.4793,1.7842,0.287,55.6735,7.6742,0.3205,0.3955,1,synthetic
2024-08-18T09:00:00,417,kv-01,Simtola,27.744,81.574,270.953,475.719,99.5,4.667,4.0,130.655,22.0,1280.0,9.4,78.0,4.2,90.0,18.5,0.12,1,8,9,1.9436,79.6304,32.5589,57.9997,4.365,1.5516,1.8988,0.667,58.3957,11.0254,0.3205,0.4209,1,synthetic
2024-08-18T10:00:00,418,kv-01,Simtola,26.838,82.044,284.272,501.902,99.5,4.953,4.0,143.275,22.0,1280.0,9.4,78.0,4.2,90.0,18.5,0.12,1,8,10,1.9436,80.1004,32.9042,58.9213,4.5306,1.5608,1.984,0.953,58.7403,11.5203,0.3205,0.4398,1,synthetic
2024-08-18T11:00:00,419,kv-01,Simtola,25.332,79.914,296.666,526.386,99.5,5.139,4.0,151.714,22.0,1280.0,9.4,78.0,4.2,90.0,18.5,0.12,0,8,11,1.9436,77.9704,31.3459,58.3676,4.6848,1.5193,2.039,1.139,57.1783,8.7702,0.3205,0.452,1,synthetic
2024-08-18T12:00:00,420,kv-01,Simtola,22.73,74.9,307.236,548.165,99.5,5.205,4.0,154.772,22.0,1280.0,9.4,78.0,4.2,90.0,18.5,0.12,0,8,12,1.9436,72.9565,27.7503,56.1424,4.8162,1.4216,2.0585,1.205,53.5014,8.854,0.3205,0.4563,1,synthetic
2024-08-18T13:00:00,421,kv-01,Simtola,19.387,67.449,315.252,566.558,99.5,5.149,4.0,152.175,22.0,1280.0,9.4,78.0,4.2,90.0,18.5,0.12,0,8,13,1.9436,65.5054,22.6176,52.4599,4.9159,1.2764,2.042,1.149,48.0373,8.7829,0.3205,0.4527,1,synthetic
2024-08-18T14:00:00,422,kv-01,Simtola,16.048,58.165,321.535,581.456,99.5,4.992,4.0,145.032,22.0,1280.0,9.4,78.0,4.2,90.0,18.5,0.12,0,8,14,1.9436,56.2214,16.641,47.6824,4.9941,1.0955,1.9956,0.992,41.2291,8.5833,0.3205,0.4424,1,synthetic
2024-08-18T15:00:00,423,kv-01,Simtola,12.577,48.012,326.688,592.656,99.5,4.747,4.0,134.173,22.0,1280.0,9.4,78.0,4.2,90.0,18.5,0.12,0,8,15,1.9436,46.0684,10.7724,42.3615,5.0582,0.8977,1.9227,0.747,33.7835,8.27,0.3205,0.4262,1,synthetic
2024-08-18T16:00:00,424,kv-01,Simtola,8.655,37.28,329.725,600.621,99.5,4.415,4.0,119.913,22.0,1280.0,9.4,78.0,4.2,90.0,18.5,0.12,0,8,16,1.9436,35.3364,5.569,36.6226,5.096,0.6885,1.823,0.415,25.9134,7.8411,0.3205,0.4041,1,synthetic
2024-08-18T17:00:00,425,kv-01,Simtola,5.528,26.76,331.558,605.375,99.5,4.036,4.0,104.314,22.0,1280.0,9.4,78.0,4.2,90.0,18.5,0.12,0,8,17,1.9436,24.8165,1.8383,30.935,5.1188,0.4836,1.7075,0.036,18.1987,7.3444,0.3205,0.3785,1,synthetic
2024-08-18T18:00:00,426,kv-01,Simtola,3.105,17.288,332.253,607.921,99.5,3.637,4.0,88.789,22.0,1280.0,9.4,78.0,4.2,90.0,18.5,0.12,1,8,18,1.9436,15.3445,0.1174,25.7674,5.1274,0.299,1.5839,-0.363,11.2526,9.1968,0.3205,0.3511,0,synthetic
2024-08-18T19:00:00,427,kv-01,Simtola,1.263,9.895,332.637,591.883,99.5,3.239,4.0,74.191,22.0,1280.0,9.4,78.0,4.2,90.0,18.5,0.12,1,8,19,1.9436,7.9514,0.0,21.6154,5.1322,0.1549,1.4578,-0.761,5.8311,8.4646,0.3205,0.3232,0,synthetic
2024-08-18T20:00:00,428,kv-01,Simtola,0.405,4.772,332.426,591.789,99.5,2.882,4.0,61.893,22.0,1280.0,9.4,78.0,4.2,90.0,18.5,0.12,1,8,20,1.9436,2.8285,0.0,18.7893,5.1295,0.0551,1.3417,-1.118,2.0742,7.7908,0.3205,0.2974,0,synthetic
2024-08-18T21:00:00,429,kv-01,Simtola,0.552,2.22,332.295,591.574,99.5,2.576,4.0,52.007,22.0,1280.0,9.4,78.0,4.2,90.0,18.5,0.12,0,8,21,1.9436,0.2765,0.0,17.3794,5.1279,0.0054,1.2396,-1.424,0.2027,5.3316,0.3205,0.2748,0,synthetic
2024-08-18T22:00:00,430,kv-01,Simtola,1.813,2.77,332.691,592.651,99.5,2.345,4.0,44.975,22.0,1280.0,9.4,78.0,4.2,90.0,18.5,0.12,0,8,22,1.9436,0.8264,0.0,17.7035,5.1328,0.0161,1.1605,-1.655,0.6061,4.9913,0.3205,0.2573,0,synthetic
2024-08-18T23:00:00,431,kv-01,Simtola,3.823,6.188,333.265,581.899,99.5,2.211,4.0,41.051,22.0,1280.0,9.4,78.0,4.2,90.0,18.5,0.12,0,8,23,1.9436,4.2444,0.0,19.5377,5.14,0.0827,1.1136,-1.789,3.1126,4.7897,0.3205,0.2469,0,synthetic
2024-08-19T00:00:00,432,kv-01,Simtola,6.918,12.554,334.823,588.079,99.5,2.196,4.0,40.631,22.0,1280.0,9.4,78.0,4.2,90.0,18.5,0.12,0,8,0,1.9436,10.6105,0.0,23.1361,5.1594,0.2067,1.1083,-1.804,7.781,4.7671,0.3205,0.2457,0,synthetic
2024-08-19T01:00:00,433,kv-01,Simtola,9.928,20.669,336.399,597.005,99.5,2.284,4.0,43.157,22.0,1280.0,9.4,78.0,4.2,90.0,18.5,0.12,0,8,1,1.9436,18.7255,0.5156,27.7142,5.179,0.3649,1.1392,-1.716,13.732,4.8997,0.3205,0.2525,0,synthetic
2024-08-19T02:00:00,434,kv-01,Simtola,13.778,30.623,338.713,609.432,99.5,2.488,4.0,49.288,22.0,1280.0,9.4,78.0,4.2,90.0,18.5,0.12,0,8,2,1.9436,28.6795,3.0195,33.3533,5.2077,0.5588,1.2097,-1.512,21.0316,5.203,0.3205,0.2682,0,synthetic
2024-08-19T03:00:00,435,kv-01,Simtola,17.361,41.067,341.254,625.393,99.5,2.785,4.0,58.719,22.0,1280.0,9.4,78.0,4.2,90.0,18.5,0.12,0,8,3,1.9436,39.1234,7.2674,39.2926,5.2393,0.7623,1.3097,-1.215,28.6905,5.6332,0.3205,0.2903,0,synthetic
2024-08-19T04:00:00,436,kv-01,Simtola,20.22,51.359,343.259,643.711,99.5,3.139,4.0,70.662,22.0,1280.0,9.4,78.0,4.2,90.0,18.5,0.12,1,8,4,1.9436,49.4154,12.6185,45.1429,5.2643,0.9629,1.4255,-0.861,36.238,8.2775,0.3205,0.316,0,synthetic
2024-08-19T05:00:00,437,kv-01,Simtola,23.215,60.797,345.082,664.72,99.5,3.543,4.0,85.257,22.0,1280.0,9.4,78.0,4.2,90.0,18.5,0.12,0,8,5,1.9436,58.8534,18.2826,50.5334,5.287,1.1468,1.5543,-0.457,43.1592,6.6855,0.3205,0.3446,0,synthetic
2024-08-19T06:00:00,438,kv-01,Simtola,25.038,68.473,346.087,687.236,99.5,3.949,4.0,100.872,22.0,1280.0,9.4,78.0,4.2,90.0,18.5,0.12,0,8,6,1.9436,66.5294,23.3068,54.9336,5.2995,1.2964,1.6808,-0.051,48.7883,7.2294,0.3205,0.3726,0,synthetic
2024-08-19T07:00:00,439,kv-01,Simtola,26.133,74.386,345.852,710.727,99.5,4.329,4.0,116.321,22.0,1280.0,9.4,78.0,4.2,90.0,18.5,0.12,1,8,7,1.9436,72.4424,27.3878,58.3238,5.2965,1.4116,1.797,0.329,53.1245,10.4343,0.3205,0.3984,1,synthetic
2024-08-19T08:00:00,440,kv-01,Simtola,26.533,77.704,344.924,734.446,99.5,4.662,4.0,130.456,22.0,1280.0,9.4,78.0,4.2,90.0,18.5,0.12,0,8,8,1.9436,75.7604,29.7481,60.2621,5.285,1.4762,1.8973,0.662,55.5577,8.1606,0.3205,0.4206,1,synthetic
2024-08-19T09:00:00,441,kv-01,Simtola,25.717,78.383,342.896,738.964,99.5,4.912,4.0,141.439,22.0,1280.0,9.4,78.0,4.2,90.0,18.5,0.12,0,8,9,1.9436,76.4394,30.2369,60.5878,5.2598,1.4895,1.9718,0.912,56.0556,8.4812,0.3205,0.4371,1,synthetic
2024-08-19T10:00:00,442,kv-01,Simtola,24.403,76.653,340.461,760.064,99.5,5.074,4.0,148.765,22.0,1280.0,9.4,78.0,4.2,90.0,18.5,0.12,0,8,10,1.9436,74.7095,28.9953,59.6768,5.2295,1.4557,2.0199,1.074,54.7869,8.6877,0.3205,0.4478,1,synthetic
2024-08-19T11:00:00,443,kv-01,Simtola,22.59,72.709,337.719,779.278,99.5,5.148,4.0,152.12,22.0,1280.0,9.4,78.0,4.2,90.0,18.5,0.12,0,8,11,1.9436,70.7655,26.2134,57.5249,5.1954,1.3789,2.0417,1.148,51.8947,8.7816,0.3205,0.4526,1,synthetic
2024-08-19T12:00:00,444,kv-01,Simtola,18.995,65.988,333.985,795.153,99.5,5.089,4.0,149.421,22.0,1280.0,9.4,78.0,4.2,90.0,18.5,0.12,0,8,12,1.9436,64.0444,21.6441,53.7875,5.1489,1.2479,2.0243,1.089,46.9659,8.7067,0.3205,0.4488,1,synthetic
2024-08-19T13:00:00,445,kv-01,Simtola,16.193,57.779,330.791,791.828,99.5,4.947,4.0,143.028,22.0,1280.0,9.4,78.0,4.2,90.0,18.5,0.12,1,8,13,1.9436,55.8355,16.404,49.132,5.1092,1.088,1.9823,0.947,40.946,11.5101,0.3205,0.4394,1,synthetic
2024-08-19T14:00:00,446,kv-01,Simtola,13.107,48.295,327.849,802.379,99.5,4.728,4.0,133.336,22.0,1280.0,9.4,78.0,4.2,90.0,18.5,0.12,0,8,14,1.9436,46.3514,10.9248,43.8715,5.0726,0.9032,1.9171,0.728,33.9911,8.2456,0.3205,0.425,1,synthetic
2024-08-19T15:00:00,447,kv-01,Simtola,9.57,38.87,324.842,809.665,99.5,4.43,4.0,120.526,22.0,1280.0,9.4,78.0,4.2,90.0,18.5,0.12,0,8,15,1.9436,36.9264,6.262,38.6205,5.0352,0.7195,1.8275,0.43,27.0794,7.8605,0.3205,0.4051,1,synthetic
2024-08-19T16:00:00,448,kv-01,Simtola,6.262,28.939,322.449,813.755,99.5,4.072,4.0,105.782,22.0,1280.0,9.4,78.0,4.2,90.0,18.5,0.12,1,8,16,1.9436,26.9954,2.475,33.0943,5.0055,0.526,1.7186,0.072,19.7967,9.9793,0.3205,0.381,1,synthetic
2024-08-19T17:00:00,449,kv-01,Simtola,4.17,20.002,321.091,816.431,99.5,3.703,4.0,91.304,22.0,1280.0,9.4,78.0,4.2,90.0,18.5,0.12,0,8,17,1.9436,18.0585,0.4164,28.1447,4.9886,0.3519,1.6045,-0.297,13.2429,6.9013,0.3205,0.3557,0,synthetic
2024-08-19T18:00:00,450,kv-01,Simtola,2.2,12.632,320.187,817.237,99.5,3.326,4.0,77.311,22.0,1280.0,9.4,78.0,4.2,90.0,18.5,0.12,0,8,18,1.9436,10.6884,0.0,24.0623,4.9773,0.2083,1.4856,-0.674,7.8382,6.3898,0.3205,0.3293,0,synthetic
2024-08-19T19:00:00,451,kv-01,Simtola,0.81,7.18,319.734,817.108,99.5,2.96,4.0,64.533,22.0,1280.0,9.4,78.0,4.2,90.0,18.5,0.12,1,8,19,1.9436,5.2364,0.0,21.0459,4.9717,0.102,1.3674,-1.04,3.8401,7.9398,0.3205,0.3031,0,synthetic
2024-08-19T20:00:00,452,kv-01,Simtola,0.277,3.288,319.607,816.22,99.453,2.641,4.0,54.062,22.0,1280.0,9.4,78.0,4.2,90.0,18.5,0.12,0,8,20,1.9486,1.3394,0.0,18.895,4.9678,0.0261,1.2615,-1.359,0.9822,5.426,0.3506,0.2797,0,synthetic
2024-08-19T21:00:00,453,kv-01,Simtola,0.258,1.345,319.312,815.765,99.395,2.364,4.0,45.538,22.0,1280.0,9.4,78.0,4.2,90.0,18.5,0.12,1,8,21,1.345,0.0,0.0,17.8125,4.9612,0.0,1.167,-1.636,0.0,6.7765,0.3878,0.2587,0,synthetic
2024-08-19T22:00:00,454,kv-01,Simtola,1.04,1.575,318.539,815.951,99.5,2.135,4.0,38.883,22.0,1280.0,9.4,78.0,4.2,90.0,18.5,0.12,0,8,22,1.575,0.0,0.0,17.9112,4.9568,0.0,1.0866,-1.865,0.0,4.6738,0.3205,0.2409,0,synthetic
2024-08-19T23:00:00,455,kv-01,Simtola,2.301,3.598,317.017,816.588,99.5,1.976,4.0,34.495,22.0,1280.0,9.4,78.0,4.2,90.0,18.5,0.12,0,8,23,1.9436,1.6544,0.0,18.9707,4.9379,0.0322,1.0294,-2.024,1.2133,4.4277,0.3205,0.2282,0,synthetic
2024-08-20T00:00:00,456,kv-01,Simtola,3.76,7.101,313.859,818.211,99.5,1.885,4.0,32.061,22.0,1280.0,9.4,78.0,4.2,90.0,18.5,0.12,0,8,0,1.9436,5.1574,0.0,20.7891,4.8986,0.1005,0.996,-2.115,3.7821,4.284,0.3205,0.2208,0,synthetic
2024-08-20T01:00:00,457,kv-01,Simtola,5.492,11.553,309.424,820.469,99.5,1.862,4.0,31.459,22.0,1280.0,9.4,78.0,4.2,90.0,18.5,0.12,0,8,1,1.9436,9.6095,0.0,23.0855,4.8435,0.1872,0.9875,-2.138,7.0469,4.2474,0.3205,0.2189,0,synthetic
2024-08-20T02:00:00,458,kv-01,Simtola,6.998,16.251,302.644,823.092,99.5,1.892,4.0,32.243,22.0,1280.0,9.4,78.0,4.2,90.0,18.5,0.12,0,8,2,1.9436,14.3075,0.0503,25.4315,4.7591,0.2788,0.9986,-2.108,10.4921,4.295,0.3205,0.2214,0,synthetic
2024-08-20T03:00:00,459,kv-01,Simtola,8.863,21.353,294.146,826.053,99.5,1.98,4.0,34.605,22.0,1280.0,9.4,78.0,4.2,90.0,18.5,0.12,1,8,3,1.9436,19.4094,0.6273,27.9375,4.6534,0.3782,1.0309,-2.02,14.2336,5.9858,0.3205,0.2285,0,synthetic
2024-08-20T04:00:00,460,kv-01,Simtola,9.778,25.64,283.704,828.152,99.5,2.089,4.0,37.582,22.0,1280.0,9.4,78.0,4.2,90.0,18.5,0.12,0,8,4,1.9436,23.6964,1.5425,29.9169,4.5236,0.4617,1.0702,-1.911,17.3774,4.603,0.3205,0.2372,0,synthetic
2024-08-20T05:00:00,461,kv-01,Simtola,10.886,29.528,271.375,829.75,99.5,2.221,4.0,41.331,22.0,1280.0,9.4,78.0,4.2,90.0,18.5,0.12,0,8,5,1.9436,27.5844,2.6604,31.6029,4.3702,0.5375,1.1171,-1.779,20.2286,4.8047,0.3205,0.2476,0,synthetic
2024-08-20T06:00:00,462,kv-01,Simtola,11.422,32.086,257.759,830.651,99.5,2.355,4.0,45.255,22.0,1280.0,9.4,78.0,4.2,90.0,18.5,0.12,0,8,6,1.9436,30.1424,3.5273,32.5048,4.2009,0.5873,1.1639,-1.645,22.1045,5.006,0.3205,0.258,0,synthetic
2024-08-20T07:00:00,463,kv-01,Simtola,11.514,33.822,243.14,830.296,99.5,2.475,4.0,48.885,22.0,1280.0,9.4,78.0,4.2,90.0,18.5,0.12,0,8,7,1.9436,31.8785,4.1697,32.9092,4.0191,0.6212,1.2052,-1.525,23.3775,5.1838,0.3205,0.2672,0,synthetic
2024-08-20T08:00:00,464,kv-01,Simtola,11.246,34.181,227.852,829.046,99.5,2.571,4.0,51.856,22.0,1280.0,9.4,78.0,4.2,90.0,18.5,0.12,0,8,8,1.9436,32.2374,4.3078,32.5255,3.8289,0.6282,1.2379,-1.429,23.6408,5.3243,0.3205,0.2744,0,synthetic
2024-08-20T09:00:00,465,kv-01,Simtola,10.475,33.235,212.611,826.459,99.5,2.629,4.0,53.68,22.0,1280.0,9.4,78.0,4.2,90.0,18.5,0.12,1,8,9,1.9436,31.2914,3.9478,31.4175,3.6393,0.6097,1.2575,-1.371,22.9471,7.3016,0.3205,0.2788,0,synthetic
2024-08-20T10:00:00,466,kv-01,Simtola,9.934,31.655,198.142,822.876,99.5,2.661,4.0,54.711,22.0,1280.0,9.4,78.0,4.2,90.0,18.5,0.12,1,8,10,1.9436,29.7114,3.3745,29.9836,3.4594,0.5789,1.2683,-1.339,21.7884,7.3643,0.3205,0.2812,0,synthetic
2024-08-20T11:00:00,467,kv-01,Simtola,8.691,29.1,184.243,818.628,99.5,2.648,4.0,54.293,22.0,1280.0,9.4,78.0,4.2,90.0,18.5,0.12,0,8,11,1.9436,27.1564,2.5252,28.0305,3.2865,0.5292,1.2639,-1.352,19.9147,5.4362,0.3205,0.2802,0,synthetic
2024-08-20T12:00:00,468,kv-01,Simtola,7.166,25.791,172.414,813.634,99.5,2.586,4.0,52.333,22.0,1280.0,9.4,78.0,4.2,90.0,18.5,0.12,1,8,12,1.9436,23.8475,1.5811,25.7358,3.1394,0.4647,1.243,-1.414,17.4881,7.2175,0.3205,0.2756,0,synthetic
2024-08-20T13:00:00,469,kv-01,Simtola,5.631,21.488,161.851,807.894,99.5,2.481,4.0,49.079,22.0,1280.0,9.4,78.0,4.2,90.0,18.5,0.12,1,8,13,1.9436,19.5444,0.6505,22.9371,3.008,0.3808,1.2073,-1.519,14.3326,7.0102,0.3205,0.2676,0,synthetic
2024-08-20T14:00:00,470,kv-01,Simtola,4.447,17.244,153.191,802.576,99.5,2.35,4.0,45.13,22.0,1280.0,9.4,78.0,4.2,90.0,18.5,0.12,1,8,14,1.9436,15.3004,0.114,20.245,2.9003,0.2981,1.1622,-1.65,11.2203,6.7485,0.3205,0.2576,0,synthetic
2024-08-20T15:00:00,471,kv-01,Simtola,3.074,13.152,146.696,798.226,99.5,2.191,4.0,40.467,22.0,1280.0,9.4,78.0,4.2,90.0,18.5,0.12,1,8,15,1.9436,11.2084,0.0,17.7236,2.8195,0.2184,1.1065,-1.809,8.2195,6.4249,0.3205,0.2453,0,synthetic
2024-08-20T16:00:00,472,kv-01,Simtola,2.169,9.69,142.603,794.777,99.5,2.021,4.0,35.707,22.0,1280.0,9.4,78.0,4.2,90.0,18.5,0.12,1,8,16,1.9436,7.7464,0.0,15.6445,2.7686,0.1509,1.0457,-1.979,5.6807,6.0719,0.3205,0.2318,0,synthetic
2024-08-20T17:00:00,473,kv-01,Simtola,1.671,6.914,140.104,792.753,99.5,1.855,4.0,31.268,22.0,1280.0,9.4,78.0,4.2,90.0,18.5,0.12,1,8,17,1.9436,4.9704,0.0,14.0113,2.7375,0.0969,0.9849,-2.145,3.645,5.7187,0.3205,0.2183,0,synthetic
2024-08-20T18:00:00,474,kv-01,Simtola,0.692,4.532,138.596,791.035,99.5,1.68,4.0,26.815,22.0,1280.0,9.4,78.0,4.2,90.0,18.5,0.12,1,8,18,1.9436,2.5884,0.0,12.6339,2.7188,0.0504,0.9188,-2.32,1.8982,5.3353,0.3205,0.2037,0,synthetic
2024-08-20T19:00:00,475,kv-01,Simtola,0.21,2.573,137.995,790.367,99.416,1.52,4.0,22.965,22.0,1280.0,9.4,78.0,4.2,90.0,18.5,0.12,1,8,19,1.9525,0.6205,0.0,11.5298,2.709,0.0121,0.8565,-2.48,0.455,4.9733,0.3744,0.1899,0,synthetic
2024-08-20T20:00:00,476,kv-01,Simtola,0.07,0.972,137.788,789.821,99.255,1.377,4.0,19.695,22.0,1280.0,9.4,78.0,4.2,90.0,18.5,0.12,0,8,20,0.972,0.0,0.0,10.638,2.7021,0.0,0.7987,-2.623,0.0,3.4355,0.4776,0.1771,0,synthetic
2024-08-20T21:00:00,477,kv-01,Simtola,0.088,0.368,137.618,789.226,99.105,1.249,4.0,16.935,22.0,1280.0,9.4,78.0,4.2,90.0,18.5,0.12,1,8,21,0.368,0.0,0.0,10.2957,2.6959,0.0,0.7453,-2.751,0.0,4.3274,0.5737,0.1652,0,synthetic
2024-08-20T22:00:00,478,kv-01,Simtola,0.493,0.652,137.072,788.302,99.177,1.139,4.0,14.676,22.0,1280.0,9.4,78.0,4.2,90.0,18.5,0.12,0,8,22,0.652,0.0,0.0,10.4257,2.6911,0.0,0.6976,-2.861,0.0,3.0004,0.5276,0.1546,0,synthetic
2024-08-20T23:00:00,479,kv-01,Simtola,0.791,1.372,135.562,785.844,99.413,1.043,4.0,12.807,22.0,1280.0,9.4,78.0,4.2,90.0,18.5,0.12,0,8,23,1.372,0.0,0.0,10.7497,2.6787,0.0,0.6545,-2.957,0.0,2.8152,0.3763,0.1451,0,synthetic
2024-08-21T00:00:00,480,kv-01,Simtola,1.122,2.407,132.924,781.607,99.5,0.966,4.0,11.376,22.0,1280.0,9.4,78.0,4.2,90.0,18.5,0.12,1,8,0,1.9436,0.4634,0.0,11.1935,2.6482,0.009,0.6189,-3.034,0.3399,3.5935,0.3205,0.1372,0,synthetic
2024-08-21T01:00:00,481,kv-01,Simtola,11.209,13.123,138.641,784.464,99.5,1.232,4.0,16.588,22.0,1280.0,9.4,78.0,4.2,90.0,18.5,0.12,0,8,1,1.9436,11.1794,0.0,17.3196,2.7193,0.2178,0.7381,-2.768,8.1983,3.1746,0.3205,0.1636,0,synthetic
2024-08-21T02:00:00,482,kv-01,Simtola,1.826,14.157,133.469,774.825,99.5,1.16,4.0,15.097,22.0,1280.0,9.4,78.0,4.2,90.0,18.5,0.12,0,8,2,1.9436,12.2134,0.0,17.6341,2.655,0.238,0.7068,-2.84,8.9565,3.04,0.3205,0.1567,0,synthetic
2024-08-21T03:00:00,483,kv-01,Simtola,1.899,14.934,126.505,761.905,99.5,1.097,4.0,13.851,22.0,1280.0,9.4,78.0,4.2,90.0,18.5,0.12,1,8,3,1.9436,12.9904,0.0051,17.7195,2.5684,0.2531,0.679,-2.903,9.5263,3.9424,0.3205,0.1505,0,synthetic
2024-08-21T04:00:00,484,kv-01,Simtola,2.237,5.962,118.964,745.926,99.5,1.052,4.0,12.979,22.0,1280.0,9.4,78.0,4.2,90.0,18.5,0.12,0,8,4,1.9436,4.0184,0.0,12.4023,2.4746,0.0783,0.6586,-2.948,2.9469,2.8329,0.3205,0.146,0,synthetic
2024-08-21T05:00:00,485,kv-01,Simtola,2.421,6.557,110.498,726.955,99.5,1.017,4.0,12.327,22.0,1280.0,9.4,78.0,4.2,90.0,18.5,0.12,1,8,5,1.9436,4.6135,0.0,12.2935,2.3693,0.0899,0.6427,-2.983,3.3832,3.732,0.3205,0.1425,0,synthetic
2024-08-21T06:00:00,486,kv-01,Simtola,2.331,6.989,101.408,705.254,99.5,0.984,4.0,11.695,22.0,1280.0,9.4,78.0,4.2,90.0,18.5,0.12,0,8,6,1.9436,5.0454,0.0,12.0546,2.2563,0.0983,0.6272,-3.016,3.7,2.6976,0.3205,0.139,0,synthetic
2024-08-21T07:00:00,487,kv-01,Simtola,2.891,7.643,92.785,681.777,99.5,0.972,4.0,11.476,22.0,1280.0,9.4,78.0,4.2,90.0,18.5,0.12,0,8,7,1.9436,5.6994,0.0,11.9442,2.149,0.1111,0.6216,-3.028,4.1796,2.6735,0.3205,0.1378,0,synthetic
2024-08-21T08:00:00,488,kv-01,Simtola,2.294,7.517,83.834,656.61,99.5,0.941,4.0,10.92,22.0,1280.0,9.4,78.0,4.2,90.0,18.5,0.12,0,8,8,1.9436,5.5735,0.0,11.3819,2.0377,0.1086,0.607,-3.059,4.0872,2.6107,0.3205,0.1346,0,synthetic
2024-08-21T09:00:00,489,kv-01,Simtola,2.204,7.389,75.563,631.07,99.5,0.91,4.0,10.375,22.0,1280.0,9.4,78.0,4.2,90.0,18.5,0.12,0,8,9,1.9436,5.4455,0.0,10.8418,1.9348,0.1061,0.5922,-3.09,3.9933,2.5472,0.3205,0.1313,0,synthetic
2024-08-21T10:00:00,490,kv-01,Simtola,1.822,6.321,67.451,606.054,99.5,0.87,4.0,9.672,22.0,1280.0,9.4,78.0,4.2,90.0,18.5,0.12,1,8,10,1.9436,4.3774,0.0,9.7938,1.8339,0.0853,0.5726,-3.13,3.2101,3.3251,0.3205,0.1269,0,synthetic
2024-08-21T11:00:00,491,kv-01,Simtola,2.157,6.183,60.917,582.879,99.5,0.845,4.0,9.241,22.0,1280.0,9.4,78.0,4.2,90.0,18.5,0.12,1,8,11,1.9436,4.2394,0.0,9.328,1.7527,0.0826,0.5602,-3.155,3.1089,3.2529,0.3205,0.1242,0,synthetic
2024-08-21T12:00:00,492,kv-01,Simtola,1.726,5.705,55.477,561.876,99.5,0.808,4.0,8.62,22.0,1280.0,9.4,78.0,4.2,90.0,18.5,0.12,0,8,12,1.9436,3.7614,0.0,8.7299,1.685,0.0733,0.5416,-3.192,2.7584,2.3294,0.3205,0.1201,0,synthetic
2024-08-21T13:00:00,493,kv-01,Simtola,1.371,5.254,51.217,543.859,99.5,0.762,4.0,7.882,22.0,1280.0,9.4,78.0,4.2,90.0,18.5,0.12,1,8,13,1.9436,3.3104,0.0,8.2095,1.632,0.0645,0.5181,-3.238,2.4277,3.0084,0.3205,0.1149,0,synthetic
2024-08-21T14:00:00,494,kv-01,Simtola,0.961,4.058,47.731,528.772,99.5,0.708,4.0,7.024,22.0,1280.0,9.4,78.0,4.2,90.0,18.5,0.12,1,8,14,1.9436,2.1144,0.0,7.3266,1.5887,0.0412,0.4894,-3.292,1.5506,2.8415,0.3205,0.1085,0,synthetic
2024-08-21T15:00:00,495,kv-01,Simtola,0.66,2.992,45.317,516.855,99.5,0.653,4.0,6.197,22.0,1280.0,9.4,78.0,4.2,90.0,18.5,0.12,0,8,15,1.9436,1.0484,0.0,6.5753,1.5586,0.0204,0.4593,-3.347,0.7689,1.9755,0.3205,0.1018,0,synthetic
2024-08-21T16:00:00,496,kv-01,Simtola,0.482,2.103,43.63,508.682,99.5,0.601,4.0,5.455,22.0,1280.0,9.4,78.0,4.2,90.0,18.5,0.12,0,8,16,1.9436,0.1595,0.0,5.972,1.5376,0.0031,0.43,-3.399,0.1169,1.8494,0.3205,0.0953,0,synthetic
2024-08-21T17:00:00,497,kv-01,Simtola,0.362,1.503,42.321,503.516,99.5,0.553,4.0,4.795,22.0,1280.0,9.4,78.0,4.2,90.0,18.5,0.12,0,8,17,1.503,0.0,0.0,5.5607,1.5214,0.0,0.4018,-3.447,0.0,1.7282,0.3205,0.0891,0,synthetic
2024-08-21T18:00:00,498,kv-01,Simtola,0.384,1.227,42.013,500.795,99.5,0.51,4.0,4.225,22.0,1280.0,9.4,78.0,4.2,90.0,18.5,0.12,1,8,18,1.227,0.0,0.0,5.3803,1.5175,0.0,0.3755,-3.49,0.0,2.1805,0.3205,0.0832,0,synthetic
2024-08-21T19:00:00,499,kv-01,Simtola,0.508,1.254,42.311,500.04,99.5,0.472,4.0,3.744,22.0,1280.0,9.4,78.0,4.2,90.0,18.5,0.12,0,8,19,1.254,0.0,0.0,5.4016,1.5212,0.0,0.3515,-3.528,0.0,1.512,0.3205,0.0779,0,synthetic
2024-08-21T20:00:00,500,kv-01,Simtola,0.171,1.062,42.411,499.806,99.394,0.433,4.0,3.284,22.0,1280.0,9.4,78.0,4.2,90.0,18.5,0.12,0,8,20,1.062,0.0,0.0,5.2983,1.5209,0.0,0.3265,-3.567,0.0,1.4043,0.3885,0.0724,0,synthetic
2024-08-21T21:00:00,501,kv-01,Simtola,0.238,0.917,42.561,499.492,99.326,0.399,4.0,2.892,22.0,1280.0,9.4,78.0,4.2,90.0,18.5,0.12,0,8,21,0.917,0.0,0.0,5.2222,1.5217,0.0,0.3036,-3.601,0.0,1.3058,0.4321,0.0673,0,synthetic
2024-08-21T22:00:00,502,kv-01,Simtola,0.478,0.887,42.546,498.157,99.39,0.371,4.0,2.576,22.0,1280.0,9.4,78.0,4.2,90.0,18.5,0.12,0,8,22,0.887,0.0,0.0,5.1968,1.5225,0.0,0.2839,-3.629,0.0,1.221,0.391,0.0629,0,synthetic
2024-08-21T23:00:00,503,kv-01,Simtola,0.239,0.955,41.994,494.572,99.322,0.342,4.0,2.275,22.0,1280.0,9.4,78.0,4.2,90.0,18.5,0.12,0,8,23,0.955,0.0,0.0,5.1911,1.5146,0.0,0.2634,-3.658,0.0,1.1331,0.4346,0.0584,0,synthetic
2024-08-22T00:00:00,504,kv-01,Simtola,0.373,1.09,41.244,488.028,99.328,0.317,4.0,2.025,22.0,1280.0,9.4,78.0,4.2,90.0,18.5,0.12,0,8,0,1.09,0.0,0.0,5.1963,1.5054,0.0,0.2453,-3.683,0.0,1.055,0.4308,0.0544,0,synthetic
2024-08-22T01:00:00,505,kv-01,Simtola,11.539,12.151,41.574,489.64,99.5,0.654,4.0,6.217,22.0,1280.0,9.4,78.0,4.2,90.0,18.5,0.12,1,8,1,1.9436,10.2074,0.0,11.3023,1.5121,0.1989,0.46,-3.346,7.4855,2.6708,0.3205,0.102,0,synthetic
2024-08-22T02:00:00,506,kv-01,Simtola,1.1,13.013,40.849,476.962,99.5,0.614,4.0,5.64,22.0,1280.0,9.4,78.0,4.2,90.0,18.5,0.12,0,8,2,1.9436,11.0694,0.0,11.67,1.5031,0.2157,0.4375,-3.386,8.1176,1.8816,0.3205,0.097,0,synthetic
2024-08-22T03:00:00,507,kv-01,Simtola,1.787,14.427,40.737,461.387,99.5,0.601,4.0,5.451,22.0,1280.0,9.4,78.0,4.2,90.0,18.5,0.12,0,8,3,1.9436,12.4834,0.0001,12.3462,1.5017,0.2432,0.4299,-3.399,9.1545,1.849,0.3205,0.0953,0,synthetic
2024-08-22T04:00:00,508,kv-01,Simtola,2.149,5.036,40.648,443.316,99.5,0.601,4.0,5.449,22.0,1280.0,9.4,78.0,4.2,90.0,18.5,0.12,0,8,4,1.9436,3.0924,0.0,7.0648,1.5006,0.0603,0.4298,-3.399,2.2678,1.8488,0.3205,0.0953,0,synthetic
2024-08-22T05:00:00,509,kv-01,Simtola,2.681,6.617,40.909,422.782,99.5,0.619,4.0,5.699,22.0,1280.0,9.4,78.0,4.2,90.0,18.5,0.12,1,8,5,1.9436,4.6734,0.0,7.8158,1.5038,0.0911,0.44,-3.381,3.4272,2.5551,0.3205,0.0976,0,synthetic
2024-08-22T06:00:00,510,kv-01,Simtola,3.282,8.112,41.86,401.027,99.5,0.654,4.0,6.22,22.0,1280.0,9.4,78.0,4.2,90.0,18.5,0.12,1,8,6,1.9436,6.1684,0.0,8.5378,1.5156,0.1202,0.46,-3.346,4.5235,2.6712,0.3205,0.102,0,synthetic
2024-08-22T07:00:00,511,kv-01,Simtola,3.699,9.662,42.668,378.593,99.5,0.701,4.0,6.918,22.0,1280.0,9.4,78.0,4.2,90.0,18.5,0.12,0,8,7,1.9436,7.7185,0.0,9.2804,1.5257,0.1504,0.4856,-3.299,5.6602,2.0887,0.3205,0.1077,0,synthetic
2024-08-22T08:00:00,512,kv-01,Simtola,4.075,11.056,44.448,356.135,99.5,0.756,4.0,7.771,22.0,1280.0,9.4,78.0,4.2,90.0,18.5,0.12,0,8,8,1.9436,9.1124,0.0,9.9734,1.5478,0.1776,0.5147,-3.244,6.6825,2.2139,0.3205,0.1141,0,synthetic
2024-08-22T09:00:00,513,kv-01,Simtola,4.278,12.052,46.523,334.696,99.5,0.812,4.0,8.686,22.0,1280.0,9.4,78.0,4.2,90.0,18.5,0.12,0,8,9,1.9436,10.1084,0.0,10.4651,1.5736,0.197,0.5436,-3.188,7.4129,2.3381,0.3205,0.1205,0,synthetic
2024-08-22T10:00:00,514,kv-01,Simtola,4.557,12.91,49.257,314.85,99.5,0.872,4.0,9.703,22.0,1280.0,9.4,78.0,4.2,90.0,18.5,0.12,0,8,10,1.9436,10.9665,0.0,10.9154,1.6076,0.2137,0.5736,-3.128,8.0421,2.4671,0.3205,0.1272,0,synthetic
2024-08-22T11:00:00,515,kv-01,Simtola,4.941,13.776,52.041,297.201,99.5,0.939,4.0,10.885,22.0,1280.0,9.4,78.0,4.2,90.0,18.5,0.12,1,8,11,1.9436,11.8324,0.0,11.3858,1.6423,0.2306,0.606,-3.061,8.6771,3.519,0.3205,0.1344,0,synthetic
2024-08-22T12:00:00,516,kv-01,Simtola,4.423,13.921,54.738,282.629,99.5,0.982,4.0,11.673,22.0,1280.0,9.4,78.0,4.2,90.0,18.5,0.12,0,8,12,1.9436,11.9774,0.0,11.4757,1.6758,0.2334,0.6264,-3.018,8.7835,2.6943,0.3205,0.1389,0,synthetic
2024-08-22T13:00:00,517,kv-01,Simtola,4.006,13.37,57.373,270.442,99.5,1.008,4.0,12.141,22.0,1280.0,9.4,78.0,4.2,90.0,18.5,0.12,0,8,13,1.9436,11.4264,0.0,11.1952,1.7086,0.2226,0.6384,-2.992,8.3794,2.7457,0.3205,0.1415,0,synthetic
2024-08-22T14:00:00,518,kv-01,Simtola,3.475,11.905,59.888,260.81,99.5,1.013,4.0,12.236,22.0,1280.0,9.4,78.0,4.2,90.0,18.5,0.12,1,8,14,1.9436,9.9614,0.0,10.4236,1.7399,0.1941,0.6407,-2.987,7.3051,3.7202,0.3205,0.142,0,synthetic
2024-08-22T15:00:00,519,kv-01,Simtola,2.818,10.299,62.045,254.058,99.5,0.995,4.0,11.913,22.0,1280.0,9.4,78.0,4.2,90.0,18.5,0.12,0,8,15,1.9436,8.3554,0.0,9.579,1.7667,0.1628,0.6325,-3.005,6.1273,2.7204,0.3205,0.1402,0,synthetic
2024-08-22T16:00:00,520,kv-01,Simtola,2.303,8.596,63.866,250.099,99.5,0.963,4.0,11.313,22.0,1280.0,9.4,78.0,4.2,90.0,18.5,0.12,0,8,16,1.9436,6.6524,0.0,8.6859,1.7893,0.1296,0.6173,-3.037,4.8785,2.6553,0.3205,0.1369,0,synthetic
2024-08-22T17:00:00,521,kv-01,Simtola,1.464,6.584,64.968,247.392,99.5,0.905,4.0,10.286,22.0,1280.0,9.4,78.0,4.2,90.0,18.5,0.12,1,8,17,1.9436,4.6404,0.0,7.6037,1.803,0.0904,0.5898,-3.095,3.403,3.4246,0.3205,0.1307,0,synthetic
2024-08-22T18:00:00,522,kv-01,Simtola,1.258,5.024,65.842,246.45,99.5,0.847,4.0,9.273,22.0,1280.0,9.4,78.0,4.2,90.0,18.5,0.12,0,8,18,1.9436,3.0804,0.0,6.7726,1.8139,0.06,0.5612,-3.153,2.259,2.4137,0.3205,0.1244,0,synthetic
2024-08-22T19:00:00,523,kv-01,Simtola,0.308,3.029,65.642,245.948,99.47,0.775,4.0,8.086,22.0,1280.0,9.4,78.0,4.2,90.0,18.5,0.12,0,8,19,1.9468,1.0822,0.0,5.6647,1.8109,0.0211,0.5248,-3.225,0.7936,2.2571,0.3397,0.1163,0,synthetic
2024-08-22T20:00:00,524,kv-01,Simtola,0.242,1.808,65.713,245.912,99.404,0.71,4.0,7.052,22.0,1280.0,9.4,78.0,4.2,90.0,18.5,0.12,0,8,20,1.808,0.0,0.0,4.9956,1.8106,0.0,0.4904,-3.29,0.0,2.1092,0.3821,0.1087,0,synthetic
2024-08-22T21:00:00,525,kv-01,Simtola,0.34,0.889,65.815,245.994,99.391,0.651,4.0,6.175,22.0,1280.0,9.4,78.0,4.2,90.0,18.5,0.12,1,8,21,0.889,0.0,0.0,4.4945,1.8116,0.0,0.4583,-3.349,0.0,2.6614,0.3904,0.1016,0,synthetic
2024-08-22T22:00:00,526,kv-01,Simtola,0.685,1.267,66.022,245.64,99.5,0.602,4.0,5.464,22.0,1280.0,9.4,78.0,4.2,90.0,18.5,0.12,0,8,22,1.267,0.0,0.0,4.7079,1.8161,0.0,0.4304,-3.398,0.0,1.8514,0.3205,0.0954,0,synthetic
2024-08-22T23:00:00,527,kv-01,Simtola,1.512,2.537,67.295,244.851,99.5,0.581,4.0,5.167,22.0,1280.0,9.4,78.0,4.2,90.0,18.5,0.12,0,8,23,1.9436,0.5934,0.0,5.4492,1.832,0.0116,0.4181,-3.419,0.4352,1.7985,0.3205,0.0927,0,synthetic
2024-08-23T00:00:00,528,kv-01,Simtola,2.839,5.036,69.761,243.929,99.5,0.605,4.0,5.512,22.0,1280.0,9.4,78.0,4.2,90.0,18.5,0.12,0,8,0,1.9436,3.0924,0.0,6.9104,1.8627,0.0603,0.4323,-3.395,2.2678,1.8594,0.3205,0.0958,0,synthetic
2024-08-23T01:00:00,529,kv-01,Simtola,4.895,9.246,63.117,243.332,99.5,0.696,4.0,6.844,22.0,1280.0,9.4,78.0,4.2,90.0,18.5,0.12,1,8,1,1.9436,7.3025,0.0,8.973,1.78,0.1423,0.483,-3.304,5.3551,2.8044,0.3205,0.1071,0,synthetic
2024-08-23T02:00:00,530,kv-01,Simtola,6.987,14.721,69.003,243.321,99.5,0.848,4.0,9.292,22.0,1280.0,9.4,78.0,4.2,90.0,18.5,0.12,0,8,2,1.9436,12.7774,0.0021,12.2049,1.8532,0.249,0.5617,-3.152,9.3701,2.416,0.3205,0.1245,0,synthetic
2024-08-23T03:00:00,531,kv-01,Simtola,9.01,20.891,76.226,243.467,99.5,1.053,4.0,12.991,22.0,1280.0,9.4,78.0,4.2,90.0,18.5,0.12,0,8,3,1.9436,18.9474,0.5507,15.8702,1.9431,0.3692,0.659,-2.947,13.8948,2.8345,0.3205,0.1461,0,synthetic
2024-08-23T04:00:00,532,kv-01,Simtola,11.174,27.17,85.251,244.863,99.5,1.309,4.0,18.212,22.0,1280.0,9.4,78.0,4.2,90.0,18.5,0.12,1,8,4,1.9436,25.2264,1.952,19.6708,2.0553,0.4915,0.7706,-2.691,18.4994,4.4744,0.3205,0.1708,0,synthetic
2024-08-23T05:00:00,533,kv-01,Simtola,13.523,33.706,96.092,247.5,99.5,1.617,4.0,25.271,22.0,1280.0,9.4,78.0,4.2,90.0,18.5,0.12,1,8,5,1.9436,31.7625,4.1255,23.6886,2.1901,0.6189,0.8945,-2.383,23.2925,5.1941,0.3205,0.1983,0,synthetic
2024-08-23T06:00:00,534,kv-01,Simtola,15.778,40.475,108.588,251.856,99.5,1.966,4.0,34.226,22.0,1280.0,9.4,78.0,4.2,90.0,18.5,0.12,0,8,6,1.9436,38.5314,6.9912,27.9074,2.3456,0.7508,1.0258,-2.034,28.2564,4.412,0.3205,0.2274,0,synthetic
2024-08-23T07:00:00,535,kv-01,Simtola,17.436,46.737,122.326,257.778,99.5,2.331,4.0,44.545,22.0,1280.0,9.4,78.0,4.2,90.0,18.5,0.12,0,8,7,1.9436,44.7934,10.0945,31.9037,2.5164,0.8728,1.1556,-1.669,32.8485,4.9702,0.3205,0.2562,0,synthetic
2024-08-23T08:00:00,536,kv-01,Simtola,18.643,51.857,136.893,265.175,99.5,2.691,4.0,55.655,22.0,1280.0,9.4,78.0,4.2,90.0,18.5,0.12,0,8,8,1.9436,49.9134,12.9011,35.3122,2.6976,0.9726,1.2783,-1.309,36.6032,5.4982,0.3205,0.2834,0,synthetic
2024-08-23T09:00:00,537,kv-01,Simtola,19.319,55.397,151.933,274.019,99.5,3.027,4.0,66.793,22.0,1280.0,9.4,78.0,4.2,90.0,18.5,0.12,1,8,9,1.9436,53.4534,14.9645,37.8785,2.8847,1.0416,1.3892,-0.973,39.1992,8.0666,0.3205,0.308,0,synthetic
2024-08-23T10:00:00,538,kv-01,Simtola,19.169,57.131,166.546,283.254,99.5,3.312,4.0,76.807,22.0,1280.0,9.4,78.0,4.2,90.0,18.5,0.12,1,8,10,1.9436,55.1874,16.0085,39.4379,3.0664,1.0754,1.4811,-0.688,40.4708,8.6003,0.3205,0.3283,0,synthetic
2024-08-23T11:00:00,539,kv-01,Simtola,18.459,56.947,180.064,293.022,99.5,3.534,4.0,84.909,22.0,1280.0,9.4,78.0,4.2,90.0,18.5,0.12,0,8,11,1.9436,55.0035,15.8968,39.9046,3.2345,1.0718,1.5515,-0.466,40.3359,6.6732,0.3205,0.3439,0,synthetic
2024-08-23T12:00:00,540,kv-01,Simtola,17.011,54.64,192.653,302.868,99.5,3.675,4.0,90.21,22.0,1280.0,9.4,78.0,4.2,90.0,18.5,0.12,1,8,12,1.9436,52.6964,14.5154,39.1694,3.3911,1.0268,1.5957,-0.325,38.6441,9.2657,0.3205,0.3538,0,synthetic
2024-08-23T13:00:00,541,kv-01,Simtola,15.181,50.651,203.827,312.418,99.5,3.733,4.0,92.457,22.0,1280.0,9.4,78.0,4.2,90.0,18.5,0.12,0,8,13,1.9436,48.7075,12.2203,37.4542,3.5301,0.9491,1.6139,-0.267,35.7188,6.9415,0.3205,0.3578,0,synthetic
2024-08-23T14:00:00,542,kv-01,Simtola,12.427,44.619,212.779,320.398,99.5,3.692,4.0,90.863,22.0,1280.0,9.4,78.0,4.2,90.0,18.5,0.12,0,8,14,1.9436,42.6754,9.0014,34.5222,3.6414,0.8315,1.601,-0.308,31.2953,6.8864,0.3205,0.3549,0,synthetic
2024-08-23T15:00:00,543,kv-01,Simtola,9.797,37.405,219.759,327.121,99.5,3.569,4.0,86.226,22.0,1280.0,9.4,78.0,4.2,90.0,18.5,0.12,1,8,15,1.9436,35.4614,5.6224,30.8582,3.7283,0.691,1.5625,-0.431,26.0051,9.0729,0.3205,0.3464,0,synthetic
2024-08-23T16:00:00,544,kv-01,Simtola,7.23,29.454,224.686,332.182,99.5,3.38,4.0,79.235,22.0,1280.0,9.4,78.0,4.2,90.0,18.5,0.12,0,8,16,1.9436,27.5104,2.6368,26.7016,3.7895,0.5361,1.5027,-0.62,20.1743,6.4635,0.3205,0.3331,0,synthetic
2024-08-23T17:00:00,545,kv-01,Simtola,4.371,21.398,227.592,334.881,99.5,3.123,4.0,70.111,22.0,1280.0,9.4,78.0,4.2,90.0,18.5,0.12,0,8,17,1.9436,19.4545,0.635,22.3966,3.8257,0.3791,1.4204,-0.877,14.2666,6.1093,0.3205,0.3149,0,synthetic
2024-08-23T18:00:00,546,kv-01,Simtola,2.287,13.888,228.622,336.477,99.5,2.834,4.0,60.318,22.0,1280.0,9.4,78.0,4.2,90.0,18.5,0.12,0,8,18,1.9436,11.9444,0.0,18.3147,3.8385,0.2327,1.3259,-1.166,8.7593,5.703,0.3205,0.2939,0,synthetic
2024-08-23T19:00:00,547,kv-01,Simtola,1.212,7.87,229.526,337.479,99.5,2.549,4.0,51.189,22.0,1280.0,9.4,78.0,4.2,90.0,18.5,0.12,0,8,19,1.9436,5.9264,0.0,15.045,3.8497,0.1155,1.2305,-1.451,4.3461,5.2925,0.3205,0.2728,0,synthetic
2024-08-23T20:00:00,548,kv-01,Simtola,0.234,3.733,229.518,337.643,99.429,2.284,4.0,43.18,22.0,1280.0,9.4,78.0,4.2,90.0,18.5,0.12,0,8,20,1.9512,1.7818,0.0,12.7703,3.8469,0.0347,1.1392,-1.716,1.3067,4.9001,0.366,0.2526,0,synthetic
2024-08-23T21:00:00,549,kv-01,Simtola,0.352,1.798,229.53,337.906,99.424,2.054,4.0,36.627,22.0,1280.0,9.4,78.0,4.2,90.0,18.5,0.12,0,8,21,1.798,0.0,0.0,11.7082,3.8468,0.0,1.0577,-1.946,0.0,4.5492,0.3692,0.2345,0,synthetic
2024-08-23T22:00:00,550,kv-01,Simtola,1.604,2.189,230.449,339.017,99.5,1.882,4.0,31.98,22.0,1280.0,9.4,78.0,4.2,90.0,18.5,0.12,0,8,22,1.9436,0.2454,0.0,11.9646,3.8612,0.0048,0.9949,-2.118,0.18,4.2792,0.3205,0.2206,0,synthetic
2024-08-23T23:00:00,551,kv-01,Simtola,3.676,5.631,232.613,341.902,99.5,1.799,4.0,29.823,22.0,1280.0,9.4,78.0,4.2,90.0,18.5,0.12,0,8,23,1.9436,3.6875,0.0,13.9569,3.8881,0.0719,0.964,-2.201,2.7041,4.1463,0.3205,0.2137,0,synthetic
2024-08-24T00:00:00,552,kv-01,Simtola,6.073,11.353,235.847,346.852,99.5,1.806,4.0,29.987,22.0,1280.0,9.4,78.0,4.2,90.0,18.5,0.12,0,8,0,1.9436,9.4094,0.0,17.2562,3.9283,0.1833,0.9665,-2.194,6.9003,4.1572,0.3205,0.2143,0,synthetic
2024-08-24T01:00:00,553,kv-01,Simtola,9.263,19.012,240.215,344.906,99.5,1.917,4.0,32.909,22.0,1280.0,9.4,78.0,4.2,90.0,18.5,0.12,1,8,1,1.9436,17.0684,0.2874,21.6203,3.9827,0.3326,1.0078,-2.083,12.5169,5.8519,0.3205,0.2234,0,synthetic
2024-08-24T02:00:00,554,kv-01,Simtola,12.651,27.988,245.88,355.732,99.5,2.128,4.0,38.696,22.0,1280.0,9.4,78.0,4.2,90.0,18.5,0.12,1,8,2,1.9436,26.0444,2.1874,26.8372,4.0531,0.5075,1.0842,-1.872,19.0993,6.2954,0.3205,0.2404,0,synthetic
2024-08-24T03:00:00,555,kv-01,Simtola,16.028,37.942,252.898,369.86,99.5,2.427,4.0,47.416,22.0,1280.0,9.4,78.0,4.2,90.0,18.5,0.12,0,8,3,1.9436,35.9984,5.8539,32.6634,4.1404,0.7014,1.1887,-1.573,26.3989,5.1129,0.3205,0.2635,0,synthetic
2024-08-24T04:00:00,556,kv-01,Simtola,19.278,47.956,261.002,386.901,99.5,2.796,4.0,59.051,22.0,1280.0,9.4,78.0,4.2,90.0,18.5,0.12,0,8,4,1.9436,46.0125,10.7423,38.5815,4.2412,0.8966,1.3133,-1.204,33.7425,5.6486,0.3205,0.2911,0,synthetic
2024-08-24T05:00:00,557,kv-01,Simtola,35.589,70.894,283.067,420.069,99.5,3.658,4.0,89.592,22.0,1280.0,9.4,78.0,4.2,90.0,18.5,0.12,0,8,5,1.9436,68.9505,24.9572,52.2321,4.5156,1.3435,1.5905,-0.342,50.5637,6.8408,0.3205,0.3526,0,synthetic
2024-08-24T06:00:00,558,kv-01,Simtola,24.125,78.991,291.414,441.862,99.5,4.017,4.0,103.56,22.0,1280.0,9.4,78.0,4.2,90.0,18.5,0.12,0,8,6,1.9436,77.0474,30.6762,57.1347,4.6195,1.5013,1.7017,0.017,56.5015,7.3193,0.3205,0.3772,0,synthetic
2024-08-24T07:00:00,559,kv-01,Simtola,25.807,85.52,299.785,464.778,99.5,4.376,4.0,118.246,22.0,1280.0,9.4,78.0,4.2,90.0,18.5,0.12,1,8,7,1.9436,83.5764,35.4839,61.1828,4.7236,1.6285,1.8112,0.376,61.2894,10.5167,0.3205,0.4015,1,synthetic
2024-08-24T08:00:00,560,kv-01,Simtola,25.991,75.922,307.133,488.475,99.5,4.682,4.0,131.344,22.0,1280.0,9.4,78.0,4.2,90.0,18.5,0.12,0,8,8,1.9436,73.9784,28.4745,56.3276,4.815,1.4415,1.9033,0.682,54.2509,8.1864,0.3205,0.4219,1,synthetic
2024-08-24T09:00:00,561,kv-01,Simtola,25.427,77.225,313.242,511.698,99.5,4.919,4.0,141.766,22.0,1280.0,9.4,78.0,4.2,90.0,18.5,0.12,1,8,9,1.9436,75.2814,29.4044,57.4184,4.8909,1.4669,1.9739,0.919,55.2064,11.4618,0.3205,0.4376,1,synthetic
2024-08-24T10:00:00,562,kv-01,Simtola,24.156,75.574,318.228,534.032,99.5,5.072,4.0,148.667,22.0,1280.0,9.4,78.0,4.2,90.0,18.5,0.12,0,8,10,1.9436,73.6304,28.2274,56.837,4.953,1.4347,2.0193,1.072,53.9957,8.6852,0.3205,0.4476,1,synthetic
2024-08-24T11:00:00,563,kv-01,Simtola,22.063,71.647,321.833,553.938,99.5,5.128,4.0,151.239,22.0,1280.0,9.4,78.0,4.2,90.0,18.5,0.12,0,8,11,1.9436,69.7035,25.4765,54.9367,4.9978,1.3582,2.0358,1.128,51.1159,8.7564,0.3205,0.4513,1,synthetic
2024-08-24T12:00:00,564,kv-01,Simtola,19.151,65.371,323.972,571.363,99.5,5.078,4.0,148.939,22.0,1280.0,9.4,78.0,4.2,90.0,18.5,0.12,0,8,12,1.9436,63.4274,21.2364,51.674,5.0244,1.2359,2.021,1.078,46.5135,8.6928,0.3205,0.448,1,synthetic
2024-08-24T13:00:00,565,kv-01,Simtola,16.191,57.406,324.983,586.183,99.5,4.938,4.0,142.634,22.0,1280.0,9.4,78.0,4.2,90.0,18.5,0.12,0,8,13,1.9436,55.4624,16.176,47.4238,5.037,1.0807,1.9796,0.938,40.6725,8.5145,0.3205,0.4388,1,synthetic
2024-08-24T14:00:00,566,kv-01,Simtola,12.708,48.05,325.264,597.93,99.5,4.708,4.0,132.442,22.0,1280.0,9.4,78.0,4.2,90.0,18.5,0.12,0,8,14,1.9436,46.1064,10.7928,42.362,5.0405,0.8984,1.9111,0.708,33.8114,8.2197,0.3205,0.4237,1,synthetic
2024-08-24T15:00:00,567,kv-01,Simtola,9.448,38.347,324.914,606.718,99.5,4.409,4.0,119.642,22.0,1280.0,9.4,78.0,4.2,90.0,18.5,0.12,1,8,15,1.9436,36.4034,6.0308,37.0671,5.0361,0.7093,1.8212,0.409,26.6959,10.5748,0.3205,0.4037,1,synthetic
2024-08-24T16:00:00,568,kv-01,Simtola,6.673,28.829,324.358,612.91,99.5,4.068,4.0,105.627,22.0,1280.0,9.4,78.0,4.2,90.0,18.5,0.12,0,8,16,1.9436,26.8854,2.441,31.8501,5.0292,0.5239,1.7174,0.068,19.716,7.3868,0.3205,0.3807,1,synthetic
2024-08-24T17:00:00,569,kv-01,Simtola,4.352,20.473,324.339,616.9,99.5,3.706,4.0,91.41,22.0,1280.0,9.4,78.0,4.2,90.0,18.5,0.12,0,8,17,1.9436,18.5294,0.4854,27.2785,5.029,0.3611,1.6054,-0.294,13.5883,6.9052,0.3205,0.3559,0,synthetic
2024-08-24T18:00:00,570,kv-01,Simtola,2.119,13.144,324.171,618.635,99.5,3.326,4.0,77.3,22.0,1280.0,9.4,78.0,4.2,90.0,18.5,0.12,1,8,18,1.9436,11.2005,0.0,23.2521,5.0269,0.2182,1.4856,-0.674,8.2137,8.6261,0.3205,0.3293,0,synthetic
2024-08-24T19:00:00,571,kv-01,Simtola,1.142,7.613,324.101,619.269,99.5,2.97,4.0,64.861,22.0,1280.0,9.4,78.0,4.2,90.0,18.5,0.12,1,8,19,1.9436,5.6695,0.0,20.2114,5.026,0.1105,1.3706,-1.03,4.1576,7.9587,0.3205,0.3039,0,synthetic
2024-08-24T20:00:00,572,kv-01,Simtola,0.329,3.59,324.196,619.427,99.481,2.65,4.0,54.343,22.0,1280.0,9.4,78.0,4.2,90.0,18.5,0.12,0,8,20,1.9456,1.6444,0.0,18.0033,5.0262,0.032,1.2645,-1.35,1.2059,5.439,0.3327,0.2803,0,synthetic
2024-08-24T21:00:00,573,kv-01,Simtola,0.505,1.976,324.349,619.694,99.5,2.374,4.0,45.842,22.0,1280.0,9.4,78.0,4.2,90.0,18.5,0.12,0,8,21,1.9436,0.0324,0.0,17.123,5.0291,0.0006,1.1705,-1.626,0.0238,5.0346,0.3205,0.2595,0,synthetic
2024-08-24T22:00:00,574,kv-01,Simtola,1.751,2.585,324.496,620.967,99.5,2.168,4.0,39.807,22.0,1280.0,9.4,78.0,4.2,90.0,18.5,0.12,0,8,22,1.9436,0.6414,0.0,17.4714,5.0309,0.0125,1.0983,-1.832,0.4704,4.7241,0.3205,0.2435,0,synthetic
2024-08-24T23:00:00,575,kv-01,Simtola,2.506,4.762,323.327,623.234,99.5,2.012,4.0,35.459,22.0,1280.0,9.4,78.0,4.2,90.0,18.5,0.12,0,8,23,1.9436,2.8184,0.0,18.6391,5.0164,0.0549,1.0424,-1.988,2.0669,4.4837,0.3205,0.2311,0,synthetic
2024-08-25T00:00:00,576,kv-01,Simtola,4.43,8.687,321.683,627.291,99.5,1.939,4.0,33.481,22.0,1280.0,9.4,78.0,4.2,90.0,18.5,0.12,1,8,0,1.9436,6.7434,0.0,20.7615,4.9959,0.1314,1.0158,-2.061,4.9452,5.8984,0.3205,0.2252,0,synthetic
2024-08-25T01:00:00,577,kv-01,Simtola,5.734,12.67,318.154,621.486,99.5,1.917,4.0,32.917,22.0,1280.0,9.4,78.0,4.2,90.0,18.5,0.12,0,8,1,1.9436,10.7264,0.0,22.7836,4.952,0.209,1.0078,-2.083,7.8661,4.3349,0.3205,0.2234,0,synthetic
2024-08-25T02:00:00,578,kv-01,Simtola,7.131,17.295,312.634,627.517,99.5,1.945,4.0,33.659,22.0,1280.0,9.4,78.0,4.2,90.0,18.5,0.12,0,8,2,1.9436,15.3515,0.118,25.158,4.8834,0.2991,1.0181,-2.055,11.2577,4.3789,0.3205,0.2257,0,synthetic
2024-08-25T03:00:00,579,kv-01,Simtola,9.108,21.973,305.714,634.838,99.5,2.035,4.0,36.108,22.0,1280.0,9.4,78.0,4.2,90.0,18.5,0.12,1,8,3,1.9436,20.0294,0.7371,27.5172,4.7973,0.3903,1.0508,-1.965,14.6883,6.1017,0.3205,0.233,0,synthetic
2024-08-25T04:00:00,580,kv-01,Simtola,9.948,26.187,296.384,642.636,99.5,2.143,4.0,39.103,22.0,1280.0,9.4,78.0,4.2,90.0,18.5,0.12,0,8,4,1.9436,24.2435,1.6842,29.5337,4.6813,0.4724,1.0895,-1.857,17.7785,4.686,0.3205,0.2415,0,synthetic
2024-08-25T05:00:00,581,kv-01,Simtola,10.579,29.634,271.374,650.534,99.5,2.258,4.0,42.414,22.0,1280.0,9.4,78.0,4.2,90.0,18.5,0.12,0,8,5,1.9436,27.6904,2.6944,30.5411,4.3702,0.5396,1.1301,-1.742,20.3063,4.8608,0.3205,0.2505,0,synthetic
2024-08-25T06:00:00,582,kv-01,Simtola,11.017,31.543,258.266,658.269,99.5,2.374,4.0,45.831,22.0,1280.0,9.4,78.0,4.2,90.0,18.5,0.12,0,8,6,1.9436,29.5994,3.3352,31.1478,4.2072,0.5768,1.1705,-1.626,21.7063,5.0344,0.3205,0.2595,0,synthetic
2024-08-25T07:00:00,583,kv-01,Simtola,11.093,32.689,243.553,665.663,99.5,2.478,4.0,48.974,22.0,1280.0,9.4,78.0,4.2,90.0,18.5,0.12,0,8,7,1.9436,30.7454,3.7457,31.2726,4.0242,0.5991,1.2062,-1.522,22.5467,5.1882,0.3205,0.2674,0,synthetic
2024-08-25T08:00:00,584,kv-01,Simtola,10.666,32.776,228.228,672.254,99.5,2.554,4.0,51.333,22.0,1280.0,9.4,78.0,4.2,90.0,18.5,0.12,1,8,8,1.9436,30.8325,3.7776,30.7869,3.8336,0.6008,1.2321,-1.446,22.6105,7.1545,0.3205,0.2732,0,synthetic
2024-08-25T09:00:00,585,kv-01,Simtola,10.023,31.782,212.824,677.999,99.5,2.599,4.0,52.747,22.0,1280.0,9.4,78.0,4.2,90.0,18.5,0.12,0,8,9,1.9436,29.8385,3.4192,29.6985,3.642,0.5814,1.2474,-1.401,21.8815,5.3652,0.3205,0.2765,0,synthetic
2024-08-25T10:00:00,586,kv-01,Simtola,8.787,29.476,197.455,682.229,99.5,2.597,4.0,52.691,22.0,1280.0,9.4,78.0,4.2,90.0,18.5,0.12,1,8,10,1.9436,27.5324,2.6438,27.8803,3.4508,0.5365,1.2467,-1.403,20.1905,7.2393,0.3205,0.2764,0,synthetic
2024-08-25T11:00:00,587,kv-01,Simtola,7.696,26.506,183.087,684.984,99.5,2.56,4.0,51.506,22.0,1280.0,9.4,78.0,4.2,90.0,18.5,0.12,0,8,11,1.9436,24.5624,1.7693,25.7252,3.2721,0.4786,1.2341,-1.44,18.0125,5.3082,0.3205,0.2736,0,synthetic
2024-08-25T12:00:00,588,kv-01,Simtola,6.403,22.886,170.339,686.964,99.5,2.484,4.0,49.16,22.0,1280.0,9.4,78.0,4.2,90.0,18.5,0.12,0,8,12,1.9436,20.9425,0.9132,23.2685,3.1136,0.4081,1.2083,-1.516,15.3578,5.197,0.3205,0.2679,0,synthetic
2024-08-25T13:00:00,589,kv-01,Simtola,5.448,19.547,159.596,688.406,99.5,2.386,4.0,46.194,22.0,1280.0,9.4,78.0,4.2,90.0,18.5,0.12,0,8,13,1.9436,17.6035,0.3544,21.0382,2.98,0.343,1.1746,-1.614,12.9092,5.0523,0.3205,0.2604,0,synthetic
2024-08-25T14:00:00,590,kv-01,Simtola,4.118,15.969,151.006,689.048,99.5,2.257,4.0,42.366,22.0,1280.0,9.4,78.0,4.2,90.0,18.5,0.12,0,8,14,1.9436,14.0254,0.0367,18.7522,2.8731,0.2733,1.1297,-1.743,10.2853,4.859,0.3205,0.2504,0,synthetic
2024-08-25T15:00:00,591,kv-01,Simtola,3.178,12.743,144.736,689.409,99.5,2.112,4.0,38.235,22.0,1280.0,9.4,78.0,4.2,90.0,18.5,0.12,0,8,15,1.9436,10.7995,0.0,16.7451,2.7952,0.2104,1.0784,-1.888,7.9196,4.6385,0.3205,0.2391,0,synthetic
2024-08-25T16:00:00,592,kv-01,Simtola,2.318,9.613,140.38,689.424,99.5,1.957,4.0,33.965,22.0,1280.0,9.4,78.0,4.2,90.0,18.5,0.12,1,8,16,1.9436,7.6694,0.0,14.8603,2.741,0.1494,1.0224,-2.043,5.6243,5.9366,0.3205,0.2267,0,synthetic
2024-08-25T17:00:00,593,kv-01,Simtola,1.322,6.818,137.351,689.282,99.5,1.787,4.0,29.505,22.0,1280.0,9.4,78.0,4.2,90.0,18.5,0.12,0,8,17,1.9436,4.8744,0.0,13.2086,2.7033,0.095,0.9594,-2.213,3.5746,4.1267,0.3205,0.2127,0,synthetic
2024-08-25T18:00:00,594,kv-01,Simtola,0.897,4.537,136.129,688.921,99.5,1.623,4.0,25.41,22.0,1280.0,9.4,78.0,4.2,90.0,18.5,0.12,0,8,18,1.9436,2.5934,0.0,11.9059,2.6881,0.0505,0.8968,-2.377,1.9019,3.8573,0.3205,0.1988,0,synthetic
2024-08-25T19:00:00,595,kv-01,Simtola,1.302,3.521,136.288,689.915,99.5,1.49,4.0,22.275,22.0,1280.0,9.4,78.0,4.2,90.0,18.5,0.12,1,8,19,1.9436,1.5774,0.0,11.3593,2.6901,0.0307,0.8446,-2.51,1.1568,4.9043,0.3205,0.1872,0,synthetic
2024-08-25T20:00:00,596,kv-01,Simtola,0.323,2.521,136.282,689.996,99.478,1.353,4.0,19.168,22.0,1280.0,9.4,78.0,4.2,90.0,18.5,0.12,0,8,20,1.9459,0.5751,0.0,10.8096,2.6894,0.0112,0.7889,-2.647,0.4217,3.393,0.3346,0.1749,0,synthetic
2024-08-25T21:00:00,597,kv-01,Simtola,0.582,2.206,136.358,690.238,99.5,1.233,4.0,16.592,22.0,1280.0,9.4,78.0,4.2,90.0,18.5,0.12,1,8,21,1.9436,0.2624,0.0,10.6407,2.691,0.0051,0.7384,-2.767,0.1925,4.2874,0.3205,0.1637,0,synthetic
2024-08-25T22:00:00,598,kv-01,Simtola,0.574,1.478,135.181,690.127,99.5,1.125,4.0,14.4,22.0,1280.0,9.4,78.0,4.2,90.0,18.5,0.12,1,8,22,1.478,0.0,0.0,10.1955,2.6763,0.0,0.6914,-2.875,0.0,4.0147,0.3205,0.1533,0,synthetic
2024-08-25T23:00:00,599,kv-01,Simtola,1.395,2.551,134.07,690.01,99.5,1.049,4.0,12.923,22.0,1280.0,9.4,78.0,4.2,90.0,18.5,0.12,0,8,23,1.9436,0.6075,0.0,10.7432,2.6625,0.0118,0.6573,-2.951,0.4455,2.8271,0.3205,0.1457,0,synthetic
2024-07-01T00:00:00,0,kv-02,Dhanpur,0.627,0.627,0.627,0.627,38.189,0.78,3.5,5.582,31.0,1460.0,7.1,74.0,3.1,240.0,9.2,0.6748,0,7,0,0.627,0.0,0.0,0.3723,0.3849,0.0,0.5055,-2.72,0.0,1.5333,41.7642,0.0922,0,synthetic
2024-07-01T01:00:00,1,kv-02,Dhanpur,0.416,1.044,1.044,1.044,38.261,0.715,3.5,4.921,31.0,1460.0,7.1,74.0,3.1,240.0,9.2,0.6696,0,7,1,1.044,0.0,0.0,0.6199,0.3876,0.0,0.4711,-2.785,0.0,1.4288,41.7155,0.0859,0,synthetic
2024-07-01T02:00:00,2,kv-02,Dhanpur,0.43,1.474,1.474,1.474,38.341,0.657,3.5,4.347,31.0,1460.0,7.1,74.0,3.1,240.0,9.2,0.6641,0,7,2,1.474,0.0,0.0,0.8752,0.3905,0.0,0.4392,-2.843,0.0,1.3321,41.6615,0.0801,0,synthetic
2024-07-01T03:00:00,3,kv-02,Dhanpur,0.709,1.555,2.182,2.182,38.575,0.606,3.5,3.873,31.0,1460.0,7.1,74.0,3.1,240.0,9.2,0.6548,0,7,3,1.555,0.0,0.0,0.9507,0.3963,0.0,0.4107,-2.894,0.0,1.2457,41.5034,0.0749,0,synthetic
2024-07-01T04:00:00,4,kv-02,Dhanpur,0.307,1.445,2.489,2.489,38.587,0.557,3.5,3.423,31.0,1460.0,7.1,74.0,3.1,240.0,9.2,0.6511,0,7,4,1.445,0.0,0.0,0.9036,0.3979,0.0,0.3822,-2.943,0.0,1.1592,41.4953,0.0697,0,synthetic
2024-07-01T05:00:00,5,kv-02,Dhanpur,0.347,1.362,2.836,2.836,38.621,0.512,3.5,3.034,31.0,1460.0,7.1,74.0,3.1,240.0,9.2,0.6468,0,7,5,1.362,0.0,0.0,0.8732,0.3999,0.0,0.3555,-2.988,0.0,1.0783,41.4723,0.0648,0,synthetic
2024-07-01T06:00:00,6,kv-02,Dhanpur,0.405,1.059,3.242,3.242,38.688,0.472,3.5,2.697,31.0,1460.0,7.1,74.0,3.1,240.0,9.2,0.6417,0,7,6,1.059,0.0,0.0,0.7243,0.4026,0.0,0.331,-3.028,0.0,1.0039,41.427,0.0603,0,synthetic
2024-07-01T07:00:00,7,kv-02,Dhanpur,0.449,1.202,3.691,3.691,38.779,0.437,3.5,2.406,31.0,1460.0,7.1,74.0,3.1,240.0,9.2,0.636,0,7,7,1.202,0.0,0.0,0.8226,0.4057,0.0,0.3087,-3.063,0.0,0.9363,41.3655,0.0563,0,synthetic
2024-07-01T08:00:00,8,kv-02,Dhanpur,0.606,1.461,4.297,4.297,38.955,0.406,3.5,2.163,31.0,1460.0,7.1,74.0,3.1,240.0,9.2,0.6281,0,7,8,1.461,0.0,0.0,0.9915,0.4105,0.0,0.2887,-3.094,0.0,0.8758,41.2466,0.0526,0,synthetic
2024-07-01T09:00:00,9,kv-02,Dhanpur,0.243,1.299,4.541,4.541,38.933,0.374,3.5,1.921,31.0,1460.0,7.1,74.0,3.1,240.0,9.2,0.6252,0,7,9,1.299,0.0,0.0,0.9131,0.4114,0.0,0.2676,-3.126,0.0,0.8118,41.2615,0.0488,0,synthetic
2024-07-01T10:00:00,10,kv-02,Dhanpur,0.593,1.443,5.134,5.134,39.103,0.348,3.5,1.734,31.0,1460.0,7.1,74.0,3.1,240.0,9.2,0.6175,0,7,10,1.443,0.0,0.0,1.0183,0.4161,0.0,0.2503,-3.152,0.0,0.7592,41.1466,0.0456,0,synthetic
2024-07-01T11:00:00,11,kv-02,Dhanpur,0.365,1.202,5.499,5.499,39.147,0.323,3.5,1.552,31.0,1460.0,7.1,74.0,3.1,240.0,9.2,0.613,0,7,11,1.202,0.0,0.0,0.9017,0.4184,0.0,0.2328,-3.177,0.0,0.7062,41.1169,0.0424,0,synthetic
2024-07-01T12:00:00,12,kv-02,Dhanpur,0.485,1.443,5.984,5.984,39.257,0.301,3.5,1.4,31.0,1460.0,7.1,74.0,3.1,240.0,9.2,0.6068,0,7,12,1.443,0.0,0.0,1.0555,0.4219,0.0,0.2173,-3.199,0.0,0.6592,41.0426,0.0396,0,synthetic
2024-07-01T13:00:00,13,kv-02,Dhanpur,0.988,1.838,6.972,6.972,39.644,0.285,3.5,1.299,31.0,1460.0,7.1,74.0,3.1,240.0,9.2,0.5936,0,7,13,1.838,0.0,0.0,1.3159,0.431,0.0,0.2063,-3.215,0.0,0.6257,40.7811,0.0376,0,synthetic
2024-07-01T14:00:00,14,kv-02,Dhanpur,0.546,2.02,7.519,7.519,39.788,0.267,3.5,1.18,31.0,1460.0,7.1,74.0,3.1,240.0,9.2,0.5865,0,7,14,2.02,0.0,0.0,1.44,0.4353,0.0,0.1932,-3.233,0.0,0.586,40.6838,0.0352,0,synthetic
2024-07-01T15:00:00,15,kv-02,Dhanpur,0.566,2.1,8.084,8.084,39.942,0.251,3.5,1.076,31.0,1460.0,7.1,74.0,3.1,240.0,9.2,0.5792,0,7,15,2.1,0.0,0.0,1.5087,0.4398,0.0,0.1813,-3.249,0.0,0.5499,40.5797,0.0331,0,synthetic
2024-07-01T16:00:00,16,kv-02,Dhanpur,0.364,1.476,8.448,8.448,39.985,0.25,3.5,1.072,31.0,1460.0,7.1,74.0,3.1,240.0,9.2,0.5747,0,7,16,1.476,0.0,0.0,1.1814,0.4421,0.0,0.1807,-3.25,0.0,0.5481,40.5507,0.0329,0,synthetic
2024-07-01T17:00:00,17,kv-02,Dhanpur,0.4,1.329,8.848,8.848,40.048,0.25,3.5,1.072,31.0,1460.0,7.1,74.0,3.1,240.0,9.2,0.5697,0,7,17,1.329,0.0,0.0,1.118,0.4448,0.0,0.1807,-3.25,0.0,0.5481,40.5081,0.0329,0,synthetic
2024-07-01T18:00:00,18,kv-02,Dhanpur,0.559,1.323,9.407,9.407,40.199,0.25,3.5,1.072,31.0,1460.0,7.1,74.0,3.1,240.0,9.2,0.5624,0,7,18,1.323,0.0,0.0,1.1392,0.4493,0.0,0.1807,-3.25,0.0,0.5481,40.4061,0.0329,0,synthetic
2024-07-01T19:00:00,19,kv-02,Dhanpur,0.332,1.292,9.74,9.74,40.225,0.25,3.5,1.072,31.0,1460.0,7.1,74.0,3.1,240.0,9.2,0.5583,1,7,19,1.292,0.0,0.0,1.1367,0.4512,0.0,0.1807,-3.25,0.0,0.7399,40.3885,0.0329,0,synthetic
2024-07-01T20:00:00,20,kv-02,Dhanpur,0.519,1.411,10.259,10.259,40.354,0.25,3.5,1.072,31.0,1460.0,7.1,74.0,3.1,240.0,9.2,0.5517,0,7,20,1.411,0.0,0.0,1.2249,0.4553,0.0,0.1807,-3.25,0.0,0.5481,40.3014,0.0329,0,synthetic
2024-07-01T21:00:00,21,kv-02,Dhanpur,0.828,1.679,11.086,11.086,40.652,0.25,3.5,1.072,31.0,1460.0,7.1,74.0,3.1,240.0,9.2,0.5407,0,7,21,1.679,0.0,0.0,1.4085,0.4629,0.0,0.1807,-3.25,0.0,0.5481,40.1,0.0329,0,synthetic
2024-07-01T22:00:00,22,kv-02,Dhanpur,0.401,1.748,11.488,11.488,40.716,0.25,3.5,1.072,31.0,1460.0,7.1,74.0,3.1,240.0,9.2,0.5356,0,7,22,1.748,0.0,0.0,1.464,0.4656,0.0,0.1807,-3.25,0.0,0.5481,40.0568,0.0329,0,synthetic
2024-07-01T23:00:00,23,kv-02,Dhanpur,0.93,2.159,12.417,12.417,41.07,0.25,3.5,1.072,31.0,1460.0,7.1,74.0,3.1,240.0,9.2,0.5232,0,7,23,2.159,0.0,0.0,1.7307,0.4744,0.0,0.1807,-3.25,0.0,0.5481,39.8176,0.0329,0,synthetic
2024-07-02T00:00:00,24,kv-02,Dhanpur,0.758,2.088,12.547,13.175,41.33,0.25,3.5,1.072,31.0,1460.0,7.1,74.0,3.1,240.0,9.2,0.5208,0,7,0,2.088,0.0,0.0,1.7013,0.4781,0.0,0.1807,-3.25,0.0,0.5481,39.6419,0.0329,0,synthetic
2024-07-02T01:00:00,25,kv-02,Dhanpur,0.398,2.085,12.529,13.573,41.391,0.25,3.5,1.072,31.0,1460.0,7.1,74.0,3.1,240.0,9.2,0.5208,0,7,1,2.085,0.0,0.0,1.7014,0.4787,0.0,0.1807,-3.25,0.0,0.5481,39.6007,0.0329,0,synthetic
2024-07-02T02:00:00,26,kv-02,Dhanpur,0.668,1.823,12.766,14.24,41.601,0.25,3.5,1.072,31.0,1460.0,7.1,74.0,3.1,240.0,9.2,0.5172,0,7,2,1.823,0.0,0.0,1.5704,0.4824,0.0,0.1807,-3.25,0.0,0.5481,39.4588,0.0329,0,synthetic
2024-07-02T03:00:00,27,kv-02,Dhanpur,0.311,1.377,12.369,14.552,41.616,0.25,3.5,1.072,31.0,1460.0,7.1,74.0,3.1,240.0,9.2,0.5219,0,7,3,1.377,0.0,0.0,1.3121,0.4805,0.0,0.1807,-3.25,0.0,0.5481,39.4486,0.0329,0,synthetic
2024-07-02T04:00:00,28,kv-02,Dhanpur,0.686,1.665,12.749,15.238,41.836,0.25,3.5,1.072,31.0,1460.0,7.1,74.0,3.1,240.0,9.2,0.5166,0,7,4,1.665,0.0,0.0,1.4891,0.485,0.0,0.1807,-3.25,0.0,0.5481,39.3,0.0329,0,synthetic
2024-07-02T05:00:00,29,kv-02,Dhanpur,0.728,1.726,13.13,15.966,42.079,0.25,3.5,1.072,31.0,1460.0,7.1,74.0,3.1,240.0,9.2,0.5112,0,7,5,1.726,0.0,0.0,1.5415,0.4899,0.0,0.1807,-3.25,0.0,0.5481,39.1358,0.0329,0,synthetic
2024-07-02T06:00:00,30,kv-02,Dhanpur,0.696,2.11,13.421,16.662,42.305,0.25,3.5,1.072,31.0,1460.0,7.1,74.0,3.1,240.0,9.2,0.5069,0,7,6,2.11,0.0,0.0,1.7679,0.494,0.0,0.1807,-3.25,0.0,0.5481,38.9831,0.0329,0,synthetic
2024-07-02T07:00:00,31,kv-02,Dhanpur,0.636,2.06,13.607,17.298,42.497,0.25,3.5,1.072,31.0,1460.0,7.1,74.0,3.1,240.0,9.2,0.504,0,7,7,2.06,0.0,0.0,1.7514,0.4973,0.0,0.1807,-3.25,0.0,0.5481,38.8534,0.0329,0,synthetic
2024-07-02T08:00:00,32,kv-02,Dhanpur,0.754,2.085,13.754,18.052,42.754,0.25,3.5,1.072,31.0,1460.0,7.1,74.0,3.1,240.0,9.2,0.5013,0,7,8,2.085,0.0,0.0,1.7753,0.501,0.0,0.1807,-3.25,0.0,0.5481,38.6797,0.0329,0,synthetic
2024-07-02T09:00:00,33,kv-02,Dhanpur,12.92,14.309,26.431,30.971,43.718,0.537,3.5,3.245,31.0,1460.0,7.1,74.0,3.1,240.0,9.2,0.3458,0,7,9,5.8441,8.4649,0.0,9.0547,0.5816,0.0547,0.3703,-2.963,8.7471,1.1231,38.0284,0.0675,0,synthetic
2024-07-02T10:00:00,34,kv-02,Dhanpur,15.303,28.976,41.14,46.274,44.669,0.861,3.5,6.442,31.0,1460.0,7.1,74.0,3.1,240.0,9.2,0.166,0,7,10,5.7689,23.2071,1.2336,17.7688,0.6764,0.1533,0.5471,-2.639,23.9807,1.6593,37.3858,0.0997,0,synthetic
2024-07-02T11:00:00,35,kv-02,Dhanpur,0.394,28.616,41.169,46.667,44.727,0.788,3.5,5.663,31.0,1460.0,7.1,74.0,3.1,240.0,9.2,0.1654,0,7,11,5.7643,22.8517,1.1592,17.5743,0.6774,0.1512,0.5096,-2.712,23.6134,1.5458,37.3466,0.0929,0,synthetic
2024-07-02T12:00:00,36,kv-02,Dhanpur,0.384,16.081,41.068,47.052,44.781,0.722,3.5,4.988,31.0,1460.0,7.1,74.0,3.1,240.0,9.2,0.1665,0,7,12,5.7601,10.3209,0.0,10.6787,0.6777,0.0684,0.4747,-2.778,10.665,1.44,37.3101,0.0866,0,synthetic
2024-07-02T13:00:00,37,kv-02,Dhanpur,0.57,1.348,40.649,47.622,44.936,0.664,3.5,4.419,31.0,1460.0,7.1,74.0,3.1,240.0,9.2,0.1709,0,7,13,1.348,0.0,0.0,2.5634,0.6777,0.0,0.4432,-2.836,0.0,1.3443,37.2054,0.0808,0,synthetic
2024-07-02T14:00:00,38,kv-02,Dhanpur,0.502,1.456,40.605,48.124,45.054,0.611,3.5,3.917,31.0,1460.0,7.1,74.0,3.1,240.0,9.2,0.1711,0,7,14,1.456,0.0,0.0,2.6243,0.6792,0.0,0.4135,-2.889,0.0,1.2541,37.1257,0.0754,0,synthetic
2024-07-02T15:00:00,39,kv-02,Dhanpur,0.734,1.806,40.773,48.858,45.299,0.565,3.5,3.499,31.0,1460.0,7.1,74.0,3.1,240.0,9.2,0.1682,0,7,15,1.806,0.0,0.0,2.8276,0.6839,0.0,0.387,-2.935,0.0,1.1738,36.9601,0.0706,0,synthetic
2024-07-02T16:00:00,40,kv-02,Dhanpur,0.408,1.644,40.818,49.266,45.366,0.521,3.5,3.105,31.0,1460.0,7.1,74.0,3.1,240.0,9.2,0.1674,0,7,16,1.644,0.0,0.0,2.7428,0.6851,0.0,0.3607,-2.979,0.0,1.094,36.9149,0.0658,0,synthetic
2024-07-02T17:00:00,41,kv-02,Dhanpur,0.615,1.758,41.033,49.881,45.546,0.482,3.5,2.778,31.0,1460.0,7.1,74.0,3.1,240.0,9.2,0.1642,0,7,17,1.758,0.0,0.0,2.8174,0.6891,0.0,0.3371,-3.018,0.0,1.0225,36.7932,0.0615,0,synthetic
2024-07-02T18:00:00,42,kv-02,Dhanpur,0.952,1.976,41.427,50.834,45.911,0.451,3.5,2.518,31.0,1460.0,7.1,74.0,3.1,240.0,9.2,0.1582,1,7,18,1.976,0.0,0.0,2.958,0.6969,0.0,0.3175,-3.049,0.0,1.3003,36.5466,0.0579,0,synthetic
2024-07-02T19:00:00,43,kv-02,Dhanpur,0.591,2.159,41.685,51.425,46.078,0.418,3.5,2.259,31.0,1460.0,7.1,74.0,3.1,240.0,9.2,0.1545,0,7,19,2.159,0.0,0.0,3.072,0.7009,0.0,0.2966,-3.082,0.0,0.8998,36.4338,0.0541,0,synthetic
2024-07-02T20:00:00,44,kv-02,Dhanpur,0.406,1.95,41.572,51.831,46.143,0.387,3.5,2.018,31.0,1460.0,7.1,74.0,3.1,240.0,9.2,0.1556,0,7,20,1.95,0.0,0.0,2.9554,0.7012,0.0,0.2763,-3.113,0.0,0.8379,36.3899,0.0504,0,synthetic
2024-07-02T21:00:00,45,kv-02,Dhanpur,1.175,2.172,41.919,53.006,46.63,0.366,3.5,1.862,31.0,1460.0,7.1,74.0,3.1,240.0,9.2,0.1498,1,7,21,2.172,0.0,0.0,3.0979,0.7106,0.0,0.2623,-3.134,0.0,1.0741,36.0608,0.0478,0,synthetic
2024-07-02T22:00:00,46,kv-02,Dhanpur,0.598,2.179,42.116,53.604,46.8,0.341,3.5,1.682,31.0,1460.0,7.1,74.0,3.1,240.0,9.2,0.1468,0,7,22,2.179,0.0,0.0,3.1128,0.7144,0.0,0.2454,-3.159,0.0,0.7444,35.9459,0.0447,0,synthetic
2024-07-02T23:00:00,47,kv-02,Dhanpur,0.528,2.301,41.714,54.132,46.932,0.318,3.5,1.518,31.0,1460.0,7.1,74.0,3.1,240.0,9.2,0.1512,1,7,23,2.301,0.0,0.0,3.1681,0.714,0.0,0.2294,-3.182,0.0,0.9392,35.8568,0.0418,0,synthetic
2024-07-03T00:00:00,48,kv-02,Dhanpur,1.08,2.206,42.037,55.212,47.367,0.302,3.5,1.41,31.0,1460.0,7.1,74.0,3.1,240.0,9.2,0.1458,1,7,0,2.206,0.0,0.0,3.1348,0.7226,0.0,0.2182,-3.198,0.0,0.8936,35.5628,0.0398,0,synthetic
2024-07-03T01:00:00,49,kv-02,Dhanpur,0.531,2.139,42.17,55.743,47.5,0.282,3.5,1.278,31.0,1460.0,7.1,74.0,3.1,240.0,9.2,0.1437,0,7,1,2.139,0.0,0.0,3.1062,0.7254,0.0,0.2041,-3.218,0.0,0.619,35.473,0.0372,0,synthetic
2024-07-03T02:00:00,50,kv-02,Dhanpur,0.628,2.239,42.131,56.371,47.687,0.265,3.5,1.167,31.0,1460.0,7.1,74.0,3.1,240.0,9.2,0.1435,1,7,2,2.239,0.0,0.0,3.1637,0.728,0.0,0.1917,-3.235,0.0,0.785,35.3466,0.035,0,synthetic
2024-07-03T03:00:00,51,kv-02,Dhanpur,0.644,1.803,42.463,57.015,47.882,0.25,3.5,1.072,31.0,1460.0,7.1,74.0,3.1,240.0,9.2,0.1389,0,7,3,1.803,0.0,0.0,2.9404,0.733,0.0,0.1807,-3.25,0.0,0.5481,35.2149,0.0329,0,synthetic
2024-07-03T04:00:00,52,kv-02,Dhanpur,0.875,2.146,42.651,57.889,48.203,0.25,3.5,1.072,31.0,1460.0,7.1,74.0,3.1,240.0,9.2,0.1355,0,7,4,2.146,0.0,0.0,3.1415,0.739,0.0,0.1807,-3.25,0.0,0.5481,34.998,0.0329,0,synthetic
2024-07-03T05:00:00,53,kv-02,Dhanpur,0.641,2.159,42.563,58.53,48.396,0.25,3.5,1.072,31.0,1460.0,7.1,74.0,3.1,240.0,9.2,0.1359,0,7,5,2.159,0.0,0.0,3.1494,0.7414,0.0,0.1807,-3.25,0.0,0.5481,34.8676,0.0329,0,synthetic
2024-07-03T06:00:00,54,kv-02,Dhanpur,0.723,2.238,42.59,59.253,48.635,0.25,3.5,1.072,31.0,1460.0,7.1,74.0,3.1,240.0,9.2,0.1347,0,7,6,2.238,0.0,0.0,3.1984,0.7453,0.0,0.1807,-3.25,0.0,0.5481,34.7061,0.0329,0,synthetic
2024-07-03T07:00:00,55,kv-02,Dhanpur,0.529,1.892,42.484,59.782,48.766,0.25,3.5,1.072,31.0,1460.0,7.1,74.0,3.1,240.0,9.2,0.1355,0,7,7,1.892,0.0,0.0,3.0074,0.7466,0.0,0.1807,-3.25,0.0,0.5481,34.6176,0.0329,0,synthetic
2024-07-03T08:00:00,56,kv-02,Dhanpur,0.685,1.937,42.415,60.467,48.983,0.25,3.5,1.072,31.0,1460.0,7.1,74.0,3.1,240.0,9.2,0.1356,1,7,8,1.937,0.0,0.0,3.0338,0.7495,0.0,0.1807,-3.25,0.0,0.7399,34.4709,0.0329,0,synthetic
2024-07-03T09:00:00,57,kv-02,Dhanpur,0.669,1.883,30.164,61.136,49.192,0.25,3.5,1.072,31.0,1460.0,7.1,74.0,3.1,240.0,9.2,0.2819,0,7,9,1.883,0.0,0.0,2.5489,0.6774,0.0,0.1807,-3.25,0.0,0.5481,34.3297,0.0329,0,synthetic
2024-07-03T10:00:00,58,kv-02,Dhanpur,0.449,1.803,15.311,61.585,49.279,0.25,3.5,1.072,31.0,1460.0,7.1,74.0,3.1,240.0,9.2,0.4598,0,7,10,1.803,0.0,0.0,1.9507,0.5871,0.0,0.1807,-3.25,0.0,0.5481,34.2709,0.0329,0,synthetic
2024-07-03T11:00:00,59,kv-02,Dhanpur,0.737,1.855,15.654,62.321,49.524,0.25,3.5,1.072,31.0,1460.0,7.1,74.0,3.1,240.0,9.2,0.4548,0,7,11,1.855,0.0,0.0,1.9968,0.5921,0.0,0.1807,-3.25,0.0,0.5481,34.1054,0.0329,0,synthetic
2024-07-03T12:00:00,60,kv-02,Dhanpur,0.678,1.864,15.947,62.999,49.737,0.25,3.5,1.072,31.0,1460.0,7.1,74.0,3.1,240.0,9.2,0.4506,0,7,12,1.864,0.0,0.0,2.017,0.5965,0.0,0.1807,-3.25,0.0,0.5481,33.9615,0.0329,0,synthetic
2024-07-03T13:00:00,61,kv-02,Dhanpur,0.619,2.034,15.997,63.619,49.918,0.25,3.5,1.072,31.0,1460.0,7.1,74.0,3.1,240.0,9.2,0.4493,0,7,13,2.034,0.0,0.0,2.1162,0.599,0.0,0.1807,-3.25,0.0,0.5481,33.8392,0.0329,0,synthetic
2024-07-03T14:00:00,62,kv-02,Dhanpur,0.972,2.269,16.467,64.591,50.293,0.25,3.5,1.072,31.0,1460.0,7.1,74.0,3.1,240.0,9.2,0.4424,0,7,14,2.269,0.0,0.0,2.2692,0.6065,0.0,0.1807,-3.25,0.0,0.5481,33.5858,0.0329,0,synthetic
2024-07-03T15:00:00,63,kv-02,Dhanpur,0.5,2.091,16.233,65.09,50.408,0.25,3.5,1.072,31.0,1460.0,7.1,74.0,3.1,240.0,9.2,0.4448,0,7,15,2.091,0.0,0.0,2.1656,0.6064,0.0,0.1807,-3.25,0.0,0.5481,33.5081,0.0329,0,synthetic
2024-07-03T16:00:00,64,kv-02,Dhanpur,0.622,2.094,16.447,65.712,50.589,0.25,3.5,1.072,31.0,1460.0,7.1,74.0,3.1,240.0,9.2,0.4416,0,7,16,2.094,0.0,0.0,2.1792,0.6099,0.0,0.1807,-3.25,0.0,0.5481,33.3858,0.0329,0,synthetic
2024-07-03T17:00:00,65,kv-02,Dhanpur,1.002,2.123,16.833,66.714,50.98,0.25,3.5,1.072,31.0,1460.0,7.1,74.0,3.1,240.0,9.2,0.4356,1,7,17,2.123,0.0,0.0,2.2159,0.6171,0.0,0.1807,-3.25,0.0,0.7399,33.1216,0.0329,0,synthetic
2024-07-03T18:00:00,66,kv-02,Dhanpur,0.611,2.235,16.492,67.326,51.156,0.25,3.5,1.072,31.0,1460.0,7.1,74.0,3.1,240.0,9.2,0.4391,0,7,18,2.235,0.0,0.0,2.2685,0.617,0.0,0.1807,-3.25,0.0,0.5481,33.0027,0.0329,0,synthetic
2024-07-03T19:00:00,67,kv-02,Dhanpur,0.908,2.521,16.809,68.234,51.495,0.25,3.5,1.072,31.0,1460.0,7.1,74.0,3.1,240.0,9.2,0.4341,0,7,19,2.521,0.0,0.0,2.4434,0.6231,0.0,0.1807,-3.25,0.0,0.5481,32.7736,0.0329,0,synthetic
2024-07-03T20:00:00,68,kv-02,Dhanpur,0.781,2.3,17.184,69.015,51.764,0.25,3.5,1.072,31.0,1460.0,7.1,74.0,3.1,240.0,9.2,0.4286,0,7,20,2.3,0.0,0.0,2.3407,0.6288,0.0,0.1807,-3.25,0.0,0.5481,32.5919,0.0329,0,synthetic
2024-07-03T21:00:00,69,kv-02,Dhanpur,0.664,2.353,16.673,69.678,51.968,0.25,3.5,1.072,31.0,1460.0,7.1,74.0,3.1,240.0,9.2,0.434,0,7,21,2.353,0.0,0.0,2.3549,0.628,0.0,0.1807,-3.25,0.0,0.5481,32.4541,0.0329,0,synthetic
2024-07-03T22:00:00,70,kv-02,Dhanpur,0.408,1.852,16.482,70.086,52.032,0.25,3.5,1.072,31.0,1460.0,7.1,74.0,3.1,240.0,9.2,0.4361,0,7,22,1.852,0.0,0.0,2.0747,0.6275,0.0,0.1807,-3.25,0.0,0.5481,32.4108,0.0329,0,synthetic
2024-07-03T23:00:00,71,kv-02,Dhanpur,0.582,1.653,16.536,70.668,52.191,0.25,3.5,1.072,31.0,1460.0,7.1,74.0,3.1,240.0,9.2,0.4349,0,7,23,1.653,0.0,0.0,1.9709,0.6298,0.0,0.1807,-3.25,0.0,0.5481,32.3034,0.0329,0,synthetic
2024-07-04T00:00:00,72,kv-02,Dhanpur,0.465,1.454,15.921,70.505,52.285,0.25,3.5,1.072,31.0,1460.0,7.1,74.0,3.1,240.0,9.2,0.442,0,7,0,1.454,0.0,0.0,1.8374,0.6269,0.0,0.1807,-3.25,0.0,0.5481,32.2399,0.0329,0,synthetic
2024-07-04T01:00:00,73,kv-02,Dhanpur,0.717,1.763,16.106,70.805,52.519,0.25,3.5,1.072,31.0,1460.0,7.1,74.0,3.1,240.0,9.2,0.4389,0,7,1,1.763,0.0,0.0,2.0162,0.6309,0.0,0.1807,-3.25,0.0,0.5481,32.0818,0.0329,0,synthetic
2024-07-04T02:00:00,74,kv-02,Dhanpur,0.624,1.806,16.102,70.999,52.701,0.25,3.5,1.072,31.0,1460.0,7.1,74.0,3.1,240.0,9.2,0.4383,1,7,2,1.806,0.0,0.0,2.0409,0.6331,0.0,0.1807,-3.25,0.0,0.7399,31.9588,0.0329,0,synthetic
2024-07-04T03:00:00,75,kv-02,Dhanpur,0.964,2.305,16.423,71.255,53.07,0.25,3.5,1.072,31.0,1460.0,7.1,74.0,3.1,240.0,9.2,0.4332,0,7,3,2.305,0.0,0.0,2.329,0.6396,0.0,0.1807,-3.25,0.0,0.5481,31.7095,0.0329,0,synthetic
2024-07-04T04:00:00,76,kv-02,Dhanpur,0.759,2.347,16.307,71.708,53.326,0.25,3.5,1.072,31.0,1460.0,7.1,74.0,3.1,240.0,9.2,0.4337,0,7,4,2.347,0.0,0.0,2.3505,0.642,0.0,0.1807,-3.25,0.0,0.5481,31.5365,0.0329,0,synthetic
2024-07-04T05:00:00,77,kv-02,Dhanpur,0.785,2.508,16.452,72.145,53.597,0.25,3.5,1.072,31.0,1460.0,7.1,74.0,3.1,240.0,9.2,0.431,0,7,5,2.508,0.0,0.0,2.4473,0.6462,0.0,0.1807,-3.25,0.0,0.5481,31.3534,0.0329,0,synthetic
2024-07-04T06:00:00,78,kv-02,Dhanpur,0.758,2.302,16.487,72.498,53.852,0.25,3.5,1.072,31.0,1460.0,7.1,74.0,3.1,240.0,9.2,0.4297,0,7,6,2.302,0.0,0.0,2.3375,0.6495,0.0,0.1807,-3.25,0.0,0.5481,31.1811,0.0329,0,synthetic
2024-07-04T07:00:00,79,kv-02,Dhanpur,0.729,2.272,16.687,72.778,54.091,0.25,3.5,1.072,31.0,1460.0,7.1,74.0,3.1,240.0,9.2,0.4264,0,7,7,2.272,0.0,0.0,2.3302,0.6537,0.0,0.1807,-3.25,0.0,0.5481,31.0196,0.0329,0,synthetic
2024-07-04T08:00:00,80,kv-02,Dhanpur,0.646,2.133,16.648,72.818,54.285,0.25,3.5,1.072,31.0,1460.0,7.1,74.0,3.1,240.0,9.2,0.4262,0,7,8,2.133,0.0,0.0,2.2526,0.6558,0.0,0.1807,-3.25,0.0,0.5481,30.8885,0.0329,0,synthetic
2024-07-04T09:00:00,81,kv-02,Dhanpur,0.708,2.084,16.688,73.282,54.513,0.25,3.5,1.072,31.0,1460.0,7.1,74.0,3.1,240.0,9.2,0.425,0,7,9,2.084,0.0,0.0,2.23,0.6588,0.0,0.1807,-3.25,0.0,0.5481,30.7345,0.0329,0,synthetic
2024-07-04T10:00:00,82,kv-02,Dhanpur,0.625,1.98,16.864,73.314,54.695,0.25,3.5,1.072,31.0,1460.0,7.1,74.0,3.1,240.0,9.2,0.4222,0,7,10,1.98,0.0,0.0,2.1796,0.6622,0.0,0.1807,-3.25,0.0,0.5481,30.6115,0.0329,0,synthetic
2024-07-04T11:00:00,83,kv-02,Dhanpur,0.974,2.307,17.101,73.923,55.068,0.25,3.5,1.072,31.0,1460.0,7.1,74.0,3.1,240.0,9.2,0.418,0,7,11,2.307,0.0,0.0,2.3722,0.6684,0.0,0.1807,-3.25,0.0,0.5481,30.3595,0.0329,0,synthetic
2024-07-04T12:00:00,84,kv-02,Dhanpur,0.951,2.55,17.374,74.389,55.429,0.25,3.5,1.072,31.0,1460.0,7.1,74.0,3.1,240.0,9.2,0.4135,0,7,12,2.55,0.0,0.0,2.519,0.6747,0.0,0.1807,-3.25,0.0,0.5481,30.1155,0.0329,0,synthetic
2024-07-04T13:00:00,85,kv-02,Dhanpur,0.499,2.424,17.254,73.9,55.541,0.25,3.5,1.072,31.0,1460.0,7.1,74.0,3.1,240.0,9.2,0.4146,0,7,13,2.424,0.0,0.0,2.4421,0.6752,0.0,0.1807,-3.25,0.0,0.5481,30.0399,0.0329,0,synthetic
2024-07-04T14:00:00,86,kv-02,Dhanpur,0.599,2.048,16.88,73.952,55.708,0.25,3.5,1.072,31.0,1460.0,7.1,74.0,3.1,240.0,9.2,0.4185,0,7,14,2.048,0.0,0.0,2.2216,0.6746,0.0,0.1807,-3.25,0.0,0.5481,29.927,0.0329,0,synthetic
2024-07-04T15:00:00,87,kv-02,Dhanpur,0.813,1.91,17.193,74.199,55.992,0.25,3.5,1.072,31.0,1460.0,7.1,74.0,3.1,240.0,9.2,0.4137,0,7,15,1.91,0.0,0.0,2.159,0.6803,0.0,0.1807,-3.25,0.0,0.5481,29.7351,0.0329,0,synthetic
2024-07-04T16:00:00,88,kv-02,Dhanpur,0.943,2.355,17.514,74.779,56.348,0.25,3.5,1.072,31.0,1460.0,7.1,74.0,3.1,240.0,9.2,0.4086,0,7,16,2.355,0.0,0.0,2.4194,0.6868,0.0,0.1807,-3.25,0.0,0.5481,29.4946,0.0329,0,synthetic
2024-07-04T17:00:00,89,kv-02,Dhanpur,0.732,2.488,17.244,75.111,56.588,0.25,3.5,1.072,31.0,1460.0,7.1,74.0,3.1,240.0,9.2,0.411,0,7,17,2.488,0.0,0.0,2.4845,0.6879,0.0,0.1807,-3.25,0.0,0.5481,29.3324,0.0329,0,synthetic
2024-07-04T18:00:00,90,kv-02,Dhanpur,0.544,2.219,17.177,75.096,56.724,0.25,3.5,1.072,31.0,1460.0,7.1,74.0,3.1,240.0,9.2,0.4113,0,7,18,2.219,0.0,0.0,2.3339,0.689,0.0,0.1807,-3.25,0.0,0.5481,29.2405,0.0329,0,synthetic
2024-07-04T19:00:00,91,kv-02,Dhanpur,0.444,1.72,16.713,75.207,56.805,0.25,3.5,1.072,31.0,1460.0,7.1,74.0,3.1,240.0,9.2,0.4166,1,7,19,1.72,0.0,0.0,2.0428,0.6867,0.0,0.1807,-3.25,0.0,0.7399,29.1858,0.0329,0,synthetic
2024-07-04T20:00:00,92,kv-02,Dhanpur,0.824,1.812,16.756,75.512,57.095,0.25,3.5,1.072,31.0,1460.0,7.1,74.0,3.1,240.0,9.2,0.4151,0,7,20,1.812,0.0,0.0,2.0969,0.6905,0.0,0.1807,-3.25,0.0,0.5481,28.9899,0.0329,0,synthetic
2024-07-04T21:00:00,93,kv-02,Dhanpur,0.491,1.759,16.583,75.175,57.202,0.25,3.5,1.072,31.0,1460.0,7.1,74.0,3.1,240.0,9.2,0.4168,0,7,21,1.759,0.0,0.0,2.0592,0.6906,0.0,0.1807,-3.25,0.0,0.5481,28.9176,0.0329,0,synthetic
2024-07-04T22:00:00,94,kv-02,Dhanpur,0.729,2.044,16.904,75.503,57.44,0.25,3.5,1.072,31.0,1460.0,7.1,74.0,3.1,240.0,9.2,0.4121,0,7,22,2.044,0.0,0.0,2.23,0.6958,0.0,0.1807,-3.25,0.0,0.5481,28.7568,0.0329,0,synthetic
2024-07-04T23:00:00,95,kv-02,Dhanpur,0.669,1.889,16.992,75.242,57.644,0.25,3.5,1.072,31.0,1460.0,7.1,74.0,3.1,240.0,9.2,0.4103,0,7,23,1.889,0.0,0.0,2.1464,0.6989,0.0,0.1807,-3.25,0.0,0.5481,28.6189,0.0329,0,synthetic
2024-07-05T00:00:00,96,kv-02,Dhanpur,0.616,2.014,17.143,75.1,57.819,0.25,3.5,1.072,31.0,1460.0,7.1,74.0,3.1,240.0,9.2,0.4079,1,7,0,2.014,0.0,0.0,2.2199,0.7021,0.0,0.1807,-3.25,0.0,0.7399,28.5007,0.0329,0,synthetic
2024-07-05T01:00:00,97,kv-02,Dhanpur,0.966,2.251,17.392,75.669,58.187,0.25,3.5,1.072,31.0,1460.0,7.1,74.0,3.1,240.0,9.2,0.4036,0,7,1,2.251,0.0,0.0,2.3632,0.7084,0.0,0.1807,-3.25,0.0,0.5481,28.252,0.0329,0,synthetic
2024-07-05T02:00:00,98,kv-02,Dhanpur,0.864,2.446,17.632,75.865,58.499,0.25,3.5,1.072,31.0,1460.0,7.1,74.0,3.1,240.0,9.2,0.3997,0,7,2,2.446,0.0,0.0,2.4807,0.7139,0.0,0.1807,-3.25,0.0,0.5481,28.0412,0.0329,0,synthetic
2024-07-05T03:00:00,99,kv-02,Dhanpur,1.164,2.994,17.832,76.718,58.975,0.25,3.5,1.072,31.0,1460.0,7.1,74.0,3.1,240.0,9.2,0.3956,0,7,3,2.994,0.0,0.0,2.7949,0.7212,0.0,0.1807,-3.25,0.0,0.5481,27.7196,0.0329,0,synthetic
2024-07-05T04:00:00,100,kv-02,Dhanpur,1.088,3.116,18.16,77.119,59.409,0.25,3.5,1.072,31.0,1460.0,7.1,74.0,3.1,240.0,9.2,0.3901,0,7,4,3.116,0.0,0.0,2.8768,0.7289,0.0,0.1807,-3.25,0.0,0.5481,27.4264,0.0329,0,synthetic
2024-07-05T05:00:00,101,kv-02,Dhanpur,1.152,3.403,18.528,77.543,59.878,0.25,3.5,1.072,31.0,1460.0,7.1,74.0,3.1,240.0,9.2,0.3841,1,7,5,3.403,0.0,0.0,3.0511,0.7375,0.0,0.1807,-3.25,0.0,0.7399,27.1095,0.0329,0,synthetic
2024-07-05T06:00:00,102,kv-02,Dhanpur,1.193,3.432,18.962,78.039,60.369,0.25,3.5,1.072,31.0,1460.0,7.1,74.0,3.1,240.0,9.2,0.3772,0,7,6,3.432,0.0,0.0,3.0864,0.7468,0.0,0.1807,-3.25,0.0,0.5481,26.7777,0.0329,0,synthetic
2024-07-05T07:00:00,103,kv-02,Dhanpur,1.563,3.908,19.796,78.967,61.064,0.25,3.5,1.072,31.0,1460.0,7.1,74.0,3.1,240.0,9.2,0.3647,0,7,7,3.908,0.0,0.0,3.3853,0.7617,0.0,0.1807,-3.25,0.0,0.5481,26.3081,0.0329,0,synthetic
2024-07-05T08:00:00,104,kv-02,Dhanpur,1.529,4.285,20.679,79.742,61.74,0.25,3.5,1.072,31.0,1460.0,7.1,74.0,3.1,240.0,9.2,0.3518,0,7,8,4.285,0.0,0.0,3.6306,0.777,0.0,0.1807,-3.25,0.0,0.5481,25.8514,0.0329,0,synthetic
2024-07-05T09:00:00,105,kv-02,Dhanpur,2.129,5.221,22.1,68.952,62.437,0.26,3.5,1.133,31.0,1460.0,7.1,74.0,3.1,240.0,9.2,0.3323,0,7,9,4.3644,0.8566,0.0,4.1313,0.7969,0.0079,0.1879,-3.24,0.8852,0.57,25.3804,0.0343,0,synthetic
2024-07-05T10:00:00,106,kv-02,Dhanpur,1.421,5.079,22.895,55.07,63.052,0.252,3.5,1.087,31.0,1460.0,7.1,74.0,3.1,240.0,9.2,0.3206,0,7,10,4.3157,0.7633,0.0,3.9962,0.811,0.0071,0.1824,-3.248,0.7887,0.5531,24.9649,0.0332,0,synthetic
2024-07-05T11:00:00,107,kv-02,Dhanpur,1.514,5.064,23.436,56.19,63.718,0.25,3.5,1.072,31.0,1460.0,7.1,74.0,3.1,240.0,9.2,0.3118,0,7,11,4.2631,0.8009,0.0,4.0152,0.8238,0.0075,0.1807,-3.25,0.8276,0.5481,24.5149,0.0329,0,synthetic
2024-07-05T12:00:00,108,kv-02,Dhanpur,1.659,4.594,24.144,57.465,64.387,0.25,3.5,1.072,31.0,1460.0,7.1,74.0,3.1,240.0,9.2,0.3009,0,7,12,4.2102,0.3838,0.0,3.7913,0.8382,0.0037,0.1807,-3.25,0.3966,0.5481,24.0628,0.0329,0,synthetic
2024-07-05T13:00:00,109,kv-02,Dhanpur,1.783,4.957,25.428,58.679,65.046,0.252,3.5,1.083,31.0,1460.0,7.1,74.0,3.1,240.0,9.2,0.2832,0,7,13,4.1581,0.7989,0.0,4.0466,0.8572,0.0077,0.1821,-3.248,0.8255,0.5522,23.6176,0.0332,0,synthetic
2024-07-05T14:00:00,110,kv-02,Dhanpur,1.171,4.614,26.001,59.348,65.523,0.25,3.5,1.072,31.0,1460.0,7.1,74.0,3.1,240.0,9.2,0.2747,1,7,14,4.1204,0.4936,0.0,3.8837,0.8682,0.0048,0.1807,-3.25,0.51,0.7399,23.2953,0.0329,0,synthetic
2024-07-05T15:00:00,111,kv-02,Dhanpur,1.474,4.429,26.663,60.088,66.165,0.25,3.5,1.072,31.0,1460.0,7.1,74.0,3.1,240.0,9.2,0.2645,0,7,15,4.0697,0.3593,0.0,3.8114,0.8822,0.0035,0.1807,-3.25,0.3713,0.5481,22.8615,0.0329,0,synthetic
2024-07-05T16:00:00,112,kv-02,Dhanpur,1.174,3.82,26.893,60.854,66.642,0.25,3.5,1.072,31.0,1460.0,7.1,74.0,3.1,240.0,9.2,0.26,0,7,16,3.82,0.0,0.0,3.4898,0.8904,0.0,0.1807,-3.25,0.0,0.5481,22.5392,0.0329,0,synthetic
2024-07-05T17:00:00,113,kv-02,Dhanpur,0.988,3.636,27.149,61.227,67.017,0.25,3.5,1.072,31.0,1460.0,7.1,74.0,3.1,240.0,9.2,0.2556,0,7,17,3.636,0.0,0.0,3.4006,0.8976,0.0,0.1807,-3.25,0.0,0.5481,22.2858,0.0329,0,synthetic
2024-07-05T18:00:00,114,kv-02,Dhanpur,0.89,3.051,27.495,61.164,67.337,0.25,3.5,1.072,31.0,1460.0,7.1,74.0,3.1,240.0,9.2,0.2504,0,7,18,3.051,0.0,0.0,3.0914,0.9048,0.0,0.1807,-3.25,0.0,0.5481,22.0696,0.0329,0,synthetic
2024-07-05T19:00:00,115,kv-02,Dhanpur,0.795,2.673,27.846,61.368,67.605,0.25,3.5,1.072,31.0,1460.0,7.1,74.0,3.1,240.0,9.2,0.2452,0,7,19,2.673,0.0,0.0,2.8979,0.9114,0.0,0.1807,-3.25,0.0,0.5481,21.8885,0.0329,0,synthetic
2024-07-05T20:00:00,116,kv-02,Dhanpur,0.619,2.304,27.641,61.58,67.776,0.25,3.5,1.072,31.0,1460.0,7.1,74.0,3.1,240.0,9.2,0.2471,0,7,20,2.304,0.0,0.0,2.6886,0.9119,0.0,0.1807,-3.25,0.0,0.5481,21.773,0.0329,0,synthetic
2024-07-05T21:00:00,117,kv-02,Dhanpur,0.548,1.962,27.698,60.953,67.908,0.25,3.5,1.072,31.0,1460.0,7.1,74.0,3.1,240.0,9.2,0.246,0,7,21,1.962,0.0,0.0,2.4987,0.9142,0.0,0.1807,-3.25,0.0,0.5481,21.6838,0.0329,0,synthetic
2024-07-05T22:00:00,118,kv-02,Dhanpur,0.569,1.736,27.538,60.925,68.051,0.25,3.5,1.072,31.0,1460.0,7.1,74.0,3.1,240.0,9.2,0.2474,0,7,22,1.736,0.0,0.0,2.3683,0.9148,0.0,0.1807,-3.25,0.0,0.5481,21.5872,0.0329,0,synthetic
2024-07-05T23:00:00,119,kv-02,Dhanpur,0.735,1.852,27.604,61.132,68.285,0.25,3.5,1.072,31.0,1460.0,7.1,74.0,3.1,240.0,9.2,0.2457,0,7,23,1.852,0.0,0.0,2.4358,0.9185,0.0,0.1807,-3.25,0.0,0.5481,21.4291,0.0329,0,synthetic
2024-07-06T00:00:00,120,kv-02,Dhanpur,1.212,2.516,28.2,61.264,68.782,0.25,3.5,1.072,31.0,1460.0,7.1,74.0,3.1,240.0,9.2,0.2369,1,7,0,2.516,0.0,0.0,2.8242,0.9303,0.0,0.1807,-3.25,0.0,0.7399,21.0932,0.0329,0,synthetic
2024-07-06T01:00:00,121,kv-02,Dhanpur,1.591,3.538,28.825,62.324,69.378,0.25,3.5,1.072,31.0,1460.0,7.1,74.0,3.1,240.0,9.2,0.2273,0,7,1,3.538,0.0,0.0,3.4164,0.9438,0.0,0.1807,-3.25,0.0,0.5481,20.6905,0.0329,0,synthetic
2024-07-06T02:00:00,122,kv-02,Dhanpur,2.311,5.114,30.272,64.006,69.966,0.268,3.5,1.183,31.0,1460.0,7.1,74.0,3.1,240.0,9.2,0.2079,0,7,2,3.7692,1.3448,0.0,4.3479,0.9644,0.0139,0.1937,-3.232,1.3896,0.5874,20.2932,0.0353,0,synthetic
2024-07-06T03:00:00,123,kv-02,Dhanpur,2.327,6.229,31.435,65.69,70.546,0.284,3.5,1.293,31.0,1460.0,7.1,74.0,3.1,240.0,9.2,0.1919,0,7,3,3.7233,2.5057,0.0,5.0153,0.9827,0.0261,0.2056,-3.216,2.5892,0.6237,19.9014,0.0375,0,synthetic
2024-07-06T04:00:00,124,kv-02,Dhanpur,3.017,7.655,33.365,67.832,71.117,0.318,3.5,1.521,31.0,1460.0,7.1,74.0,3.1,240.0,9.2,0.1667,1,7,4,3.6782,3.9768,0.0,5.8854,1.0078,0.0418,0.2296,-3.182,4.1094,0.94,19.5155,0.0419,0,synthetic
2024-07-06T05:00:00,125,kv-02,Dhanpur,3.881,9.225,36.093,71.072,71.68,0.372,3.5,1.908,31.0,1460.0,7.1,74.0,3.1,240.0,9.2,0.132,0,7,5,3.6337,5.5913,0.0,6.8714,1.0402,0.0593,0.2664,-3.128,5.7777,0.808,19.1351,0.0486,0,synthetic
2024-07-06T06:00:00,126,kv-02,Dhanpur,4.147,11.045,39.047,74.497,72.235,0.429,3.5,2.342,31.0,1460.0,7.1,74.0,3.1,240.0,9.2,0.12,1,7,6,3.5898,7.4552,0.0,8.0046,1.0749,0.0797,0.3036,-3.071,7.7037,1.243,18.7601,0.0553,0,synthetic
2024-07-06T07:00:00,127,kv-02,Dhanpur,4.534,12.561,42.018,78.501,72.782,0.49,3.5,2.847,31.0,1460.0,7.1,74.0,3.1,240.0,9.2,0.12,0,7,7,3.5466,9.0144,0.0,8.9749,1.1101,0.097,0.3421,-3.01,9.3149,1.0376,18.3905,0.0624,0,synthetic
2024-07-06T08:00:00,128,kv-02,Dhanpur,5.394,14.075,45.883,83.21,73.321,0.57,3.5,3.537,31.0,1460.0,7.1,74.0,3.1,240.0,9.2,0.12,0,7,8,3.504,10.571,0.0,9.9819,1.1537,0.1146,0.3897,-2.93,10.9234,1.182,18.0264,0.0711,0,synthetic
2024-07-06T09:00:00,129,kv-02,Dhanpur,5.396,15.324,49.15,87.938,73.852,0.642,3.5,4.205,31.0,1460.0,7.1,74.0,3.1,240.0,9.2,0.12,0,7,9,3.462,11.862,0.0,10.8209,1.1922,0.1296,0.4309,-2.858,12.2574,1.3069,17.6676,0.0786,0,synthetic
2024-07-06T10:00:00,130,kv-02,Dhanpur,5.464,16.255,53.194,92.953,74.375,0.709,3.5,4.861,31.0,1460.0,7.1,74.0,3.1,240.0,9.2,0.12,1,7,10,3.4207,12.8343,0.0,11.516,1.2383,0.1412,0.4678,-2.791,13.2622,1.9156,17.3142,0.0853,0,synthetic
2024-07-06T11:00:00,131,kv-02,Dhanpur,5.389,16.249,57.068,97.605,74.891,0.768,3.5,5.461,31.0,1460.0,7.1,74.0,3.1,240.0,9.2,0.12,1,7,11,3.3799,12.8691,0.0,11.687,1.2831,0.1426,0.4993,-2.732,13.2981,2.0445,16.9655,0.091,0,synthetic
2024-07-06T12:00:00,132,kv-02,Dhanpur,20.207,31.06,75.616,117.134,75.4,1.213,3.5,10.587,31.0,1460.0,7.1,74.0,3.1,240.0,9.2,0.12,0,7,12,3.3396,27.7204,1.7036,20.6507,1.4667,0.3092,0.7141,-2.287,28.6444,2.1658,16.6216,0.1302,0,synthetic
2024-07-06T13:00:00,133,kv-02,Dhanpur,4.421,30.016,78.253,120.935,75.901,1.196,3.5,10.373,31.0,1460.0,7.1,74.0,3.1,240.0,9.2,0.12,1,7,13,3.3,26.716,1.4599,20.1991,1.5014,0.2999,0.7064,-2.304,27.6065,2.8925,16.2831,0.1288,0,synthetic
2024-07-06T14:00:00,134,kv-02,Dhanpur,3.772,28.399,80.854,123.734,76.395,1.164,3.5,9.972,31.0,1460.0,7.1,74.0,3.1,240.0,9.2,0.12,0,7,14,3.261,25.138,1.1154,19.4248,1.5361,0.2841,0.6919,-2.336,25.976,2.0986,15.9493,0.1261,0,synthetic
2024-07-06T15:00:00,135,kv-02,Dhanpur,3.036,11.228,82.415,126.27,76.882,1.116,3.5,9.384,31.0,1460.0,7.1,74.0,3.1,240.0,9.2,0.12,0,7,15,3.2225,8.0055,0.0,10.0552,1.5608,0.091,0.6699,-2.384,8.2724,2.0319,15.6203,0.1221,0,synthetic
2024-07-06T16:00:00,136,kv-02,Dhanpur,2.951,9.758,84.192,128.6,77.362,1.071,3.5,8.842,31.0,1460.0,7.1,74.0,3.1,240.0,9.2,0.12,1,7,16,3.1845,6.5735,0.0,9.3279,1.5878,0.0752,0.649,-2.429,6.7926,2.6575,15.2959,0.1183,0,synthetic
2024-07-06T17:00:00,137,kv-02,Dhanpur,1.89,7.877,85.094,129.488,77.835,1.003,3.5,8.04,31.0,1460.0,7.1,74.0,3.1,240.0,9.2,0.12,1,7,17,3.1471,4.7299,0.0,8.3327,1.6063,0.0545,0.6168,-2.497,4.8875,2.5257,14.9764,0.1125,0,synthetic
2024-07-06T18:00:00,138,kv-02,Dhanpur,0.964,5.805,85.168,129.84,78.187,0.922,3.5,7.107,31.0,1460.0,7.1,74.0,3.1,240.0,9.2,0.12,1,7,18,3.1193,2.6857,0.0,7.198,1.6142,0.0311,0.5773,-2.578,2.7752,2.3641,14.7385,0.1053,0,synthetic
2024-07-06T19:00:00,139,kv-02,Dhanpur,0.71,3.564,85.083,129.642,78.4,0.846,3.5,6.273,31.0,1460.0,7.1,74.0,3.1,240.0,9.2,0.12,0,7,19,3.1025,0.4615,0.0,5.9611,1.6178,0.0054,0.5393,-2.654,0.4769,1.6359,14.5946,0.0983,0,synthetic
2024-07-06T20:00:00,140,kv-02,Dhanpur,0.526,2.2,84.99,129.387,78.512,0.775,3.5,5.531,31.0,1460.0,7.1,74.0,3.1,240.0,9.2,0.12,0,7,20,2.2,0.0,0.0,5.2058,1.6192,0.0,0.5029,-2.725,0.0,1.5254,14.5189,0.0917,0,synthetic
2024-07-06T21:00:00,141,kv-02,Dhanpur,0.373,1.609,84.815,129.096,78.539,0.71,3.5,4.871,31.0,1460.0,7.1,74.0,3.1,240.0,9.2,0.12,0,7,21,1.609,0.0,0.0,4.8724,1.6181,0.0,0.4684,-2.79,0.0,1.4206,14.5007,0.0854,0,synthetic
2024-07-06T22:00:00,142,kv-02,Dhanpur,0.692,1.591,84.938,129.381,78.742,0.655,3.5,4.329,31.0,1460.0,7.1,74.0,3.1,240.0,9.2,0.12,0,7,22,1.591,0.0,0.0,4.8689,1.6234,0.0,0.4381,-2.845,0.0,1.3289,14.3635,0.0799,0,synthetic
2024-07-06T23:00:00,143,kv-02,Dhanpur,12.954,14.019,97.157,141.753,79.195,0.921,3.5,7.095,31.0,1460.0,7.1,74.0,3.1,240.0,9.2,0.12,1,7,23,3.0396,10.9794,0.0,12.2398,1.7537,0.1286,0.5768,-2.579,11.3453,2.362,14.0574,0.1052,0,synthetic
2024-07-07T00:00:00,144,kv-02,Dhanpur,2.488,16.134,98.433,143.776,79.641,0.885,3.5,6.696,31.0,1460.0,7.1,74.0,3.1,240.0,9.2,0.12,0,7,0,3.0044,13.1296,0.0,13.4635,1.7763,0.1547,0.559,-2.615,13.5673,1.6954,13.7561,0.1019,0,synthetic
2024-07-07T01:00:00,145,kv-02,Dhanpur,3.761,19.202,100.602,146.82,80.081,0.886,3.5,6.71,31.0,1460.0,7.1,74.0,3.1,240.0,9.2,0.12,1,7,1,2.9696,16.2324,0.0202,15.2513,1.8078,0.1923,0.5595,-2.614,16.7735,2.2911,13.4588,0.102,0,synthetic
2024-07-07T02:00:00,146,kv-02,Dhanpur,5.101,11.349,103.392,151.296,80.514,0.923,3.5,7.117,31.0,1460.0,7.1,74.0,3.1,240.0,9.2,0.12,0,7,2,2.9354,8.4136,0.0,11.0648,1.8457,0.1002,0.5778,-2.577,8.6941,1.7526,13.1662,0.1053,0,synthetic
2024-07-07T03:00:00,147,kv-02,Dhanpur,6.868,15.729,107.933,157.2,80.941,1.002,3.5,8.028,31.0,1460.0,7.1,74.0,3.1,240.0,9.2,0.12,1,7,3,2.9016,12.8274,0.0,13.6809,1.9014,0.1536,0.6163,-2.498,13.255,2.5237,12.8777,0.1124,0,synthetic
2024-07-07T04:00:00,148,kv-02,Dhanpur,8.487,20.455,113.403,164.928,81.362,1.117,3.5,9.392,31.0,1460.0,7.1,74.0,3.1,240.0,9.2,0.12,1,7,4,2.8683,17.5867,0.074,16.5337,1.967,0.2117,0.6703,-2.383,18.1729,2.7447,12.5932,0.1222,0,synthetic
2024-07-07T05:00:00,149,kv-02,Dhanpur,10.233,25.587,119.755,174.376,81.777,1.266,3.5,11.262,31.0,1460.0,7.1,74.0,3.1,240.0,9.2,0.12,0,7,5,2.8355,22.7515,0.6175,19.6535,2.0419,0.2752,0.7377,-2.234,23.5099,2.2375,12.3128,0.1345,0,synthetic
2024-07-07T06:00:00,150,kv-02,Dhanpur,11.545,30.264,127.153,185.163,82.186,1.434,3.5,13.491,31.0,1460.0,7.1,74.0,3.1,240.0,9.2,0.12,1,7,6,2.8032,27.4608,1.5163,22.5707,2.1281,0.3338,0.8107,-2.066,28.3762,3.3198,12.0365,0.1478,0,synthetic
2024-07-07T07:00:00,151,kv-02,Dhanpur,12.584,34.362,135.203,197.017,82.589,1.611,3.5,15.971,31.0,1460.0,7.1,74.0,3.1,240.0,9.2,0.12,0,7,7,2.7713,31.5907,2.5785,25.2006,2.2217,0.3859,0.885,-1.889,32.6437,2.6844,11.7642,0.1614,0,synthetic
2024-07-07T08:00:00,152,kv-02,Dhanpur,13.169,37.298,142.978,209.54,82.986,1.783,3.5,18.509,31.0,1460.0,7.1,74.0,3.1,240.0,9.2,0.12,1,7,8,2.74,34.558,3.4802,27.1852,2.313,0.4242,0.9551,-1.717,35.71,3.9107,11.4959,0.1741,0,synthetic
2024-07-07T09:00:00,153,kv-02,Dhanpur,13.649,39.402,151.23,222.48,83.377,1.948,3.5,21.042,31.0,1460.0,7.1,74.0,3.1,240.0,9.2,0.12,0,7,9,2.709,36.693,4.1928,28.7327,2.4099,0.4525,1.0205,-1.552,37.9161,3.0954,11.2318,0.1861,0,synthetic
2024-07-07T10:00:00,154,kv-02,Dhanpur,13.44,40.258,159.206,235.295,83.762,2.088,3.5,23.263,31.0,1460.0,7.1,74.0,3.1,240.0,9.2,0.12,0,7,10,2.6786,37.5794,4.4977,29.5827,2.5045,0.4656,1.0749,-1.412,38.832,3.2604,10.9716,0.196,0,synthetic
2024-07-07T11:00:00,155,kv-02,Dhanpur,13.003,40.092,166.821,247.325,84.142,2.199,3.5,25.074,31.0,1460.0,7.1,74.0,3.1,240.0,9.2,0.12,0,7,11,2.6486,37.4434,4.4379,29.8522,2.596,0.466,1.1174,-1.301,38.6915,3.3893,10.7149,0.2037,0,synthetic
2024-07-07T12:00:00,156,kv-02,Dhanpur,11.823,38.266,158.437,258.197,84.516,2.264,3.5,26.167,31.0,1460.0,7.1,74.0,3.1,240.0,9.2,0.12,1,7,12,2.619,35.647,3.8014,28.6014,2.519,0.4456,1.1422,-1.236,36.8352,4.6769,10.4622,0.2082,0,synthetic
2024-07-07T13:00:00,157,kv-02,Dhanpur,10.292,35.118,164.309,267.99,84.885,2.281,3.5,26.452,31.0,1460.0,7.1,74.0,3.1,240.0,9.2,0.12,0,7,13,2.5898,32.5282,2.8,27.1514,2.5923,0.4084,1.1486,-1.219,33.6124,3.4838,10.2128,0.2094,0,synthetic
2024-07-07T14:00:00,158,kv-02,Dhanpur,8.449,30.564,168.986,275.84,85.249,2.248,3.5,25.886,31.0,1460.0,7.1,74.0,3.1,240.0,9.2,0.12,0,7,14,2.5611,28.0029,1.5857,24.8712,2.6532,0.3531,1.136,-1.252,28.9364,3.4457,9.9669,0.2071,0,synthetic
2024-07-07T15:00:00,159,kv-02,Dhanpur,6.819,25.561,172.77,281.847,85.607,2.175,3.5,24.689,31.0,1460.0,7.1,74.0,3.1,240.0,9.2,0.12,1,7,15,2.5328,23.0282,0.6135,22.299,2.7049,0.2916,1.1083,-1.325,23.7958,4.5384,9.725,0.2021,0,synthetic
2024-07-07T16:00:00,160,kv-02,Dhanpur,4.701,19.969,174.52,285.605,85.96,2.057,3.5,22.762,31.0,1460.0,7.1,74.0,3.1,240.0,9.2,0.12,0,7,16,2.5049,17.4641,0.0492,19.3125,2.7348,0.2221,1.0629,-1.443,18.0463,3.224,9.4865,0.1938,0,synthetic
2024-07-07T17:00:00,161,kv-02,Dhanpur,3.264,14.785,175.894,288.137,86.308,1.915,3.5,20.53,31.0,1460.0,7.1,74.0,3.1,240.0,9.2,0.12,1,7,17,2.4774,12.3076,0.0,16.5286,2.7607,0.1571,1.0076,-1.585,12.7179,4.1257,9.2514,0.1837,0,synthetic
2024-07-07T18:00:00,162,kv-02,Dhanpur,1.674,9.639,176.604,289.267,86.65,1.75,3.5,18.008,31.0,1460.0,7.1,74.0,3.1,240.0,9.2,0.12,0,7,18,2.4503,7.1887,0.0,13.732,2.7793,0.0921,0.9417,-1.75,7.4283,2.8564,9.0203,0.1717,0,synthetic
2024-07-07T19:00:00,163,kv-02,Dhanpur,0.664,5.602,176.558,289.487,86.83,1.583,3.5,15.565,31.0,1460.0,7.1,74.0,3.1,240.0,9.2,0.12,0,7,19,2.4361,3.1659,0.0,11.5113,2.7846,0.0407,0.8734,-1.917,3.2714,2.6491,8.8986,0.1592,0,synthetic
2024-07-07T20:00:00,164,kv-02,Dhanpur,0.614,2.952,176.646,289.278,86.982,1.434,3.5,13.496,31.0,1460.0,7.1,74.0,3.1,240.0,9.2,0.12,0,7,20,2.4241,0.5279,0.0,10.0558,2.7904,0.0068,0.8108,-2.066,0.5455,2.4593,8.7959,0.1478,0,synthetic
2024-07-07T21:00:00,165,kv-02,Dhanpur,0.517,1.795,176.79,289.303,87.081,1.302,3.5,11.727,31.0,1460.0,7.1,74.0,3.1,240.0,9.2,0.12,1,7,21,1.795,0.0,0.0,9.425,2.7952,0.0,0.7536,-2.198,0.0,3.0856,8.7291,0.1374,0,synthetic
2024-07-07T22:00:00,166,kv-02,Dhanpur,1.201,2.332,177.299,289.775,87.412,1.195,3.5,10.359,31.0,1460.0,7.1,74.0,3.1,240.0,9.2,0.12,0,7,22,2.332,0.0,0.0,9.7424,2.8114,0.0,0.7059,-2.305,0.0,2.1412,8.5054,0.1287,0,synthetic
2024-07-07T23:00:00,167,kv-02,Dhanpur,2.492,4.21,166.837,291.598,87.739,1.134,3.5,9.601,31.0,1460.0,7.1,74.0,3.1,240.0,9.2,0.12,1,7,23,2.3642,1.8458,0.0,10.3944,2.7072,0.024,0.6781,-2.366,1.9073,2.7768,8.2845,0.1236,0,synthetic
2024-07-08T00:00:00,168,kv-02,Dhanpur,4.349,8.042,168.698,295.332,88.061,1.129,3.5,9.535,31.0,1460.0,7.1,74.0,3.1,240.0,9.2,0.12,0,7,0,2.3388,5.7032,0.0,12.5951,2.7376,0.0743,0.6758,-2.371,5.8933,2.0497,8.0669,0.1232,0,synthetic
2024-07-08T01:00:00,169,kv-02,Dhanpur,6.523,13.364,171.461,300.889,88.378,1.181,3.5,10.186,31.0,1460.0,7.1,74.0,3.1,240.0,9.2,0.12,0,7,1,2.3137,11.0503,0.0,15.6605,2.778,0.1445,0.6996,-2.319,11.4186,2.1221,7.8527,0.1276,0,synthetic
2024-07-08T02:00:00,170,kv-02,Dhanpur,9.092,19.964,175.452,309.116,88.69,1.296,3.5,11.654,31.0,1460.0,7.1,74.0,3.1,240.0,9.2,0.12,0,7,2,2.2891,17.6749,0.049,19.4916,2.832,0.2319,0.751,-2.204,18.2641,2.2778,7.6419,0.1369,0,synthetic
2024-07-08T03:00:00,171,kv-02,Dhanpur,11.416,27.031,180.0,319.368,88.998,1.46,3.5,13.852,31.0,1460.0,7.1,74.0,3.1,240.0,9.2,0.12,0,7,3,2.2647,24.7663,0.8566,23.6131,2.8924,0.326,0.8219,-2.04,25.5918,2.4928,7.4338,0.1498,0,synthetic
2024-07-08T04:00:00,172,kv-02,Dhanpur,13.84,34.348,185.354,332.121,89.301,1.67,3.5,16.831,31.0,1460.0,7.1,74.0,3.1,240.0,9.2,0.12,1,7,4,2.2408,32.1072,2.5744,27.9179,2.962,0.4241,0.9093,-1.83,33.1775,3.7233,7.2291,0.1658,0,synthetic
2024-07-08T05:00:00,173,kv-02,Dhanpur,16.228,41.485,191.349,347.197,89.6,1.919,3.5,20.588,31.0,1460.0,7.1,74.0,3.1,240.0,9.2,0.12,0,7,5,2.2171,39.2679,4.9493,32.1623,3.0391,0.5204,1.0091,-1.581,40.5768,3.0608,7.027,0.184,0,synthetic
2024-07-08T06:00:00,174,kv-02,Dhanpur,18.085,48.154,197.89,364.09,89.894,2.187,3.5,24.888,31.0,1460.0,7.1,74.0,3.1,240.0,9.2,0.12,0,7,6,2.1939,45.9601,7.6824,36.1811,3.1226,0.6111,1.1129,-1.313,47.4921,3.3757,6.8284,0.2029,0,synthetic
2024-07-08T07:00:00,175,kv-02,Dhanpur,19.424,53.738,204.73,381.951,90.185,2.457,3.5,29.463,31.0,1460.0,7.1,74.0,3.1,240.0,9.2,0.12,0,7,7,2.1709,51.5671,10.2934,39.6205,3.2098,0.6879,1.2145,-1.043,53.286,3.6837,6.6318,0.2214,0,synthetic
2024-07-08T08:00:00,176,kv-02,Dhanpur,19.898,57.407,211.458,400.319,90.47,2.704,3.5,33.854,31.0,1460.0,7.1,74.0,3.1,240.0,9.2,0.12,1,7,8,2.1483,55.2587,12.1494,42.0055,3.296,0.7395,1.3052,-0.796,57.1006,5.3447,6.4392,0.238,0,synthetic
2024-07-08T09:00:00,177,kv-02,Dhanpur,19.945,59.267,217.755,418.135,90.752,2.919,3.5,37.815,31.0,1460.0,7.1,74.0,3.1,240.0,9.2,0.12,1,7,9,2.1261,57.1409,13.1292,43.376,3.3777,0.767,1.3828,-0.581,59.0456,5.6623,6.2486,0.2521,0,synthetic
2024-07-08T10:00:00,178,kv-02,Dhanpur,18.974,58.817,223.288,435.689,91.03,3.077,3.5,40.827,31.0,1460.0,7.1,74.0,3.1,240.0,9.2,0.12,0,7,10,2.1041,56.7129,12.8898,43.4457,3.451,0.7636,1.4392,-0.423,58.6034,4.3652,6.0608,0.2624,0,synthetic
2024-07-08T11:00:00,179,kv-02,Dhanpur,17.668,56.587,227.953,451.842,91.303,3.178,3.5,42.781,31.0,1460.0,7.1,74.0,3.1,240.0,9.2,0.12,0,7,11,2.0825,54.5045,11.7256,42.4951,3.5146,0.7361,1.4749,-0.322,56.3213,4.4735,5.8764,0.2689,0,synthetic
2024-07-08T12:00:00,180,kv-02,Dhanpur,15.825,52.467,231.955,466.008,91.573,3.215,3.5,43.511,31.0,1460.0,7.1,74.0,3.1,240.0,9.2,0.12,0,7,12,2.0612,50.4058,9.6756,40.4677,3.5708,0.6828,1.4879,-0.285,52.086,4.5131,5.6939,0.2713,0,synthetic
2024-07-08T13:00:00,181,kv-02,Dhanpur,13.831,47.324,235.494,478.056,91.838,3.195,3.5,43.102,31.0,1460.0,7.1,74.0,3.1,240.0,9.2,0.12,0,7,13,2.0402,45.2838,7.3181,37.8471,3.6218,0.6152,1.4808,-0.305,46.7933,4.4916,5.5149,0.27,0,synthetic
2024-07-08T14:00:00,182,kv-02,Dhanpur,10.778,40.434,237.823,487.662,92.1,3.096,3.5,41.196,31.0,1460.0,7.1,74.0,3.1,240.0,9.2,0.12,0,7,14,2.0195,38.4145,4.5614,34.205,3.6589,0.5233,1.4459,-0.404,39.695,4.3857,5.3378,0.2636,0,synthetic
2024-07-08T15:00:00,183,kv-02,Dhanpur,8.541,33.15,239.545,494.729,92.357,2.954,3.5,38.479,31.0,1460.0,7.1,74.0,3.1,240.0,9.2,0.12,0,7,15,1.9992,31.1508,2.2395,30.3075,3.689,0.4256,1.3954,-0.546,32.1892,4.2324,5.1642,0.2544,0,synthetic
2024-07-08T16:00:00,184,kv-02,Dhanpur,5.669,24.989,240.513,499.225,92.611,2.757,3.5,34.815,31.0,1460.0,7.1,74.0,3.1,240.0,9.2,0.12,0,7,16,1.9791,23.0099,0.529,25.8833,3.7104,0.3152,1.3245,-0.743,23.7769,4.0173,4.9926,0.2415,0,synthetic
2024-07-08T17:00:00,185,kv-02,Dhanpur,3.864,18.075,241.113,502.101,92.862,2.541,3.5,30.926,31.0,1460.0,7.1,74.0,3.1,240.0,9.2,0.12,0,7,17,1.9593,16.1157,0.0006,22.1211,3.7274,0.2214,1.2455,-0.959,16.6529,3.7778,4.823,0.2271,0,synthetic
2024-07-08T18:00:00,186,kv-02,Dhanpur,2.036,11.57,241.476,503.248,93.108,2.307,3.5,26.878,31.0,1460.0,7.1,74.0,3.1,240.0,9.2,0.12,1,7,18,1.9398,9.6302,0.0,18.5641,3.7415,0.1326,1.1583,-1.193,9.9512,4.743,4.6568,0.2112,0,synthetic
2024-07-08T19:00:00,187,kv-02,Dhanpur,0.952,6.853,241.764,503.405,93.351,2.075,3.5,23.057,31.0,1460.0,7.1,74.0,3.1,240.0,9.2,0.12,1,7,19,1.9206,4.9324,0.0,15.9816,3.7546,0.0681,1.0699,-1.425,5.0968,4.3811,4.4926,0.1951,0,synthetic
2024-07-08T20:00:00,188,kv-02,Dhanpur,0.105,3.094,241.254,502.891,93.216,1.862,3.5,19.709,31.0,1460.0,7.1,74.0,3.1,240.0,9.2,0.12,1,7,20,1.9313,1.1627,0.0,13.8918,3.7433,0.016,0.9866,-1.638,1.2015,4.0398,4.5838,0.1799,0,synthetic
2024-07-08T21:00:00,189,kv-02,Dhanpur,0.501,1.558,241.238,502.844,93.299,1.68,3.5,16.971,31.0,1460.0,7.1,74.0,3.1,240.0,9.2,0.12,0,7,21,1.558,0.0,0.0,13.0461,3.7464,0.0,0.9133,-1.82,0.0,2.7702,4.5277,0.1665,0,synthetic
2024-07-08T22:00:00,190,kv-02,Dhanpur,1.224,1.829,241.261,503.498,93.539,1.533,3.5,14.87,31.0,1460.0,7.1,74.0,3.1,240.0,9.2,0.12,0,7,22,1.829,0.0,0.0,13.2001,3.7563,0.0,0.8527,-1.967,0.0,2.5863,4.3655,0.1555,0,synthetic
2024-07-08T23:00:00,191,kv-02,Dhanpur,2.311,4.035,241.08,505.074,93.776,1.433,3.5,13.476,31.0,1460.0,7.1,74.0,3.1,240.0,9.2,0.12,1,7,23,1.887,2.148,0.0,14.4165,3.7637,0.0298,0.8103,-2.067,2.2196,3.318,4.2054,0.1477,0,synthetic
2024-07-09T00:00:00,192,kv-02,Dhanpur,4.119,7.654,240.85,507.981,94.009,1.391,3.5,12.915,31.0,1460.0,7.1,74.0,3.1,240.0,9.2,0.12,0,7,0,1.8686,5.7854,0.0,16.4165,3.7703,0.0804,0.7924,-2.109,5.9783,2.4034,4.048,0.1445,0,synthetic
2024-07-09T01:00:00,193,kv-02,Dhanpur,6.142,12.573,240.469,512.532,94.239,1.408,3.5,13.139,31.0,1460.0,7.1,74.0,3.1,240.0,9.2,0.12,1,7,1,1.8504,10.7226,0.0,19.1361,3.7751,0.1495,0.7996,-2.092,11.08,3.2743,3.8926,0.1458,0,synthetic
2024-07-09T02:00:00,194,kv-02,Dhanpur,8.446,18.708,239.824,518.668,94.465,1.484,3.5,14.175,31.0,1460.0,7.1,74.0,3.1,240.0,9.2,0.12,0,7,2,1.8325,16.8755,0.0082,22.5245,3.7765,0.2358,0.8319,-2.016,17.438,2.5234,3.7399,0.1517,0,synthetic
2024-07-09T03:00:00,195,kv-02,Dhanpur,11.119,25.707,239.526,527.46,94.688,1.621,3.5,16.122,31.0,1460.0,7.1,74.0,3.1,240.0,9.2,0.12,1,7,3,1.8149,23.8921,0.636,26.4177,3.7819,0.3346,0.8892,-1.879,24.6885,3.641,3.5892,0.1621,0,synthetic
2024-07-09T04:00:00,196,kv-02,Dhanpur,12.739,32.304,238.425,537.182,94.907,1.786,3.5,18.552,31.0,1460.0,7.1,74.0,3.1,240.0,9.2,0.12,0,7,4,1.7976,30.5064,2.015,30.0655,3.7776,0.4283,0.9562,-1.714,31.5233,2.9004,3.4412,0.1743,0,synthetic
2024-07-09T05:00:00,197,kv-02,Dhanpur,14.33,38.188,236.527,547.631,95.124,1.974,3.5,21.44,31.0,1460.0,7.1,74.0,3.1,240.0,9.2,0.12,0,7,5,1.7804,36.4076,3.7751,33.2959,3.7637,0.5123,1.0306,-1.526,37.6211,3.126,3.2946,0.1879,0,synthetic
2024-07-09T06:00:00,198,kv-02,Dhanpur,15.399,42.467,233.84,558.882,95.337,2.167,3.5,24.544,31.0,1460.0,7.1,74.0,3.1,240.0,9.2,0.12,0,7,6,1.7636,40.7034,5.3228,35.6189,3.7401,0.574,1.1052,-1.333,42.0602,3.3522,3.1507,0.2015,0,synthetic
2024-07-09T07:00:00,199,kv-02,Dhanpur,15.955,45.683,230.371,570.304,95.547,2.35,3.5,27.612,31.0,1460.0,7.1,74.0,3.1,240.0,9.2,0.12,1,7,7,1.747,43.936,6.6174,37.329,3.7069,0.6209,1.1745,-1.15,45.4005,4.8093,3.0088,0.2141,0,synthetic
2024-07-09T08:00:00,200,kv-02,Dhanpur,15.977,47.33,226.45,580.887,95.754,2.51,3.5,30.382,31.0,1460.0,7.1,74.0,3.1,240.0,9.2,0.12,0,7,8,1.7306,45.5994,7.3207,38.1539,3.668,0.6459,1.2341,-0.99,47.1193,3.7431,2.8689,0.225,0,synthetic
2024-07-09T09:00:00,201,kv-02,Dhanpur,15.882,47.813,222.386,591.372,95.958,2.646,3.5,32.803,31.0,1460.0,7.1,74.0,3.1,240.0,9.2,0.12,0,7,9,1.7145,46.0985,7.5319,38.3327,3.627,0.6543,1.2841,-0.854,47.6351,3.8948,2.7311,0.2341,0,synthetic
2024-07-09T10:00:00,202,kv-02,Dhanpur,14.881,46.739,218.294,600.788,96.159,2.738,3.5,34.455,31.0,1460.0,7.1,74.0,3.1,240.0,9.2,0.12,0,7,10,1.6986,45.0404,7.0653,37.6474,3.5855,0.6406,1.3175,-0.762,46.5417,3.9963,2.5953,0.2402,0,synthetic
2024-07-09T11:00:00,203,kv-02,Dhanpur,32.584,63.346,233.21,627.984,96.356,3.283,3.5,44.843,31.0,1460.0,7.1,74.0,3.1,240.0,9.2,0.12,1,7,11,1.6831,61.6629,15.3629,47.5106,3.7725,0.8789,1.5118,-0.217,63.7184,6.1904,2.4622,0.2756,0,synthetic
2024-07-09T12:00:00,204,kv-02,Dhanpur,11.89,59.354,229.274,619.666,96.551,3.203,3.5,43.259,31.0,1460.0,7.1,74.0,3.1,240.0,9.2,0.12,0,7,12,1.6676,57.6864,13.1756,45.1154,3.7326,0.8238,1.4837,-0.297,59.6092,4.5001,2.3304,0.2705,0,synthetic
2024-07-09T13:00:00,205,kv-02,Dhanpur,9.482,53.955,224.925,624.728,96.744,3.071,3.5,40.706,31.0,1460.0,7.1,74.0,3.1,240.0,9.2,0.12,1,7,13,1.6524,52.3026,10.4003,42.0145,3.6875,0.7485,1.437,-0.429,54.046,5.8843,2.2,0.262,0,synthetic
2024-07-09T14:00:00,206,kv-02,Dhanpur,7.833,29.204,221.98,628.788,96.933,2.916,3.5,37.754,31.0,1460.0,7.1,74.0,3.1,240.0,9.2,0.12,0,7,14,1.6374,27.5666,1.2818,28.3164,3.659,0.3952,1.3817,-0.584,28.4854,4.191,2.0723,0.2519,0,synthetic
2024-07-09T15:00:00,207,kv-02,Dhanpur,5.628,22.942,219.066,631.381,97.119,2.725,3.5,34.228,31.0,1460.0,7.1,74.0,3.1,240.0,9.2,0.12,1,7,15,1.6227,21.3193,0.275,24.7792,3.6306,0.3063,1.3128,-0.775,22.0299,5.3758,1.9466,0.2394,0,synthetic
2024-07-09T16:00:00,208,kv-02,Dhanpur,3.758,17.219,217.155,632.188,97.303,2.512,3.5,30.423,31.0,1460.0,7.1,74.0,3.1,240.0,9.2,0.12,0,7,16,1.6082,15.6108,0.0,21.5649,3.6143,0.2247,1.2348,-0.988,16.1312,3.7455,1.8223,0.2251,0,synthetic
2024-07-09T17:00:00,209,kv-02,Dhanpur,2.224,11.61,215.515,632.522,97.484,2.289,3.5,26.575,31.0,1460.0,7.1,74.0,3.1,240.0,9.2,0.12,1,7,17,1.5939,10.0161,0.0,18.4206,3.601,0.1444,1.1515,-1.211,10.35,4.7153,1.7,0.21,0,synthetic
2024-07-09T18:00:00,210,kv-02,Dhanpur,1.211,7.194,214.69,632.77,97.662,2.068,3.5,22.944,31.0,1460.0,7.1,74.0,3.1,240.0,9.2,0.12,0,7,18,1.5798,5.6142,0.0,15.9624,3.5975,0.0811,1.0672,-1.432,5.8013,3.237,1.5797,0.1946,0,synthetic
2024-07-09T19:00:00,211,kv-02,Dhanpur,0.739,4.174,214.476,632.798,97.838,1.864,3.5,19.728,31.0,1460.0,7.1,74.0,3.1,240.0,9.2,0.12,1,7,19,1.5659,2.6081,0.0,14.2935,3.6014,0.0377,0.9873,-1.636,2.695,4.0427,1.4608,0.18,0,synthetic
2024-07-09T20:00:00,212,kv-02,Dhanpur,0.364,2.314,214.735,632.636,97.84,1.68,3.5,16.967,31.0,1460.0,7.1,74.0,3.1,240.0,9.2,0.12,0,7,20,1.5657,0.7483,0.0,13.2792,3.6046,0.0108,0.9133,-1.82,0.7732,2.7701,1.4595,0.1665,0,synthetic
2024-07-09T21:00:00,213,kv-02,Dhanpur,0.202,1.305,214.437,632.465,97.754,1.516,3.5,14.623,31.0,1460.0,7.1,74.0,3.1,240.0,9.2,0.12,0,7,21,1.305,0.0,0.0,12.712,3.5978,0.0,0.8455,-1.984,0.0,2.5644,1.5176,0.1541,0,synthetic
2024-07-09T22:00:00,214,kv-02,Dhanpur,0.918,1.484,214.131,632.691,97.928,1.382,3.5,12.791,31.0,1460.0,7.1,74.0,3.1,240.0,9.2,0.12,0,7,22,1.484,0.0,0.0,12.8004,3.6005,0.0,0.7885,-2.118,0.0,2.3915,1.4,0.1438,0,synthetic
2024-07-09T23:00:00,215,kv-02,Dhanpur,1.353,2.473,213.173,621.09,98.1,1.275,3.5,11.379,31.0,1460.0,7.1,74.0,3.1,240.0,9.2,0.12,0,7,23,1.5452,0.9278,0.0,13.2359,3.595,0.0135,0.7417,-2.225,0.9587,2.2496,1.2838,0.1352,0,synthetic
2024-07-10T00:00:00,216,kv-02,Dhanpur,2.09,4.361,211.144,620.692,98.269,1.199,3.5,10.411,31.0,1460.0,7.1,74.0,3.1,240.0,9.2,0.12,0,7,0,1.5318,2.8292,0.0,14.1958,3.5763,0.0411,0.7078,-2.301,2.9235,2.1467,1.1696,0.129,0,synthetic
2024-07-10T01:00:00,217,kv-02,Dhanpur,3.133,6.576,208.134,620.064,98.436,1.159,3.5,9.909,31.0,1460.0,7.1,74.0,3.1,240.0,9.2,0.12,1,7,1,1.5186,5.0574,0.0,15.2972,3.5453,0.0736,0.6896,-2.341,5.2259,2.8237,1.0568,0.1257,0,synthetic
2024-07-10T02:00:00,218,kv-02,Dhanpur,4.366,9.588,204.054,619.329,98.6,1.156,3.5,9.869,31.0,1460.0,7.1,74.0,3.1,240.0,9.2,0.12,0,7,2,1.5057,8.0823,0.0,16.7962,3.501,0.1179,0.6882,-2.344,8.3517,2.0873,0.9459,0.1255,0,synthetic
2024-07-10T03:00:00,219,kv-02,Dhanpur,5.216,12.714,198.151,617.677,98.762,1.175,3.5,10.112,31.0,1460.0,7.1,74.0,3.1,240.0,9.2,0.12,1,7,3,1.4929,11.2211,0.0,18.2838,3.4338,0.1639,0.6969,-2.325,11.5952,2.8537,0.8365,0.1271,0,synthetic
2024-07-10T04:00:00,220,kv-02,Dhanpur,6.304,15.885,191.715,615.494,98.921,1.222,3.5,10.694,31.0,1460.0,7.1,74.0,3.1,240.0,9.2,0.12,0,7,4,1.4803,14.4047,0.0,19.7729,3.3598,0.2108,0.718,-2.278,14.8849,2.1778,0.7291,0.1309,0,synthetic
2024-07-10T05:00:00,221,kv-02,Dhanpur,6.689,18.208,184.074,611.95,99.078,1.273,3.5,11.354,31.0,1460.0,7.1,74.0,3.1,240.0,9.2,0.12,0,7,5,1.4679,16.7401,0.0014,20.7419,3.2705,0.2453,0.7408,-2.227,17.2981,2.247,0.623,0.1351,0,synthetic
2024-07-10T06:00:00,222,kv-02,Dhanpur,6.981,19.973,175.656,607.386,99.233,1.327,3.5,12.056,31.0,1460.0,7.1,74.0,3.1,240.0,9.2,0.12,1,7,6,1.4556,18.5174,0.0494,21.3684,3.1712,0.2718,0.7645,-2.173,19.1346,3.1306,0.5182,0.1394,0,synthetic
2024-07-10T07:00:00,223,kv-02,Dhanpur,7.428,21.097,167.129,602.23,99.385,1.387,3.5,12.851,31.0,1460.0,7.1,74.0,3.1,240.0,9.2,0.12,1,7,7,1.4436,19.6534,0.1141,21.6346,3.0701,0.2889,0.7905,-2.113,20.3085,3.2371,0.4155,0.1441,0,synthetic
2024-07-10T08:00:00,224,kv-02,Dhanpur,7.141,21.55,158.294,596.202,99.5,1.432,3.5,13.47,31.0,1460.0,7.1,74.0,3.1,240.0,9.2,0.12,0,7,8,1.4345,20.1155,0.1474,21.5148,2.9638,0.2961,0.81,-2.068,20.786,2.4567,0.3378,0.1477,0,synthetic
2024-07-10T09:00:00,225,kv-02,Dhanpur,6.719,21.288,149.131,589.273,99.5,1.462,3.5,13.874,31.0,1460.0,7.1,74.0,3.1,240.0,9.2,0.12,0,7,9,1.4345,19.8535,0.1276,20.9838,2.8498,0.2922,0.8227,-2.038,20.5153,2.4952,0.3378,0.15,0,synthetic
2024-07-10T10:00:00,226,kv-02,Dhanpur,6.069,19.929,140.319,581.901,99.5,1.471,3.5,13.998,31.0,1460.0,7.1,74.0,3.1,240.0,9.2,0.12,0,7,10,1.4345,18.4945,0.0474,19.8598,2.7402,0.2722,0.8265,-2.029,19.111,2.5068,0.3378,0.1507,0,synthetic
2024-07-10T11:00:00,227,kv-02,Dhanpur,20.794,33.582,128.529,589.692,99.5,1.867,3.5,19.786,31.0,1460.0,7.1,74.0,3.1,240.0,9.2,0.12,0,7,11,1.4345,32.1475,2.358,26.9755,2.5936,0.4731,0.9886,-1.633,33.2191,2.9985,0.3378,0.1802,0,synthetic
2024-07-10T12:00:00,228,kv-02,Dhanpur,4.558,31.421,121.198,582.427,99.5,1.789,3.5,18.595,31.0,1460.0,7.1,74.0,3.1,240.0,9.2,0.12,0,7,12,1.4345,29.9865,1.7916,25.4666,2.5024,0.4413,0.9574,-1.711,30.986,2.904,0.3378,0.1746,0,synthetic
2024-07-10T13:00:00,229,kv-02,Dhanpur,3.865,29.217,115.581,576.0,99.5,1.702,3.5,17.297,31.0,1460.0,7.1,74.0,3.1,240.0,9.2,0.12,0,7,13,1.4345,27.7825,1.2845,24.0036,2.4325,0.4089,0.9223,-1.798,28.7086,2.7975,0.3378,0.1682,0,synthetic
2024-07-10T14:00:00,230,kv-02,Dhanpur,3.144,11.568,110.893,570.695,99.5,1.606,3.5,15.904,31.0,1460.0,7.1,74.0,3.1,240.0,9.2,0.12,1,7,14,1.4345,10.1335,0.0,14.0877,2.3742,0.1491,0.883,-1.894,10.4713,3.6156,0.3378,0.161,0,synthetic
2024-07-10T15:00:00,231,kv-02,Dhanpur,2.082,9.092,107.347,565.958,99.5,1.494,3.5,14.313,31.0,1460.0,7.1,74.0,3.1,240.0,9.2,0.12,0,7,15,1.4345,7.6575,0.0,12.5633,2.3301,0.1127,0.8362,-2.006,7.9127,2.5362,0.3378,0.1525,0,synthetic
2024-07-10T16:00:00,232,kv-02,Dhanpur,1.61,6.836,105.199,562.867,99.5,1.381,3.5,12.782,31.0,1460.0,7.1,74.0,3.1,240.0,9.2,0.12,1,7,16,1.4345,5.4015,0.0,11.2227,2.3034,0.0795,0.7881,-2.119,5.5815,3.227,0.3378,0.1437,0,synthetic
2024-07-10T17:00:00,233,kv-02,Dhanpur,1.025,4.717,104.0,560.628,99.5,1.266,3.5,11.268,31.0,1460.0,7.1,74.0,3.1,240.0,9.2,0.12,1,7,17,1.4345,3.2825,0.0,9.9983,2.2885,0.0483,0.7378,-2.234,3.3919,3.021,0.3378,0.1345,0,synthetic
2024-07-10T18:00:00,234,kv-02,Dhanpur,0.581,3.216,103.37,559.535,99.5,1.153,3.5,9.836,31.0,1460.0,7.1,74.0,3.1,240.0,9.2,0.12,1,7,18,1.4345,1.7815,0.0,9.1423,2.2807,0.0262,0.6869,-2.347,1.8409,2.8125,0.3378,0.1252,0,synthetic
2024-07-10T19:00:00,235,kv-02,Dhanpur,0.295,1.901,102.926,559.166,99.463,1.049,3.5,8.575,31.0,1460.0,7.1,74.0,3.1,240.0,9.2,0.12,0,7,19,1.4374,0.4636,0.0,8.4001,2.2743,0.0068,0.6386,-2.451,0.479,1.9369,0.3628,0.1164,0,synthetic
2024-07-10T20:00:00,236,kv-02,Dhanpur,0.167,1.043,102.73,558.719,99.356,0.955,3.5,7.478,31.0,1460.0,7.1,74.0,3.1,240.0,9.2,0.12,1,7,20,1.043,0.0,0.0,7.918,2.2694,0.0,0.5935,-2.545,0.0,2.4301,0.4351,0.1082,0,synthetic
2024-07-10T21:00:00,237,kv-02,Dhanpur,0.182,0.644,102.71,558.385,99.256,0.87,3.5,6.536,31.0,1460.0,7.1,74.0,3.1,240.0,9.2,0.12,0,7,21,0.644,0.0,0.0,7.6957,2.2669,0.0,0.5515,-2.63,0.0,1.6729,0.5027,0.1006,0,synthetic
2024-07-10T22:00:00,238,kv-02,Dhanpur,0.142,0.491,101.934,557.325,99.135,0.793,3.5,5.718,31.0,1460.0,7.1,74.0,3.1,240.0,9.2,0.12,0,7,22,0.491,0.0,0.0,7.5759,2.2545,0.0,0.5123,-2.707,0.0,1.5539,0.5845,0.0934,0,synthetic
2024-07-10T23:00:00,239,kv-02,Dhanpur,0.416,0.74,100.997,555.25,99.165,0.727,3.5,5.039,31.0,1460.0,7.1,74.0,3.1,240.0,9.2,0.12,0,7,23,0.74,0.0,0.0,7.6647,2.2436,0.0,0.4775,-2.773,0.0,1.4482,0.5642,0.087,0,synthetic
2024-07-11T00:00:00,240,kv-02,Dhanpur,0.693,1.251,99.6,551.594,99.319,0.671,3.5,4.484,31.0,1460.0,7.1,74.0,3.1,240.0,9.2,0.12,0,7,0,1.251,0.0,0.0,7.8705,2.2297,0.0,0.447,-2.829,0.0,1.3558,0.4601,0.0815,0,synthetic
2024-07-11T01:00:00,241,kv-02,Dhanpur,0.945,2.055,97.413,546.016,99.47,0.627,3.5,4.062,31.0,1460.0,7.1,74.0,3.1,240.0,9.2,0.12,0,7,1,1.4369,0.6181,0.0,8.1958,2.2059,0.0091,0.4224,-2.873,0.6387,1.2812,0.3581,0.077,0,synthetic
2024-07-11T02:00:00,242,kv-02,Dhanpur,20.124,21.762,113.17,557.048,99.5,1.093,3.5,9.096,31.0,1460.0,7.1,74.0,3.1,240.0,9.2,0.12,0,7,2,1.4345,20.3275,0.1644,19.6945,2.4026,0.2992,0.6591,-2.407,21.0051,1.9992,0.3378,0.1202,0,synthetic
2024-07-11T03:00:00,243,kv-02,Dhanpur,1.448,22.517,109.402,547.08,99.5,1.02,3.5,8.23,31.0,1460.0,7.1,74.0,3.1,240.0,9.2,0.12,0,7,3,1.4345,21.0825,0.2321,19.9062,2.3557,0.3103,0.6248,-2.48,21.7852,1.8951,0.3378,0.1139,0,synthetic
2024-07-11T04:00:00,244,kv-02,Dhanpur,1.804,23.375,104.902,535.043,99.5,0.964,3.5,7.584,31.0,1460.0,7.1,74.0,3.1,240.0,9.2,0.12,1,7,4,1.4345,21.9405,0.3223,20.1341,2.2997,0.3229,0.5979,-2.536,22.6718,2.4483,0.3378,0.109,0,synthetic
2024-07-11T05:00:00,245,kv-02,Dhanpur,1.872,5.124,100.086,520.687,99.5,0.915,3.5,7.038,31.0,1460.0,7.1,74.0,3.1,240.0,9.2,0.12,0,7,5,1.4345,3.6895,0.0,9.8257,2.2398,0.0543,0.5741,-2.585,3.8125,1.7412,0.3378,0.1047,0,synthetic
2024-07-11T06:00:00,246,kv-02,Dhanpur,1.742,5.418,94.847,504.344,99.5,0.868,3.5,6.521,31.0,1460.0,7.1,74.0,3.1,240.0,9.2,0.12,0,7,6,1.4345,3.9835,0.0,9.6888,2.1747,0.0586,0.5507,-2.632,4.1163,1.6702,0.3378,0.1004,0,synthetic
2024-07-11T07:00:00,247,kv-02,Dhanpur,1.828,5.442,89.247,486.748,99.5,0.828,3.5,6.09,31.0,1460.0,7.1,74.0,3.1,240.0,9.2,0.12,0,7,7,1.4345,4.0075,0.0,9.382,2.105,0.059,0.5304,-2.672,4.1411,1.6087,0.3378,0.0967,0,synthetic
2024-07-11T08:00:00,248,kv-02,Dhanpur,1.785,5.355,83.891,468.635,99.5,0.791,3.5,5.698,31.0,1460.0,7.1,74.0,3.1,240.0,9.2,0.12,0,7,8,1.4345,3.9205,0.0,9.0201,2.0384,0.0577,0.5113,-2.709,4.0512,1.5508,0.3378,0.0932,0,synthetic
2024-07-11T09:00:00,249,kv-02,Dhanpur,1.587,5.2,78.759,450.277,99.5,0.753,3.5,5.298,31.0,1460.0,7.1,74.0,3.1,240.0,9.2,0.12,0,7,9,1.4345,3.7655,0.0,8.6277,1.9746,0.0554,0.4912,-2.747,3.891,1.4898,0.3378,0.0896,0,synthetic
2024-07-11T10:00:00,250,kv-02,Dhanpur,1.673,5.045,74.363,432.976,99.5,0.72,3.5,4.967,31.0,1460.0,7.1,74.0,3.1,240.0,9.2,0.12,0,7,10,1.4345,3.6105,0.0,8.2695,1.9199,0.0531,0.4737,-2.78,3.7308,1.4367,0.3378,0.0864,0,synthetic
2024-07-11T11:00:00,251,kv-02,Dhanpur,1.182,4.442,54.751,416.49,99.5,0.677,3.5,4.547,31.0,1460.0,7.1,74.0,3.1,240.0,9.2,0.12,0,7,11,1.4345,3.0075,0.0,7.0993,1.676,0.0443,0.4504,-2.823,3.1077,1.3662,0.3378,0.0821,0,synthetic
2024-07-11T12:00:00,252,kv-02,Dhanpur,1.235,4.089,51.427,401.899,99.5,0.64,3.5,4.191,31.0,1460.0,7.1,74.0,3.1,240.0,9.2,0.12,0,7,12,1.4345,2.6545,0.0,6.6893,1.6346,0.0391,0.4299,-2.86,2.743,1.3039,0.3378,0.0784,0,synthetic
2024-07-11T13:00:00,253,kv-02,Dhanpur,1.203,3.619,48.765,389.271,99.5,0.606,3.5,3.868,31.0,1460.0,7.1,74.0,3.1,240.0,9.2,0.12,0,7,13,1.4345,2.1845,0.0,6.2521,1.6015,0.0322,0.4105,-2.894,2.2573,1.2452,0.3378,0.0749,0,synthetic
2024-07-11T14:00:00,254,kv-02,Dhanpur,0.714,3.152,46.335,379.207,99.5,0.562,3.5,3.467,31.0,1460.0,7.1,74.0,3.1,240.0,9.2,0.12,0,7,14,1.4345,1.7175,0.0,5.8412,1.5713,0.0253,0.3851,-2.938,1.7747,1.168,0.3378,0.0702,0,synthetic
2024-07-11T15:00:00,255,kv-02,Dhanpur,0.882,2.799,45.135,371.549,99.5,0.526,3.5,3.154,31.0,1460.0,7.1,74.0,3.1,240.0,9.2,0.12,0,7,15,1.4345,1.3645,0.0,5.5542,1.5564,0.0201,0.3639,-2.974,1.41,1.1038,0.3378,0.0663,0,synthetic
2024-07-11T16:00:00,256,kv-02,Dhanpur,0.597,2.193,44.122,366.476,99.5,0.487,3.5,2.819,31.0,1460.0,7.1,74.0,3.1,240.0,9.2,0.12,1,7,16,1.4345,0.7585,0.0,5.1512,1.5438,0.0112,0.3401,-3.013,0.7838,1.3928,0.3378,0.062,0,synthetic
2024-07-11T17:00:00,257,kv-02,Dhanpur,0.511,1.99,43.607,363.123,99.5,0.451,3.5,2.518,31.0,1460.0,7.1,74.0,3.1,240.0,9.2,0.12,0,7,17,1.4345,0.5555,0.0,4.9993,1.5374,0.0082,0.3175,-3.049,0.574,0.9631,0.3378,0.0579,0,synthetic
2024-07-11T18:00:00,258,kv-02,Dhanpur,0.615,1.723,43.642,361.702,99.5,0.418,3.5,2.261,31.0,1460.0,7.1,74.0,3.1,240.0,9.2,0.12,1,7,18,1.4345,0.2885,0.0,4.8449,1.5378,0.0042,0.2967,-3.082,0.2981,1.2151,0.3378,0.0541,0,synthetic
2024-07-11T19:00:00,259,kv-02,Dhanpur,0.456,1.582,43.802,361.205,99.5,0.388,3.5,2.024,31.0,1460.0,7.1,74.0,3.1,240.0,9.2,0.12,0,7,19,1.4345,0.1475,0.0,4.7702,1.5398,0.0022,0.2768,-3.112,0.1524,0.8397,0.3378,0.0505,0,synthetic
2024-07-11T20:00:00,260,kv-02,Dhanpur,0.412,1.483,44.047,361.512,99.5,0.359,3.5,1.811,31.0,1460.0,7.1,74.0,3.1,240.0,9.2,0.12,0,7,20,1.4345,0.0485,0.0,4.7269,1.5428,0.0007,0.2576,-3.141,0.0501,0.7813,0.3378,0.047,0,synthetic
2024-07-11T21:00:00,261,kv-02,Dhanpur,0.283,1.15,44.147,361.294,99.456,0.332,3.5,1.615,31.0,1460.0,7.1,74.0,3.1,240.0,9.2,0.12,1,7,21,1.15,0.0,0.0,4.5461,1.5434,0.0,0.239,-3.168,0.0,0.9788,0.3676,0.0436,0,synthetic
2024-07-11T22:00:00,262,kv-02,Dhanpur,0.231,0.925,44.237,360.301,99.384,0.306,3.5,1.438,31.0,1460.0,7.1,74.0,3.1,240.0,9.2,0.12,1,7,22,0.925,0.0,0.0,4.4195,1.5434,0.0,0.2211,-3.194,0.0,0.9054,0.4162,0.0403,0,synthetic
2024-07-11T23:00:00,263,kv-02,Dhanpur,0.461,0.974,44.281,358.451,99.438,0.285,3.5,1.298,31.0,1460.0,7.1,74.0,3.1,240.0,9.2,0.12,0,7,23,0.974,0.0,0.0,4.4366,1.5448,0.0,0.2062,-3.215,0.0,0.6255,0.3797,0.0376,0,synthetic
2024-07-12T00:00:00,264,kv-02,Dhanpur,0.767,1.459,44.355,355.099,99.5,0.271,3.5,1.207,31.0,1460.0,7.1,74.0,3.1,240.0,9.2,0.12,0,7,0,1.4345,0.0245,0.0,4.6851,1.5467,0.0004,0.1962,-3.229,0.0253,0.595,0.3378,0.0358,0,synthetic
2024-07-12T01:00:00,265,kv-02,Dhanpur,1.146,2.374,44.556,350.102,99.5,0.269,3.5,1.19,31.0,1460.0,7.1,74.0,3.1,240.0,9.2,0.12,1,7,1,1.4345,0.9395,0.0,5.1647,1.5492,0.0138,0.1944,-3.231,0.9708,0.7962,0.3378,0.0355,0,synthetic
2024-07-12T02:00:00,266,kv-02,Dhanpur,0.379,2.292,24.811,342.035,99.5,0.25,3.5,1.073,31.0,1460.0,7.1,74.0,3.1,240.0,9.2,0.17,0,7,2,1.4345,0.8575,0.0,4.3287,1.3036,0.0126,0.1808,-3.25,0.8861,0.5483,0.3378,0.033,0,synthetic
2024-07-12T03:00:00,267,kv-02,Dhanpur,0.6,2.125,23.963,331.516,99.5,0.25,3.5,1.072,31.0,1460.0,7.1,74.0,3.1,240.0,9.2,0.1802,0,7,3,1.4345,0.6905,0.0,4.1393,1.293,0.0102,0.1807,-3.25,0.7135,0.5481,0.3378,0.0329,0,synthetic
2024-07-12T04:00:00,268,kv-02,Dhanpur,0.986,1.965,23.146,319.764,99.5,0.25,3.5,1.072,31.0,1460.0,7.1,74.0,3.1,240.0,9.2,0.19,0,7,4,1.4345,0.5305,0.0,3.9473,1.2829,0.0078,0.1807,-3.25,0.5482,0.5481,0.3378,0.0329,0,synthetic
2024-07-12T05:00:00,269,kv-02,Dhanpur,0.961,2.547,22.234,306.395,99.5,0.25,3.5,1.072,31.0,1460.0,7.1,74.0,3.1,240.0,9.2,0.2009,1,7,5,1.4345,1.1125,0.0,4.1496,1.2715,0.0164,0.1807,-3.25,1.1496,0.7399,0.3378,0.0329,0,synthetic
2024-07-12T06:00:00,270,kv-02,Dhanpur,0.898,2.844,21.39,291.893,99.5,0.25,3.5,1.072,31.0,1460.0,7.1,74.0,3.1,240.0,9.2,0.2111,0,7,6,1.4345,1.4095,0.0,4.1907,1.261,0.0207,0.1807,-3.25,1.4565,0.5481,0.3378,0.0329,0,synthetic
2024-07-12T07:00:00,271,kv-02,Dhanpur,0.441,2.299,20.002,276.379,99.5,0.25,3.5,1.072,31.0,1460.0,7.1,74.0,3.1,240.0,9.2,0.2277,1,7,7,1.4345,0.8645,0.0,3.7419,1.2438,0.0127,0.1807,-3.25,0.8933,0.7399,0.3378,0.0329,0,synthetic
2024-07-12T08:00:00,272,kv-02,Dhanpur,0.586,1.924,18.803,260.988,99.5,0.25,3.5,1.072,31.0,1460.0,7.1,74.0,3.1,240.0,9.2,0.2421,0,7,8,1.4345,0.4895,0.0,3.3945,1.2289,0.0072,0.1807,-3.25,0.5058,0.5481,0.3378,0.0329,0,synthetic
2024-07-12T09:00:00,273,kv-02,Dhanpur,0.316,1.343,17.532,245.423,99.474,0.25,3.5,1.072,31.0,1460.0,7.1,74.0,3.1,240.0,9.2,0.2575,0,7,9,1.343,0.0,0.0,2.93,1.2127,0.0,0.1807,-3.25,0.0,0.5481,0.3554,0.0329,0,synthetic
2024-07-12T10:00:00,274,kv-02,Dhanpur,0.337,1.239,16.197,230.879,99.46,0.25,3.5,1.072,31.0,1460.0,7.1,74.0,3.1,240.0,9.2,0.2735,0,7,10,1.239,0.0,0.0,2.7318,1.196,0.0,0.1807,-3.25,0.0,0.5481,0.3649,0.0329,0,synthetic
2024-07-12T11:00:00,275,kv-02,Dhanpur,0.42,1.073,15.434,198.715,99.492,0.25,3.5,1.072,31.0,1460.0,7.1,74.0,3.1,240.0,9.2,0.2826,0,7,11,1.073,0.0,0.0,2.4109,1.1869,0.0,0.1807,-3.25,0.0,0.5481,0.3432,0.0329,0,synthetic
2024-07-12T12:00:00,276,kv-02,Dhanpur,0.441,1.198,14.641,187.266,99.5,0.25,3.5,1.072,31.0,1460.0,7.1,74.0,3.1,240.0,9.2,0.2921,0,7,12,1.198,0.0,0.0,2.3783,1.1771,0.0,0.1807,-3.25,0.0,0.5481,0.3378,0.0329,0,synthetic
2024-07-12T13:00:00,277,kv-02,Dhanpur,0.341,1.202,13.779,178.125,99.488,0.25,3.5,1.072,31.0,1460.0,7.1,74.0,3.1,240.0,9.2,0.3024,0,7,13,1.202,0.0,0.0,2.2911,1.1662,0.0,0.1807,-3.25,0.0,0.5481,0.3459,0.0329,0,synthetic
2024-07-12T14:00:00,278,kv-02,Dhanpur,0.577,1.359,13.642,170.87,99.5,0.25,3.5,1.072,31.0,1460.0,7.1,74.0,3.1,240.0,9.2,0.304,1,7,14,1.359,0.0,0.0,2.327,1.1647,0.0,0.1807,-3.25,0.0,0.7399,0.3378,0.0329,0,synthetic
2024-07-12T15:00:00,279,kv-02,Dhanpur,0.777,1.694,13.536,166.018,99.5,0.25,3.5,1.072,31.0,1460.0,7.1,74.0,3.1,240.0,9.2,0.3053,1,7,15,1.4345,0.2595,0.0,2.4769,1.1634,0.0038,0.1807,-3.25,0.2681,0.7399,0.3378,0.0329,0,synthetic
2024-07-12T16:00:00,280,kv-02,Dhanpur,0.404,1.757,13.343,162.664,99.5,0.25,3.5,1.072,31.0,1460.0,7.1,74.0,3.1,240.0,9.2,0.3076,1,7,16,1.4345,0.3225,0.0,2.4834,1.161,0.0047,0.1807,-3.25,0.3332,0.7399,0.3378,0.0329,0,synthetic
2024-07-12T17:00:00,281,kv-02,Dhanpur,0.209,1.389,13.041,160.648,99.415,0.25,3.5,1.072,31.0,1460.0,7.1,74.0,3.1,240.0,9.2,0.3116,0,7,17,1.389,0.0,0.0,2.257,1.1562,0.0,0.1807,-3.25,0.0,0.5481,0.3953,0.0329,0,synthetic
2024-07-12T18:00:00,282,kv-02,Dhanpur,0.951,1.563,13.377,160.388,99.5,0.25,3.5,1.072,31.0,1460.0,7.1,74.0,3.1,240.0,9.2,0.3072,0,7,18,1.4345,0.1285,0.0,2.3637,1.1614,0.0019,0.1807,-3.25,0.1328,0.5481,0.3378,0.0329,0,synthetic
2024-07-12T19:00:00,283,kv-02,Dhanpur,0.489,1.648,13.41,160.138,99.5,0.25,3.5,1.072,31.0,1460.0,7.1,74.0,3.1,240.0,9.2,0.3068,0,7,19,1.4345,0.2135,0.0,2.4101,1.1618,0.0031,0.1807,-3.25,0.2206,0.5481,0.3378,0.0329,0,synthetic
2024-07-12T20:00:00,284,kv-02,Dhanpur,0.373,1.813,13.371,160.148,99.5,0.25,3.5,1.072,31.0,1460.0,7.1,74.0,3.1,240.0,9.2,0.3073,0,7,20,1.4345,0.3785,0.0,2.4995,1.1613,0.0056,0.1807,-3.25,0.3911,0.5481,0.3378,0.0329,0,synthetic
2024-07-12T21:00:00,285,kv-02,Dhanpur,0.494,1.356,13.582,160.439,99.5,0.25,3.5,1.072,31.0,1460.0,7.1,74.0,3.1,240.0,9.2,0.3048,0,7,21,1.356,0.0,0.0,2.2579,1.1639,0.0,0.1807,-3.25,0.0,0.5481,0.3378,0.0329,0,synthetic
2024-07-12T22:00:00,286,kv-02,Dhanpur,0.403,1.27,13.754,159.924,99.5,0.25,3.5,1.072,31.0,1460.0,7.1,74.0,3.1,240.0,9.2,0.3027,0,7,22,1.27,0.0,0.0,2.2138,1.1661,0.0,0.1807,-3.25,0.0,0.5481,0.3378,0.0329,0,synthetic
2024-07-12T23:00:00,287,kv-02,Dhanpur,0.363,1.26,13.657,158.934,99.5,0.25,3.5,1.072,31.0,1460.0,7.1,74.0,3.1,240.0,9.2,0.3039,0,7,23,1.26,0.0,0.0,2.1985,1.1649,0.0,0.1807,-3.25,0.0,0.5481,0.3378,0.0329,0,synthetic
2024-07-13T00:00:00,288,kv-02,Dhanpur,0.543,1.31,13.433,157.388,99.5,0.25,3.5,1.072,31.0,1460.0,7.1,74.0,3.1,240.0,9.2,0.3066,1,7,0,1.31,0.0,0.0,2.2079,1.1621,0.0,0.1807,-3.25,0.0,0.7399,0.3378,0.0329,0,synthetic
2024-07-13T01:00:00,289,kv-02,Dhanpur,0.423,1.33,12.71,154.678,99.5,0.25,3.5,1.072,31.0,1460.0,7.1,74.0,3.1,240.0,9.2,0.3152,0,7,1,1.33,0.0,0.0,2.1749,1.1531,0.0,0.1807,-3.25,0.0,0.5481,0.3378,0.0329,0,synthetic
2024-07-13T02:00:00,290,kv-02,Dhanpur,0.463,1.429,12.794,150.775,99.5,0.25,3.5,1.072,31.0,1460.0,7.1,74.0,3.1,240.0,9.2,0.3142,1,7,2,1.429,0.0,0.0,2.2081,1.1541,0.0,0.1807,-3.25,0.0,0.7399,0.3378,0.0329,0,synthetic
2024-07-13T03:00:00,291,kv-02,Dhanpur,0.379,1.265,12.573,145.938,99.5,0.25,3.5,1.072,31.0,1460.0,7.1,74.0,3.1,240.0,9.2,0.3169,1,7,3,1.265,0.0,0.0,2.0793,1.1514,0.0,0.1807,-3.25,0.0,0.7399,0.3378,0.0329,0,synthetic
2024-07-13T04:00:00,292,kv-02,Dhanpur,0.443,1.285,12.029,140.077,99.5,0.25,3.5,1.072,31.0,1460.0,7.1,74.0,3.1,240.0,9.2,0.3234,0,7,4,1.285,0.0,0.0,2.0333,1.1446,0.0,0.1807,-3.25,0.0,0.5481,0.3378,0.0329,0,synthetic
2024-07-13T05:00:00,293,kv-02,Dhanpur,0.392,1.214,11.461,133.781,99.5,0.25,3.5,1.072,31.0,1460.0,7.1,74.0,3.1,240.0,9.2,0.3302,0,7,5,1.214,0.0,0.0,1.9336,1.1375,0.0,0.1807,-3.25,0.0,0.5481,0.3378,0.0329,0,synthetic
2024-07-13T06:00:00,294,kv-02,Dhanpur,0.409,1.243,10.972,127.209,99.5,0.25,3.5,1.072,31.0,1460.0,7.1,74.0,3.1,240.0,9.2,0.3361,0,7,6,1.243,0.0,0.0,1.8902,1.1315,0.0,0.1807,-3.25,0.0,0.5481,0.3378,0.0329,0,synthetic
2024-07-13T07:00:00,295,kv-02,Dhanpur,0.328,1.128,10.859,120.108,99.481,0.25,3.5,1.072,31.0,1460.0,7.1,74.0,3.1,240.0,9.2,0.3375,0,7,7,1.128,0.0,0.0,1.7783,1.1298,0.0,0.1807,-3.25,0.0,0.5481,0.3507,0.0329,0,synthetic
2024-07-13T08:00:00,296,kv-02,Dhanpur,0.315,1.051,10.588,113.282,99.455,0.25,3.5,1.072,31.0,1460.0,7.1,74.0,3.1,240.0,9.2,0.3409,1,7,8,1.051,0.0,0.0,1.6831,1.1262,0.0,0.1807,-3.25,0.0,0.7399,0.3682,0.0329,0,synthetic
2024-07-13T09:00:00,297,kv-02,Dhanpur,0.719,1.362,10.991,107.282,99.5,0.25,3.5,1.072,31.0,1460.0,7.1,74.0,3.1,240.0,9.2,0.3359,0,7,9,1.362,0.0,0.0,1.8318,1.1317,0.0,0.1807,-3.25,0.0,0.5481,0.3378,0.0329,0,synthetic
2024-07-13T10:00:00,298,kv-02,Dhanpur,0.504,1.538,11.157,101.717,99.5,0.25,3.5,1.072,31.0,1460.0,7.1,74.0,3.1,240.0,9.2,0.3339,0,7,10,1.4345,0.1035,0.0,1.9,1.1338,0.0015,0.1807,-3.25,0.1069,0.5481,0.3378,0.0329,0,synthetic
2024-07-13T11:00:00,299,kv-02,Dhanpur,0.417,1.64,11.155,81.34,99.5,0.25,3.5,1.072,31.0,1460.0,7.1,74.0,3.1,240.0,9.2,0.3339,0,7,11,1.4345,0.2055,0.0,1.8287,1.1337,0.003,0.1807,-3.25,0.2123,0.5481,0.3378,0.0329,0,synthetic
2024-07-13T12:00:00,300,kv-02,Dhanpur,0.707,1.627,11.42,77.489,99.5,0.25,3.5,1.072,31.0,1460.0,7.1,74.0,3.1,240.0,9.2,0.3307,0,7,12,1.4345,0.1925,0.0,1.8074,1.137,0.0028,0.1807,-3.25,0.1989,0.5481,0.3378,0.0329,0,synthetic
2024-07-13T13:00:00,301,kv-02,Dhanpur,0.45,1.574,11.53,74.074,99.5,0.25,3.5,1.072,31.0,1460.0,7.1,74.0,3.1,240.0,9.2,0.3294,0,7,13,1.4345,0.1395,0.0,1.761,1.1384,0.0021,0.1807,-3.25,0.1441,0.5481,0.3378,0.0329,0,synthetic
2024-07-13T14:00:00,302,kv-02,Dhanpur,0.348,1.505,11.301,71.277,99.492,0.25,3.5,1.072,31.0,1460.0,7.1,74.0,3.1,240.0,9.2,0.3322,0,7,14,1.4352,0.0698,0.0,1.697,1.1355,0.001,0.1807,-3.25,0.0722,0.5481,0.3432,0.0329,0,synthetic
2024-07-13T15:00:00,303,kv-02,Dhanpur,0.723,1.522,11.248,69.919,99.5,0.25,3.5,1.072,31.0,1460.0,7.1,74.0,3.1,240.0,9.2,0.3328,0,7,15,1.4345,0.0875,0.0,1.6959,1.1349,0.0013,0.1807,-3.25,0.0904,0.5481,0.3378,0.0329,0,synthetic
2024-07-13T16:00:00,304,kv-02,Dhanpur,0.709,1.78,11.553,69.018,99.5,0.25,3.5,1.072,31.0,1460.0,7.1,74.0,3.1,240.0,9.2,0.3291,0,7,16,1.4345,0.3455,0.0,1.8436,1.1387,0.0051,0.1807,-3.25,0.357,0.5481,0.3378,0.0329,0,synthetic
2024-07-13T17:00:00,305,kv-02,Dhanpur,0.361,1.793,11.705,68.353,99.499,0.25,3.5,1.072,31.0,1460.0,7.1,74.0,3.1,240.0,9.2,0.3273,0,7,17,1.4346,0.3584,0.0,1.8523,1.1406,0.0053,0.1807,-3.25,0.3703,0.5481,0.3385,0.0329,0,synthetic
2024-07-13T18:00:00,306,kv-02,Dhanpur,0.462,1.532,11.216,68.234,99.5,0.25,3.5,1.072,31.0,1460.0,7.1,74.0,3.1,240.0,9.2,0.3332,0,7,18,1.4345,0.0975,0.0,1.6897,1.1345,0.0014,0.1807,-3.25,0.1007,0.5481,0.3378,0.0329,0,synthetic
2024-07-13T19:00:00,307,kv-02,Dhanpur,0.333,1.156,11.061,68.273,99.484,0.25,3.5,1.072,31.0,1460.0,7.1,74.0,3.1,240.0,9.2,0.3351,0,7,19,1.156,0.0,0.0,1.4773,1.1324,0.0,0.1807,-3.25,0.0,0.5481,0.3486,0.0329,0,synthetic
2024-07-13T20:00:00,308,kv-02,Dhanpur,0.807,1.603,11.494,68.912,99.5,0.25,3.5,1.072,31.0,1460.0,7.1,74.0,3.1,240.0,9.2,0.3298,0,7,20,1.4345,0.1685,0.0,1.7434,1.138,0.0025,0.1807,-3.25,0.1741,0.5481,0.3378,0.0329,0,synthetic
2024-07-13T21:00:00,309,kv-02,Dhanpur,0.773,1.913,11.774,69.503,99.5,0.25,3.5,1.072,31.0,1460.0,7.1,74.0,3.1,240.0,9.2,0.3265,0,7,21,1.4345,0.4785,0.0,1.9281,1.1414,0.007,0.1807,-3.25,0.4944,0.5481,0.3378,0.0329,0,synthetic
2024-07-13T22:00:00,310,kv-02,Dhanpur,0.436,2.015,11.806,69.797,99.5,0.25,3.5,1.072,31.0,1460.0,7.1,74.0,3.1,240.0,9.2,0.3261,0,7,22,1.4345,0.5805,0.0,1.9872,1.1418,0.0085,0.1807,-3.25,0.5998,0.5481,0.3378,0.0329,0,synthetic
2024-07-13T23:00:00,311,kv-02,Dhanpur,0.504,1.713,11.947,69.885,99.5,0.25,3.5,1.072,31.0,1460.0,7.1,74.0,3.1,240.0,9.2,0.3244,0,7,23,1.4345,0.2785,0.0,1.8269,1.1436,0.0041,0.1807,-3.25,0.2878,0.5481,0.3378,0.0329,0,synthetic
2024-07-14T00:00:00,312,kv-02,Dhanpur,0.69,1.629,12.093,69.881,99.5,0.25,3.5,1.072,31.0,1460.0,7.1,74.0,3.1,240.0,9.2,0.3226,0,7,0,1.4345,0.1945,0.0,1.7862,1.1454,0.0029,0.1807,-3.25,0.201,0.5481,0.3378,0.0329,0,synthetic
2024-07-14T01:00:00,313,kv-02,Dhanpur,0.497,1.691,12.168,69.433,99.5,0.25,3.5,1.072,31.0,1460.0,7.1,74.0,3.1,240.0,9.2,0.3217,1,7,1,1.4345,0.2565,0.0,1.8203,1.1463,0.0038,0.1807,-3.25,0.265,0.7399,0.3378,0.0329,0,synthetic
2024-07-14T02:00:00,314,kv-02,Dhanpur,0.49,1.677,12.195,49.8,99.5,0.25,3.5,1.072,31.0,1460.0,7.1,74.0,3.1,240.0,9.2,0.3214,0,7,2,1.4345,0.2425,0.0,1.6909,1.1467,0.0036,0.1807,-3.25,0.2506,0.5481,0.3378,0.0329,0,synthetic
2024-07-14T03:00:00,315,kv-02,Dhanpur,0.49,1.477,12.306,48.842,99.5,0.25,3.5,1.072,31.0,1460.0,7.1,74.0,3.1,240.0,9.2,0.3201,0,7,3,1.4345,0.0425,0.0,1.5791,1.1481,0.0006,0.1807,-3.25,0.0439,0.5481,0.3378,0.0329,0,synthetic
2024-07-14T04:00:00,316,kv-02,Dhanpur,0.393,1.373,12.256,47.431,99.5,0.25,3.5,1.072,31.0,1460.0,7.1,74.0,3.1,240.0,9.2,0.3207,1,7,4,1.373,0.0,0.0,1.5112,1.1474,0.0,0.1807,-3.25,0.0,0.7399,0.3378,0.0329,0,synthetic
2024-07-14T05:00:00,317,kv-02,Dhanpur,0.571,1.454,12.435,46.129,99.5,0.25,3.5,1.072,31.0,1460.0,7.1,74.0,3.1,240.0,9.2,0.3185,0,7,5,1.4345,0.0195,0.0,1.5543,1.1497,0.0003,0.1807,-3.25,0.0201,0.5481,0.3378,0.0329,0,synthetic
2024-07-14T06:00:00,318,kv-02,Dhanpur,0.579,1.543,12.606,44.967,99.5,0.25,3.5,1.072,31.0,1460.0,7.1,74.0,3.1,240.0,9.2,0.3165,0,7,6,1.4345,0.1085,0.0,1.6024,1.1518,0.0016,0.1807,-3.25,0.1121,0.5481,0.3378,0.0329,0,synthetic
2024-07-14T07:00:00,319,kv-02,Dhanpur,1.125,2.275,13.403,44.264,99.5,0.25,3.5,1.072,31.0,1460.0,7.1,74.0,3.1,240.0,9.2,0.3069,0,7,7,1.4345,0.8405,0.0,2.0305,1.1617,0.0124,0.1807,-3.25,0.8685,0.5481,0.3378,0.0329,0,synthetic
2024-07-14T08:00:00,320,kv-02,Dhanpur,0.425,2.13,13.513,42.905,99.5,0.25,3.5,1.072,31.0,1460.0,7.1,74.0,3.1,240.0,9.2,0.3056,0,7,8,1.4345,0.6955,0.0,1.9464,1.1631,0.0102,0.1807,-3.25,0.7187,0.5481,0.3378,0.0329,0,synthetic
2024-07-14T09:00:00,321,kv-02,Dhanpur,0.389,1.939,13.183,41.706,99.5,0.25,3.5,1.072,31.0,1460.0,7.1,74.0,3.1,240.0,9.2,0.3096,0,7,9,1.4345,0.5045,0.0,1.8215,1.159,0.0074,0.1807,-3.25,0.5213,0.5481,0.3378,0.0329,0,synthetic
2024-07-14T10:00:00,322,kv-02,Dhanpur,0.584,1.397,13.263,40.617,99.5,0.25,3.5,1.072,31.0,1460.0,7.1,74.0,3.1,240.0,9.2,0.3086,0,7,10,1.397,0.0,0.0,1.5196,1.16,0.0,0.1807,-3.25,0.0,0.5481,0.3378,0.0329,0,synthetic
2024-07-14T11:00:00,323,kv-02,Dhanpur,12.976,13.948,25.821,52.411,99.5,0.561,3.5,3.462,31.0,1460.0,7.1,74.0,3.1,240.0,9.2,0.1579,0,7,11,1.4345,12.5135,0.0,8.9673,1.3161,0.1842,0.3846,-2.939,12.9306,1.1666,0.3378,0.0701,0,synthetic
2024-07-14T12:00:00,324,kv-02,Dhanpur,0.825,14.385,25.94,52.001,99.5,0.524,3.5,3.136,31.0,1460.0,7.1,74.0,3.1,240.0,9.2,0.1565,0,7,12,1.4345,12.9505,0.0,9.2095,1.3176,0.1906,0.3627,-2.976,13.3822,1.1,0.3378,0.0661,0,synthetic
2024-07-14T13:00:00,325,kv-02,Dhanpur,0.544,14.345,26.034,51.343,99.5,0.485,3.5,2.799,31.0,1460.0,7.1,74.0,3.1,240.0,9.2,0.1553,0,7,13,1.4345,12.9105,0.0,9.1869,1.3188,0.19,0.3388,-3.015,13.3408,1.0276,0.3378,0.0618,0,synthetic
2024-07-14T14:00:00,326,kv-02,Dhanpur,0.428,1.798,26.115,51.057,99.5,0.448,3.5,2.494,31.0,1460.0,7.1,74.0,3.1,240.0,9.2,0.1544,0,7,14,1.4345,0.3635,0.0,2.2873,1.3198,0.0053,0.3157,-3.052,0.3756,0.9574,0.3378,0.0576,0,synthetic
2024-07-14T15:00:00,327,kv-02,Dhanpur,0.579,1.552,25.97,50.754,99.5,0.415,3.5,2.238,31.0,1460.0,7.1,74.0,3.1,240.0,9.2,0.1561,0,7,15,1.4345,0.1175,0.0,2.1447,1.318,0.0017,0.2948,-3.085,0.1214,0.8942,0.3378,0.0538,0,synthetic
2024-07-14T16:00:00,328,kv-02,Dhanpur,0.725,1.733,25.987,50.882,99.5,0.389,3.5,2.035,31.0,1460.0,7.1,74.0,3.1,240.0,9.2,0.1559,0,7,16,1.4345,0.2985,0.0,2.2457,1.3182,0.0044,0.2777,-3.111,0.3084,0.8422,0.3378,0.0506,0,synthetic
2024-07-14T17:00:00,329,kv-02,Dhanpur,0.526,1.83,26.152,50.897,99.5,0.361,3.5,1.829,31.0,1460.0,7.1,74.0,3.1,240.0,9.2,0.1539,0,7,17,1.4345,0.3955,0.0,2.3053,1.3203,0.0058,0.2591,-3.139,0.4087,0.786,0.3378,0.0472,0,synthetic
2024-07-14T18:00:00,330,kv-02,Dhanpur,0.546,1.797,26.236,50.829,99.5,0.337,3.5,1.649,31.0,1460.0,7.1,74.0,3.1,240.0,9.2,0.1529,0,7,18,1.4345,0.3625,0.0,2.2899,1.3213,0.0053,0.2424,-3.163,0.3746,0.7353,0.3378,0.0442,0,synthetic
2024-07-14T19:00:00,331,kv-02,Dhanpur,0.926,1.998,26.828,51.299,99.5,0.322,3.5,1.55,31.0,1460.0,7.1,74.0,3.1,240.0,9.2,0.1458,0,7,19,1.4345,0.5635,0.0,2.4256,1.3287,0.0083,0.2324,-3.178,0.5823,0.7049,0.3378,0.0424,0,synthetic
2024-07-14T20:00:00,332,kv-02,Dhanpur,0.696,2.168,26.717,51.583,99.5,0.303,3.5,1.42,31.0,1460.0,7.1,74.0,3.1,240.0,9.2,0.1471,0,7,20,1.4345,0.7335,0.0,2.5167,1.3273,0.0108,0.2191,-3.197,0.7579,0.6647,0.3378,0.04,0,synthetic
2024-07-14T21:00:00,333,kv-02,Dhanpur,0.673,2.295,26.618,51.973,99.5,0.286,3.5,1.3,31.0,1460.0,7.1,74.0,3.1,240.0,9.2,0.1483,0,7,21,1.4345,0.8605,0.0,2.5853,1.3261,0.0127,0.2067,-3.214,0.8892,0.6268,0.3378,0.0377,0,synthetic
2024-07-14T22:00:00,334,kv-02,Dhanpur,0.687,2.057,26.869,52.43,99.5,0.27,3.5,1.196,31.0,1460.0,7.1,74.0,3.1,240.0,9.2,0.1453,0,7,22,1.4345,0.6225,0.0,2.4666,1.3292,0.0092,0.1951,-3.23,0.6432,0.5919,0.3378,0.0356,0,synthetic
2024-07-14T23:00:00,335,kv-02,Dhanpur,0.98,2.341,27.346,52.95,99.5,0.263,3.5,1.152,31.0,1460.0,7.1,74.0,3.1,240.0,9.2,0.1396,1,7,23,1.4345,0.9065,0.0,2.644,1.3351,0.0133,0.1901,-3.237,0.9367,0.7784,0.3378,0.0347,0,synthetic
2024-07-15T00:00:00,336,kv-02,Dhanpur,0.722,2.39,27.378,52.904,99.5,0.25,3.5,1.072,31.0,1460.0,7.1,74.0,3.1,240.0,9.2,0.1392,0,7,0,1.4345,0.9555,0.0,2.6718,1.3355,0.0141,0.1807,-3.25,0.9873,0.5481,0.3378,0.0329,0,synthetic
2024-07-15T01:00:00,337,kv-02,Dhanpur,0.552,2.254,27.433,52.31,99.5,0.25,3.5,1.072,31.0,1460.0,7.1,74.0,3.1,240.0,9.2,0.1386,0,7,1,1.4345,0.8195,0.0,2.5954,1.3362,0.0121,0.1807,-3.25,0.8468,0.5481,0.3378,0.0329,0,synthetic
2024-07-15T02:00:00,338,kv-02,Dhanpur,0.936,2.21,27.879,52.868,99.5,0.25,3.5,1.072,31.0,1460.0,7.1,74.0,3.1,240.0,9.2,0.1332,0,7,2,1.4345,0.7755,0.0,2.5914,1.3417,0.0114,0.1807,-3.25,0.8013,0.5481,0.3378,0.0329,0,synthetic
2024-07-15T03:00:00,339,kv-02,Dhanpur,0.796,2.284,28.185,53.063,99.5,0.25,3.5,1.072,31.0,1460.0,7.1,74.0,3.1,240.0,9.2,0.1295,1,7,3,1.4345,0.8495,0.0,2.6448,1.3456,0.0125,0.1807,-3.25,0.8778,0.7399,0.3378,0.0329,0,synthetic
2024-07-15T04:00:00,340,kv-02,Dhanpur,0.526,2.257,28.317,52.602,99.5,0.25,3.5,1.072,31.0,1460.0,7.1,74.0,3.1,240.0,9.2,0.1279,1,7,4,1.4345,0.8225,0.0,2.632,1.3472,0.0121,0.1807,-3.25,0.8499,0.7399,0.3378,0.0329,0,synthetic
2024-07-15T05:00:00,341,kv-02,Dhanpur,0.753,2.074,28.499,52.395,99.5,0.25,3.5,1.072,31.0,1460.0,7.1,74.0,3.1,240.0,9.2,0.1258,0,7,5,1.4345,0.6395,0.0,2.5369,1.3495,0.0094,0.1807,-3.25,0.6608,0.5481,0.3378,0.0329,0,synthetic
2024-07-15T06:00:00,342,kv-02,Dhanpur,0.831,2.11,28.751,52.329,99.5,0.25,3.5,1.072,31.0,1460.0,7.1,74.0,3.1,240.0,9.2,0.1227,0,7,6,1.4345,0.6755,0.0,2.5657,1.3526,0.0099,0.1807,-3.25,0.698,0.5481,0.3378,0.0329,0,synthetic
2024-07-15T07:00:00,343,kv-02,Dhanpur,0.638,2.223,28.264,52.526,99.5,0.25,3.5,1.072,31.0,1460.0,7.1,74.0,3.1,240.0,9.2,0.1286,0,7,7,1.4345,0.7885,0.0,2.6108,1.3465,0.0116,0.1807,-3.25,0.8148,0.5481,0.3378,0.0329,0,synthetic
2024-07-15T08:00:00,344,kv-02,Dhanpur,15.223,16.692,43.062,67.163,99.5,0.621,3.5,4.005,31.0,1460.0,7.1,74.0,3.1,240.0,9.2,0.12,0,7,8,1.4345,15.2575,0.0,11.2152,1.5306,0.2246,0.419,-2.879,15.7661,1.2709,0.3378,0.0764,0,synthetic
2024-07-15T09:00:00,345,kv-02,Dhanpur,1.035,16.896,43.708,67.882,99.5,0.584,3.5,3.663,31.0,1460.0,7.1,74.0,3.1,240.0,9.2,0.12,0,7,9,1.4345,15.4615,0.0,11.3561,1.5386,0.2276,0.3978,-2.916,15.9769,1.2066,0.3378,0.0725,0,synthetic
2024-07-15T10:00:00,346,kv-02,Dhanpur,15.841,32.098,58.965,83.386,99.5,0.941,3.5,7.32,31.0,1460.0,7.1,74.0,3.1,240.0,9.2,0.12,0,7,10,1.4345,30.6635,1.9619,20.3863,1.7284,0.4513,0.5867,-2.559,31.6856,1.7794,0.3378,0.107,0,synthetic
2024-07-15T11:00:00,347,kv-02,Dhanpur,0.724,17.6,46.713,83.69,99.5,0.864,3.5,6.474,31.0,1460.0,7.1,74.0,3.1,240.0,9.2,0.12,0,7,11,1.4345,16.1655,0.0,11.9548,1.576,0.2379,0.5486,-2.636,16.7043,1.6639,0.3378,0.1,0,synthetic
2024-07-15T12:00:00,348,kv-02,Dhanpur,0.917,17.481,46.805,84.166,99.5,0.801,3.5,5.795,31.0,1460.0,7.1,74.0,3.1,240.0,9.2,0.12,0,7,12,1.4345,16.0465,0.0,11.8958,1.5771,0.2362,0.5163,-2.699,16.5814,1.566,0.3378,0.0941,0,synthetic
2024-07-15T13:00:00,349,kv-02,Dhanpur,1.316,2.957,47.577,85.141,99.5,0.754,3.5,5.31,31.0,1460.0,7.1,74.0,3.1,240.0,9.2,0.12,1,7,13,1.4345,1.5225,0.0,3.9426,1.5867,0.0224,0.4917,-2.746,1.5732,2.0136,0.3378,0.0897,0,synthetic
2024-07-15T14:00:00,350,kv-02,Dhanpur,0.947,3.18,48.096,85.511,99.5,0.702,3.5,4.788,31.0,1460.0,7.1,74.0,3.1,240.0,9.2,0.12,1,7,14,1.4345,1.7455,0.0,4.087,1.5932,0.0257,0.4639,-2.798,1.8037,1.8997,0.3378,0.0846,0,synthetic
2024-07-15T15:00:00,351,kv-02,Dhanpur,0.961,3.225,48.478,85.696,99.5,0.655,3.5,4.333,31.0,1460.0,7.1,74.0,3.1,240.0,9.2,0.12,0,7,15,1.4345,1.7905,0.0,4.1273,1.5979,0.0264,0.4382,-2.845,1.8502,1.3292,0.3378,0.0799,0,synthetic
2024-07-15T16:00:00,352,kv-02,Dhanpur,0.929,2.837,48.681,86.221,99.5,0.612,3.5,3.927,31.0,1460.0,7.1,74.0,3.1,240.0,9.2,0.12,0,7,16,1.4345,1.4025,0.0,3.9248,1.6005,0.0206,0.4141,-2.888,1.4492,1.2559,0.3378,0.0755,0,synthetic
2024-07-15T17:00:00,353,kv-02,Dhanpur,0.861,2.751,49.016,86.873,99.5,0.571,3.5,3.553,31.0,1460.0,7.1,74.0,3.1,240.0,9.2,0.12,1,7,17,1.4345,1.3165,0.0,3.8941,1.6046,0.0194,0.3905,-2.929,1.3604,1.599,0.3378,0.0712,0,synthetic
2024-07-15T18:00:00,354,kv-02,Dhanpur,17.924,19.714,66.394,103.846,99.5,0.985,3.5,7.821,31.0,1460.0,7.1,74.0,3.1,240.0,9.2,0.12,1,7,18,1.4345,18.2795,0.0382,13.9815,1.8208,0.269,0.608,-2.515,18.8888,2.4896,0.3378,0.1109,0,synthetic
2024-07-15T19:00:00,355,kv-02,Dhanpur,0.584,19.369,66.053,103.942,99.5,0.901,3.5,6.876,31.0,1460.0,7.1,74.0,3.1,240.0,9.2,0.12,0,7,19,1.4345,17.9345,0.0255,13.7796,1.8165,0.264,0.567,-2.599,18.5323,1.7198,0.3378,0.1034,0,synthetic
2024-07-15T20:00:00,356,kv-02,Dhanpur,0.681,19.19,66.038,104.25,99.5,0.827,3.5,6.078,31.0,1460.0,7.1,74.0,3.1,240.0,9.2,0.12,0,7,20,1.4345,17.7555,0.0199,13.6825,1.8163,0.2613,0.5298,-2.673,18.3473,1.6071,0.3378,0.0966,0,synthetic
2024-07-15T21:00:00,357,kv-02,Dhanpur,0.741,2.007,66.106,104.498,99.5,0.763,3.5,5.402,31.0,1460.0,7.1,74.0,3.1,240.0,9.2,0.12,0,7,21,1.4345,0.5725,0.0,4.2359,1.8172,0.0084,0.4965,-2.737,0.5916,1.5059,0.3378,0.0905,0,synthetic
2024-07-15T22:00:00,358,kv-02,Dhanpur,0.763,2.186,66.182,104.858,99.5,0.705,3.5,4.819,31.0,1460.0,7.1,74.0,3.1,240.0,9.2,0.12,1,7,22,1.4345,0.7515,0.0,4.3395,1.8181,0.0111,0.4656,-2.795,0.7765,1.9065,0.3378,0.0849,0,synthetic
2024-07-15T23:00:00,359,kv-02,Dhanpur,0.883,2.388,66.085,105.378,99.5,0.656,3.5,4.342,31.0,1460.0,7.1,74.0,3.1,240.0,9.2,0.12,0,7,23,1.4345,0.9535,0.0,4.4502,1.8169,0.014,0.4388,-2.844,0.9853,1.3309,0.3378,0.08,0,synthetic
2024-08-16T00:00:00,360,kv-02,Dhanpur,1.081,2.728,66.444,105.915,99.5,0.617,3.5,3.971,31.0,1460.0,7.1,74.0,3.1,240.0,9.2,0.12,0,8,0,1.4345,1.2935,0.0,4.654,1.8214,0.019,0.4168,-2.883,1.3366,1.2643,0.3378,0.076,0,synthetic
2024-08-16T01:00:00,361,kv-02,Dhanpur,0.942,2.907,66.835,106.435,99.5,0.578,3.5,3.612,31.0,1460.0,7.1,74.0,3.1,240.0,9.2,0.12,1,8,1,1.4345,1.4725,0.0,4.7704,1.8263,0.0217,0.3944,-2.922,1.5216,1.6151,0.3378,0.0719,0,synthetic
2024-08-16T02:00:00,362,kv-02,Dhanpur,1.147,3.17,67.045,107.118,99.5,0.548,3.5,3.343,31.0,1460.0,7.1,74.0,3.1,240.0,9.2,0.12,0,8,2,1.4345,1.7355,0.0,4.9272,1.8289,0.0255,0.3769,-2.952,1.7933,1.1431,0.3378,0.0687,0,synthetic
2024-08-16T03:00:00,363,kv-02,Dhanpur,1.574,3.663,67.824,108.314,99.5,0.532,3.5,3.202,31.0,1460.0,7.1,74.0,3.1,240.0,9.2,0.12,0,8,3,1.4345,2.2285,0.0,5.235,1.8386,0.0328,0.3673,-2.968,2.3028,1.1142,0.3378,0.067,0,synthetic
2024-08-16T04:00:00,364,kv-02,Dhanpur,1.756,4.477,69.054,109.627,99.5,0.522,3.5,3.118,31.0,1460.0,7.1,74.0,3.1,240.0,9.2,0.12,0,8,4,1.4345,3.0425,0.0,5.737,1.8539,0.0448,0.3614,-2.978,3.1439,1.0963,0.3378,0.0659,0,synthetic
2024-08-16T05:00:00,365,kv-02,Dhanpur,2.188,5.518,70.489,111.423,99.5,0.525,3.5,3.14,31.0,1460.0,7.1,74.0,3.1,240.0,9.2,0.12,0,8,5,1.4345,4.0835,0.0,6.3746,1.8717,0.0601,0.3631,-2.975,4.2196,1.1014,0.3378,0.0662,0,synthetic
2024-08-16T06:00:00,366,kv-02,Dhanpur,2.656,6.601,72.314,113.671,99.5,0.539,3.5,3.268,31.0,1460.0,7.1,74.0,3.1,240.0,9.2,0.12,1,8,6,1.4345,5.1665,0.0,7.0528,1.8944,0.076,0.3717,-2.961,5.3387,1.5219,0.3378,0.0678,0,synthetic
2024-08-16T07:00:00,367,kv-02,Dhanpur,2.627,7.472,74.303,115.971,99.5,0.552,3.5,3.379,31.0,1460.0,7.1,74.0,3.1,240.0,9.2,0.12,1,8,7,1.4345,6.0375,0.0,7.6208,1.9191,0.0889,0.3792,-2.948,6.2387,1.5529,0.3378,0.0691,0,synthetic
2024-08-16T08:00:00,368,kv-02,Dhanpur,2.91,8.194,61.99,118.566,99.5,0.571,3.5,3.548,31.0,1460.0,7.1,74.0,3.1,240.0,9.2,0.12,0,8,8,1.4345,6.7595,0.0,7.5724,1.766,0.0995,0.3903,-2.929,6.9848,1.184,0.3378,0.0712,0,synthetic
2024-08-16T09:00:00,369,kv-02,Dhanpur,3.252,8.79,64.207,121.099,99.5,0.597,3.5,3.786,31.0,1460.0,7.1,74.0,3.1,240.0,9.2,0.12,0,8,9,1.4345,7.3555,0.0,7.9991,1.7936,0.1083,0.4054,-2.903,7.6007,1.2297,0.3378,0.0739,0,synthetic
2024-08-16T10:00:00,370,kv-02,Dhanpur,3.276,9.439,51.643,123.872,99.5,0.621,3.5,4.012,31.0,1460.0,7.1,74.0,3.1,240.0,9.2,0.12,0,8,10,1.4345,8.0045,0.0,7.9023,1.6373,0.1178,0.4192,-2.879,8.2713,1.2715,0.3378,0.0764,0,synthetic
2024-08-16T11:00:00,371,kv-02,Dhanpur,3.456,9.985,54.376,126.911,99.5,0.648,3.5,4.266,31.0,1460.0,7.1,74.0,3.1,240.0,9.2,0.12,1,8,11,1.4345,8.5505,0.0,8.324,1.6713,0.1258,0.4343,-2.852,8.8355,1.7785,0.3378,0.0792,0,synthetic
2024-08-16T12:00:00,372,kv-02,Dhanpur,3.51,10.243,56.97,129.715,99.5,0.674,3.5,4.513,31.0,1460.0,7.1,74.0,3.1,240.0,9.2,0.12,0,8,12,1.4345,8.8085,0.0,8.5807,1.7036,0.1296,0.4486,-2.826,9.1021,1.3608,0.3378,0.0818,0,synthetic
2024-08-16T13:00:00,373,kv-02,Dhanpur,14.569,21.535,70.222,143.833,99.5,0.989,3.5,7.871,31.0,1460.0,7.1,74.0,3.1,240.0,9.2,0.12,0,8,13,1.4345,20.1005,0.1462,15.3765,1.8684,0.2958,0.61,-2.511,20.7705,1.8502,0.3378,0.1112,0,synthetic
2024-08-16T14:00:00,374,kv-02,Dhanpur,2.573,20.652,71.848,146.058,99.5,0.956,3.5,7.499,31.0,1460.0,7.1,74.0,3.1,240.0,9.2,0.12,1,8,14,1.4345,19.2175,0.0854,14.9658,1.8886,0.2828,0.5941,-2.544,19.8581,2.4328,0.3378,0.1083,0,synthetic
2024-08-16T15:00:00,375,kv-02,Dhanpur,2.33,19.472,73.217,147.665,99.5,0.921,3.5,7.098,31.0,1460.0,7.1,74.0,3.1,240.0,9.2,0.12,0,8,15,1.4345,18.0375,0.029,14.3781,1.9056,0.2655,0.5769,-2.579,18.6387,1.7498,0.3378,0.1052,0,synthetic
2024-08-16T16:00:00,376,kv-02,Dhanpur,1.786,6.689,74.074,148.742,99.5,0.874,3.5,6.586,31.0,1460.0,7.1,74.0,3.1,240.0,9.2,0.12,0,8,16,1.4345,5.2545,0.0,7.3864,1.9163,0.0773,0.5537,-2.626,5.4296,1.6793,0.3378,0.1009,0,synthetic
2024-08-16T17:00:00,377,kv-02,Dhanpur,1.532,5.647,74.744,149.913,99.5,0.826,3.5,6.064,31.0,1460.0,7.1,74.0,3.1,240.0,9.2,0.12,0,8,17,1.4345,4.2125,0.0,6.8457,1.9246,0.062,0.5293,-2.674,4.3529,1.6053,0.3378,0.0965,0,synthetic
2024-08-16T18:00:00,378,kv-02,Dhanpur,0.959,4.276,57.779,150.409,99.5,0.767,3.5,5.449,31.0,1460.0,7.1,74.0,3.1,240.0,9.2,0.12,1,8,18,1.4345,2.8415,0.0,5.4586,1.7136,0.0418,0.4987,-2.733,2.9362,2.0422,0.3378,0.0909,0,synthetic
2024-08-16T19:00:00,379,kv-02,Dhanpur,1.044,3.534,58.239,151.12,99.5,0.717,3.5,4.934,31.0,1460.0,7.1,74.0,3.1,240.0,9.2,0.12,0,8,19,1.4345,2.0995,0.0,5.0722,1.7193,0.0309,0.472,-2.783,2.1695,1.4315,0.3378,0.086,0,synthetic
2024-08-16T20:00:00,380,kv-02,Dhanpur,0.609,2.611,58.166,150.921,99.5,0.66,3.5,4.376,31.0,1460.0,7.1,74.0,3.1,240.0,9.2,0.12,0,8,20,1.4345,1.1765,0.0,4.5605,1.7184,0.0173,0.4409,-2.84,1.2157,1.3372,0.3378,0.0804,0,synthetic
2024-08-16T21:00:00,381,kv-02,Dhanpur,0.747,2.4,58.172,150.896,99.5,0.611,3.5,3.92,31.0,1460.0,7.1,74.0,3.1,240.0,9.2,0.12,0,8,21,1.4345,0.9655,0.0,4.4445,1.7185,0.0142,0.4136,-2.889,0.9977,1.2544,0.3378,0.0754,0,synthetic
2024-08-16T22:00:00,382,kv-02,Dhanpur,1.224,2.58,58.633,151.685,99.5,0.58,3.5,3.634,31.0,1460.0,7.1,74.0,3.1,240.0,9.2,0.12,0,8,22,1.4345,1.1455,0.0,4.5658,1.7242,0.0169,0.3957,-2.92,1.1837,1.2003,0.3378,0.0721,0,synthetic
2024-08-16T23:00:00,383,kv-02,Dhanpur,1.84,3.812,59.59,153.021,99.5,0.568,3.5,3.525,31.0,1460.0,7.1,74.0,3.1,240.0,9.2,0.12,0,8,23,1.4345,2.3775,0.0,5.2876,1.7362,0.035,0.3887,-2.932,2.4567,1.1791,0.3378,0.0709,0,synthetic
2024-08-17T00:00:00,384,kv-02,Dhanpur,2.457,5.521,60.966,154.788,99.5,0.574,3.5,3.574,31.0,1460.0,7.1,74.0,3.1,240.0,9.2,0.12,0,8,0,1.4345,4.0865,0.0,6.2902,1.7533,0.0601,0.3921,-2.926,4.2227,1.1892,0.3378,0.0715,0,synthetic
2024-08-17T01:00:00,385,kv-02,Dhanpur,3.328,7.625,63.352,157.619,99.5,0.602,3.5,3.829,31.0,1460.0,7.1,74.0,3.1,240.0,9.2,0.12,0,8,1,1.4345,6.1905,0.0,7.5546,1.7829,0.0911,0.4082,-2.898,6.3968,1.2381,0.3378,0.0744,0,synthetic
2024-08-17T02:00:00,386,kv-02,Dhanpur,4.884,10.669,67.089,162.013,99.5,0.668,3.5,4.456,31.0,1460.0,7.1,74.0,3.1,240.0,9.2,0.12,0,8,2,1.4345,9.2345,0.0,9.3964,1.8294,0.1359,0.4454,-2.832,9.5423,1.3509,0.3378,0.0812,0,synthetic
2024-08-17T03:00:00,387,kv-02,Dhanpur,6.375,14.588,71.89,167.899,99.5,0.767,3.5,5.449,31.0,1460.0,7.1,74.0,3.1,240.0,9.2,0.12,0,8,3,1.4345,13.1535,0.0,11.7686,1.8891,0.1936,0.4987,-2.733,13.5919,1.5127,0.3378,0.0909,0,synthetic
2024-08-17T04:00:00,388,kv-02,Dhanpur,7.723,18.983,77.858,175.228,99.5,0.893,3.5,6.787,31.0,1460.0,7.1,74.0,3.1,240.0,9.2,0.12,0,8,4,1.4345,17.5485,0.0142,14.4555,1.9634,0.2583,0.563,-2.607,18.1334,1.7077,0.3378,0.1026,0,synthetic
2024-08-17T05:00:00,389,kv-02,Dhanpur,9.522,23.62,85.191,184.18,99.5,1.053,3.5,8.626,31.0,1460.0,7.1,74.0,3.1,240.0,9.2,0.12,0,8,5,1.4345,22.1855,0.3506,17.3368,2.0546,0.3265,0.6405,-2.447,22.925,1.9428,0.3378,0.1168,0,synthetic
2024-08-17T06:00:00,390,kv-02,Dhanpur,24.751,41.996,107.285,208.351,99.5,1.599,3.5,15.804,31.0,1460.0,7.1,74.0,3.1,240.0,9.2,0.12,1,8,6,1.4345,40.5615,5.1424,28.4232,2.3294,0.597,0.8801,-1.901,41.9135,3.6038,0.3378,0.1605,0,synthetic
2024-08-17T07:00:00,391,kv-02,Dhanpur,11.835,46.108,116.494,219.061,99.5,1.745,3.5,17.931,31.0,1460.0,7.1,74.0,3.1,240.0,9.2,0.12,1,8,7,1.4345,44.6735,6.7964,31.0971,2.4439,0.6575,0.9397,-1.755,46.1626,3.8478,0.3378,0.1713,0,synthetic
2024-08-17T08:00:00,392,kv-02,Dhanpur,12.876,49.462,126.46,231.512,99.5,1.901,3.5,20.3,31.0,1460.0,7.1,74.0,3.1,240.0,9.2,0.12,0,8,8,1.4345,48.0275,8.2693,33.3933,2.5678,0.7069,1.0019,-1.599,49.6284,3.0391,0.3378,0.1827,0,synthetic
2024-08-17T09:00:00,393,kv-02,Dhanpur,13.3,38.012,136.507,244.423,99.5,2.049,3.5,22.636,31.0,1460.0,7.1,74.0,3.1,240.0,9.2,0.12,0,8,9,1.4345,36.5775,3.7161,27.5533,2.6928,0.5383,1.0598,-1.451,37.7967,3.2147,0.3378,0.1932,0,synthetic
2024-08-17T10:00:00,394,kv-02,Dhanpur,13.606,39.783,146.837,257.446,99.5,2.187,3.5,24.88,31.0,1460.0,7.1,74.0,3.1,240.0,9.2,0.12,0,8,10,1.4345,38.3485,4.3275,28.9961,2.8213,0.5644,1.1129,-1.313,39.6268,3.3755,0.3378,0.2029,0,synthetic
2024-08-17T11:00:00,395,kv-02,Dhanpur,13.117,40.024,156.498,257.588,99.5,2.295,3.5,26.674,31.0,1460.0,7.1,74.0,3.1,240.0,9.2,0.12,0,8,11,1.4345,38.5895,4.4135,29.4918,2.9414,0.5679,1.1538,-1.205,39.8758,3.4996,0.3378,0.2104,0,synthetic
2024-08-17T12:00:00,396,kv-02,Dhanpur,33.281,60.005,186.269,290.043,99.5,2.92,3.5,37.836,31.0,1460.0,7.1,74.0,3.1,240.0,9.2,0.12,1,8,12,1.4345,58.5705,13.5248,41.8006,3.3117,0.862,1.3832,-0.58,60.5228,5.6638,0.3378,0.2522,0,synthetic
2024-08-17T13:00:00,397,kv-02,Dhanpur,10.851,57.249,182.551,300.35,99.5,2.868,3.5,36.854,31.0,1460.0,7.1,74.0,3.1,240.0,9.2,0.12,0,8,13,1.4345,55.8145,12.0674,40.2098,3.2655,0.8215,1.3645,-0.632,57.675,4.1387,0.3378,0.2488,0,synthetic
2024-08-17T14:00:00,398,kv-02,Dhanpur,9.294,53.426,189.272,309.216,99.5,2.782,3.5,35.263,31.0,1460.0,7.1,74.0,3.1,240.0,9.2,0.12,0,8,14,1.4345,51.9915,10.1405,38.4146,3.3491,0.7652,1.3335,-0.718,53.7245,4.0446,0.3378,0.2431,0,synthetic
2024-08-17T15:00:00,399,kv-02,Dhanpur,7.72,27.865,194.662,316.357,99.5,2.666,3.5,33.165,31.0,1460.0,7.1,74.0,3.1,240.0,9.2,0.12,0,8,15,1.4345,26.4305,1.0108,24.6028,3.4161,0.389,1.2914,-0.834,27.3115,3.917,0.3378,0.2354,0,synthetic
2024-08-17T16:00:00,400,kv-02,Dhanpur,5.518,22.532,198.394,321.149,99.5,2.509,3.5,30.369,31.0,1460.0,7.1,74.0,3.1,240.0,9.2,0.12,0,8,16,1.4345,21.0975,0.2335,21.8396,3.4625,0.3105,1.2337,-0.991,21.8007,3.7421,0.3378,0.2249,0,synthetic
2024-08-17T17:00:00,401,kv-02,Dhanpur,3.696,16.933,200.558,324.319,99.5,2.326,3.5,27.202,31.0,1460.0,7.1,74.0,3.1,240.0,9.2,0.12,0,8,17,1.4345,15.4985,0.0,18.8611,3.4894,0.2281,1.1655,-1.174,16.0151,3.5351,0.3378,0.2125,0,synthetic
2024-08-17T18:00:00,402,kv-02,Dhanpur,2.549,11.763,202.149,326.322,99.5,2.136,3.5,24.051,31.0,1460.0,7.1,74.0,3.1,240.0,9.2,0.12,0,8,18,1.4345,10.3285,0.0,16.0898,3.5092,0.152,1.0934,-1.364,10.6728,3.3165,0.3378,0.1994,0,synthetic
2024-08-17T19:00:00,403,kv-02,Dhanpur,1.351,7.597,202.456,326.748,99.5,1.94,3.5,20.914,31.0,1460.0,7.1,74.0,3.1,240.0,9.2,0.12,0,8,19,1.4345,6.1625,0.0,13.8126,3.513,0.0907,1.0174,-1.56,6.3679,3.0858,0.3378,0.1855,0,synthetic
2024-08-17T20:00:00,404,kv-02,Dhanpur,0.725,4.626,202.573,326.777,99.5,1.752,3.5,18.037,31.0,1460.0,7.1,74.0,3.1,240.0,9.2,0.12,0,8,20,1.4345,3.1915,0.0,12.1831,3.5145,0.047,0.9425,-1.748,3.2979,2.8588,0.3378,0.1718,0,synthetic
2024-08-17T21:00:00,405,kv-02,Dhanpur,0.805,2.881,202.63,326.908,99.5,1.588,3.5,15.65,31.0,1460.0,7.1,74.0,3.1,240.0,9.2,0.12,0,8,21,1.4345,1.4465,0.0,11.2263,3.5152,0.0213,0.8756,-1.912,1.4947,2.6558,0.3378,0.1596,0,synthetic
2024-08-17T22:00:00,406,kv-02,Dhanpur,1.817,3.347,203.222,328.038,99.5,1.471,3.5,13.999,31.0,1460.0,7.1,74.0,3.1,240.0,9.2,0.12,1,8,22,1.4345,1.9125,0.0,11.5119,3.5226,0.0281,0.8265,-2.029,1.9762,3.3842,0.3378,0.1507,0,synthetic
2024-08-17T23:00:00,407,kv-02,Dhanpur,3.314,5.936,204.697,330.372,99.5,1.406,3.5,13.116,31.0,1460.0,7.1,74.0,3.1,240.0,9.2,0.12,0,8,23,1.4345,4.5015,0.0,13.0058,3.5409,0.0663,0.7988,-2.094,4.6515,2.4229,0.3378,0.1456,0,synthetic
2024-08-18T00:00:00,408,kv-02,Dhanpur,5.776,10.907,208.016,335.426,99.5,1.414,3.5,13.218,31.0,1460.0,7.1,74.0,3.1,240.0,9.2,0.12,1,8,0,1.4345,9.4725,0.0,15.8959,3.5822,0.1394,0.8022,-2.086,9.7882,3.2847,0.3378,0.1463,0,synthetic
2024-08-18T01:00:00,409,kv-02,Dhanpur,8.56,17.65,213.247,343.433,99.5,1.494,3.5,14.318,31.0,1460.0,7.1,74.0,3.1,240.0,9.2,0.12,0,8,1,1.4345,16.2155,0.0,19.8507,3.6473,0.2387,0.8362,-2.006,16.756,2.5364,0.3378,0.1525,0,synthetic
2024-08-18T02:00:00,410,kv-02,Dhanpur,12.101,26.437,220.464,354.599,99.5,1.658,3.5,16.66,31.0,1460.0,7.1,74.0,3.1,240.0,9.2,0.12,0,8,2,1.4345,25.0025,0.7539,25.024,3.737,0.368,0.9044,-1.842,25.8359,2.7432,0.3378,0.1649,0,synthetic
2024-08-18T03:00:00,411,kv-02,Dhanpur,15.266,35.927,229.355,369.069,99.5,1.888,3.5,20.098,31.0,1460.0,7.1,74.0,3.1,240.0,9.2,0.12,0,8,3,1.4345,34.4925,3.0453,30.6673,3.8476,0.5077,0.9968,-1.612,35.6422,3.0235,0.3378,0.1817,0,synthetic
2024-08-18T04:00:00,412,kv-02,Dhanpur,18.975,46.342,240.607,387.519,99.5,2.187,3.5,24.884,31.0,1460.0,7.1,74.0,3.1,240.0,9.2,0.12,1,8,4,1.4345,44.9075,6.8957,36.9329,3.9875,0.6609,1.1129,-1.313,46.4044,4.5571,0.3378,0.2029,0,synthetic
2024-08-18T05:00:00,413,kv-02,Dhanpur,21.746,55.987,252.831,408.511,99.5,2.522,3.5,30.599,31.0,1460.0,7.1,74.0,3.1,240.0,9.2,0.12,1,8,5,1.4345,54.5525,11.4187,42.8272,4.1396,0.8029,1.2385,-0.978,56.3709,5.0715,0.3378,0.2258,0,synthetic
2024-08-18T06:00:00,414,kv-02,Dhanpur,24.523,65.244,252.604,432.203,99.5,2.886,3.5,37.205,31.0,1460.0,7.1,74.0,3.1,240.0,9.2,0.12,0,8,6,1.4345,63.8095,16.4399,48.0581,4.1368,0.9391,1.371,-0.614,65.9365,4.1585,0.3378,0.25,0,synthetic
2024-08-18T07:00:00,415,kv-02,Dhanpur,26.579,72.848,267.347,458.143,99.5,3.254,3.5,44.262,31.0,1460.0,7.1,74.0,3.1,240.0,9.2,0.12,0,8,7,1.4345,71.4135,20.9711,52.9553,4.3201,1.051,1.5016,-0.246,73.7939,4.5545,0.3378,0.2738,0,synthetic
2024-08-18T08:00:00,416,kv-02,Dhanpur,27.639,78.74,282.109,470.559,99.5,3.594,3.5,51.14,31.0,1460.0,7.1,74.0,3.1,240.0,9.2,0.12,1,8,8,1.4345,77.3055,24.6962,56.8271,4.5037,1.1378,1.6199,0.094,79.8823,6.6333,0.3378,0.2954,0,synthetic
2024-08-18T09:00:00,417,kv-02,Dhanpur,28.176,82.393,296.985,497.7,99.5,3.896,3.5,57.481,31.0,1460.0,7.1,74.0,3.1,240.0,9.2,0.12,0,8,9,1.4345,80.9585,27.0891,59.5637,4.6888,1.1915,1.7234,0.396,83.6571,5.2275,0.3378,0.3142,1,synthetic
2024-08-18T10:00:00,418,kv-02,Dhanpur,27.119,82.934,310.498,508.979,99.5,4.121,3.5,62.349,31.0,1460.0,7.1,74.0,3.1,240.0,9.2,0.12,0,8,10,1.4345,81.4995,27.4486,60.4385,4.8568,1.1995,1.7997,0.621,84.2161,5.4588,0.3378,0.3281,1,synthetic
2024-08-18T11:00:00,419,kv-02,Dhanpur,25.659,80.954,323.04,533.914,99.5,4.269,3.5,65.625,31.0,1460.0,7.1,74.0,3.1,240.0,9.2,0.12,0,8,11,1.4345,79.5195,26.1393,59.9757,5.0128,1.1703,1.8496,0.769,82.1701,5.61,0.3378,0.3372,1,synthetic
2024-08-18T12:00:00,420,kv-02,Dhanpur,23.023,75.801,312.781,556.02,99.5,4.322,3.5,66.808,31.0,1460.0,7.1,74.0,3.1,240.0,9.2,0.12,0,8,12,1.4345,74.3665,22.8164,56.895,4.8852,1.0945,1.8674,0.822,76.8454,5.664,0.3378,0.3405,1,synthetic
2024-08-18T13:00:00,421,kv-02,Dhanpur,19.863,68.545,321.793,574.567,99.5,4.282,3.5,65.92,31.0,1460.0,7.1,74.0,3.1,240.0,9.2,0.12,0,8,13,1.4345,67.1105,18.3659,53.358,4.9973,0.9877,1.854,0.782,69.3475,5.6233,0.3378,0.338,1,synthetic
2024-08-18T14:00:00,422,kv-02,Dhanpur,16.215,59.101,328.714,589.834,99.5,4.153,3.5,63.061,31.0,1460.0,7.1,74.0,3.1,240.0,9.2,0.12,0,8,14,1.4345,57.6665,13.0407,48.5188,5.0834,0.8487,1.8105,0.653,59.5887,5.4917,0.3378,0.3301,1,synthetic
2024-08-18T15:00:00,423,kv-02,Dhanpur,12.462,48.54,333.456,601.335,99.5,3.948,3.5,58.587,31.0,1460.0,7.1,74.0,3.1,240.0,9.2,0.12,1,8,15,1.4345,47.1055,7.8539,42.9599,5.1424,0.6933,1.7411,0.448,48.6757,7.1294,0.3378,0.3174,1,synthetic
2024-08-18T16:00:00,424,kv-02,Dhanpur,9.104,37.781,337.043,609.511,99.5,3.689,3.5,53.093,31.0,1460.0,7.1,74.0,3.1,240.0,9.2,0.12,0,8,16,1.4345,36.3465,3.6391,37.2281,5.187,0.5349,1.6526,0.189,37.558,5.0126,0.3378,0.3013,1,synthetic
2024-08-18T17:00:00,425,kv-02,Dhanpur,5.543,27.109,338.89,614.193,99.5,3.378,3.5,46.739,31.0,1460.0,7.1,74.0,3.1,240.0,9.2,0.12,1,8,17,1.4345,25.6745,0.8706,31.457,5.2099,0.3779,1.545,-0.122,26.5303,6.3264,0.3378,0.2817,0,synthetic
2024-08-18T18:00:00,426,kv-02,Dhanpur,3.151,17.798,339.491,599.419,99.5,3.054,3.5,40.376,31.0,1460.0,7.1,74.0,3.1,240.0,9.2,0.12,0,8,18,1.4345,16.3635,0.0,26.2662,5.2174,0.2408,1.431,-0.446,16.9089,4.3404,0.3378,0.2609,0,synthetic
2024-08-18T19:00:00,427,kv-02,Dhanpur,1.146,9.839,339.285,599.98,99.5,2.726,3.5,34.242,31.0,1460.0,7.1,74.0,3.1,240.0,9.2,0.12,1,8,19,1.4345,8.4045,0.0,21.8845,5.2149,0.1237,1.3132,-0.774,8.6846,5.3772,0.3378,0.2394,0,synthetic
2024-08-18T20:00:00,428,kv-02,Dhanpur,0.334,4.63,338.894,599.633,99.484,2.429,3.5,28.962,31.0,1460.0,7.1,74.0,3.1,240.0,9.2,0.12,1,8,20,1.4358,3.1942,0.0,19.0027,5.2092,0.047,1.204,-1.071,3.3007,4.93,0.3486,0.2195,0,synthetic
2024-08-18T21:00:00,429,kv-02,Dhanpur,0.678,2.157,338.767,599.569,99.5,2.176,3.5,24.704,31.0,1460.0,7.1,74.0,3.1,240.0,9.2,0.12,0,8,21,1.4345,0.7225,0.0,17.6374,5.2084,0.0106,1.1087,-1.324,0.7466,3.3629,0.3378,0.2021,0,synthetic
2024-08-18T22:00:00,430,kv-02,Dhanpur,2.455,3.466,339.405,601.261,99.5,2.004,3.5,21.918,31.0,1460.0,7.1,74.0,3.1,240.0,9.2,0.12,0,8,22,1.4345,2.0315,0.0,18.3919,5.2163,0.0299,1.0424,-1.496,2.0992,3.1616,0.3378,0.19,0,synthetic
2024-08-18T23:00:00,431,kv-02,Dhanpur,3.798,6.93,339.889,604.175,99.5,1.889,3.5,20.117,31.0,1460.0,7.1,74.0,3.1,240.0,9.2,0.12,0,8,23,1.4345,5.4955,0.0,20.3334,5.2224,0.0809,0.9972,-1.611,5.6787,3.0247,0.3378,0.1818,0,synthetic
2024-08-19T00:00:00,432,kv-02,Dhanpur,6.873,13.125,340.985,609.967,99.5,1.869,3.5,19.812,31.0,1460.0,7.1,74.0,3.1,240.0,9.2,0.12,1,8,0,1.4345,11.6905,0.0,23.818,5.236,0.1721,0.9893,-1.631,12.0802,4.0511,0.3378,0.1804,0,synthetic
2024-08-19T01:00:00,433,kv-02,Dhanpur,10.261,20.931,342.686,619.285,99.5,1.941,3.5,20.927,31.0,1460.0,7.1,74.0,3.1,240.0,9.2,0.12,0,8,1,1.4345,19.4965,0.1029,28.2333,5.2572,0.2869,1.0177,-1.559,20.1464,3.0869,0.3378,0.1856,0,synthetic
2024-08-19T02:00:00,434,kv-02,Dhanpur,13.62,30.753,344.205,631.758,99.5,2.093,3.5,23.342,31.0,1460.0,7.1,74.0,3.1,240.0,9.2,0.12,1,8,2,1.4345,29.3185,1.6302,33.7703,5.276,0.4315,1.0768,-1.407,30.2958,4.4094,0.3378,0.1963,0,synthetic
2024-08-19T03:00:00,435,kv-02,Dhanpur,17.388,41.269,346.327,647.573,99.5,2.325,3.5,27.19,31.0,1460.0,7.1,74.0,3.1,240.0,9.2,0.12,0,8,3,1.4345,39.8345,4.8686,39.7325,5.3024,0.5863,1.1651,-1.175,41.1623,3.534,0.3378,0.2124,0,synthetic
2024-08-19T04:00:00,436,kv-02,Dhanpur,20.535,51.544,347.888,666.352,99.5,2.61,3.5,32.158,31.0,1460.0,7.1,74.0,3.1,240.0,9.2,0.12,0,8,4,1.4345,50.1095,9.2353,45.5597,5.3219,0.7375,1.2709,-0.89,51.7798,3.8549,0.3378,0.2317,0,synthetic
2024-08-19T05:00:00,437,kv-02,Dhanpur,23.183,61.107,349.324,687.347,99.5,2.927,3.5,37.965,31.0,1460.0,7.1,74.0,3.1,240.0,9.2,0.12,1,8,5,1.4345,59.6725,14.1227,51.0044,5.3397,0.8782,1.3857,-0.573,61.6616,5.674,0.3378,0.2526,0,synthetic
2024-08-19T06:00:00,438,kv-02,Dhanpur,25.45,69.169,350.252,710.141,99.5,3.259,3.5,44.359,31.0,1460.0,7.1,74.0,3.1,240.0,9.2,0.12,0,8,6,1.4345,67.7345,18.7373,55.6158,5.3513,0.9969,1.5033,-0.241,69.9923,4.5598,0.3378,0.2741,0,synthetic
2024-08-19T07:00:00,439,kv-02,Dhanpur,26.59,75.223,350.263,734.104,99.5,3.571,3.5,50.656,31.0,1460.0,7.1,74.0,3.1,240.0,9.2,0.12,0,8,7,1.4345,73.7885,22.4517,59.0957,5.3514,1.086,1.612,0.071,76.2481,4.8894,0.3378,0.2939,0,synthetic
2024-08-19T08:00:00,440,kv-02,Dhanpur,26.781,78.821,349.406,757.974,99.5,3.84,3.5,56.276,31.0,1460.0,7.1,74.0,3.1,240.0,9.2,0.12,0,8,8,1.4345,77.3865,24.7486,61.1916,5.3407,1.139,1.7043,0.34,79.966,5.1695,0.3378,0.3107,1,synthetic
2024-08-19T09:00:00,441,kv-02,Dhanpur,26.346,79.717,347.576,781.068,99.5,4.053,3.5,60.872,31.0,1460.0,7.1,74.0,3.1,240.0,9.2,0.12,0,8,9,1.4345,78.2825,25.3302,61.7601,5.318,1.1521,1.7768,0.553,80.8919,5.3892,0.3378,0.3239,1,synthetic
2024-08-19T10:00:00,442,kv-02,Dhanpur,24.737,77.864,345.194,802.529,99.5,4.189,3.5,63.842,31.0,1460.0,7.1,74.0,3.1,240.0,9.2,0.12,0,8,10,1.4345,76.4295,24.1316,60.7858,5.2884,1.1249,1.8227,0.689,78.9771,5.5284,0.3378,0.3323,1,synthetic
2024-08-19T11:00:00,443,kv-02,Dhanpur,23.346,74.429,342.881,822.418,99.5,4.264,3.5,65.516,31.0,1460.0,7.1,74.0,3.1,240.0,9.2,0.12,0,8,11,1.4345,72.9945,21.9535,58.9341,5.2596,1.0743,1.8479,0.764,75.4276,5.605,0.3378,0.3369,1,synthetic
2024-08-19T12:00:00,444,kv-02,Dhanpur,19.539,67.622,339.397,838.447,99.5,4.226,3.5,64.669,31.0,1460.0,7.1,74.0,3.1,240.0,9.2,0.12,1,8,12,1.4345,66.1875,17.8208,55.1598,5.2163,0.9741,1.8351,0.726,68.3937,7.5144,0.3378,0.3346,1,synthetic
2024-08-19T13:00:00,445,kv-02,Dhanpur,16.149,59.033,335.682,840.027,99.5,4.105,3.5,62.003,31.0,1460.0,7.1,74.0,3.1,240.0,9.2,0.12,0,8,13,1.4345,57.5985,13.0045,50.3064,5.17,0.8477,1.7943,0.605,59.5184,5.4425,0.3378,0.3271,1,synthetic
2024-08-19T14:00:00,446,kv-02,Dhanpur,12.82,48.508,332.288,850.274,99.5,3.917,3.5,57.933,31.0,1460.0,7.1,74.0,3.1,240.0,9.2,0.12,0,8,14,1.4345,47.0735,7.8397,44.4544,5.1278,0.6928,1.7306,0.417,48.6426,5.2492,0.3378,0.3155,1,synthetic
2024-08-19T15:00:00,447,kv-02,Dhanpur,9.597,38.566,329.423,857.541,99.5,3.676,3.5,52.835,31.0,1460.0,7.1,74.0,3.1,240.0,9.2,0.12,1,8,15,1.4345,37.1315,3.9033,38.9243,5.0922,0.5465,1.6482,0.176,38.3692,6.7489,0.3378,0.3005,1,synthetic
2024-08-19T16:00:00,448,kv-02,Dhanpur,6.576,28.993,326.894,862.331,99.5,3.395,3.5,47.078,31.0,1460.0,7.1,74.0,3.1,240.0,9.2,0.12,0,8,16,1.4345,27.5585,1.2372,33.5942,5.0607,0.4056,1.5509,-0.105,28.4771,4.7042,0.3378,0.2828,0,synthetic
2024-08-19T17:00:00,449,kv-02,Dhanpur,3.864,20.037,325.215,864.663,99.5,3.087,3.5,41.012,31.0,1460.0,7.1,74.0,3.1,240.0,9.2,0.12,0,8,17,1.4345,18.6025,0.0524,28.6201,5.0399,0.2738,1.4427,-0.413,19.2226,4.3759,0.3378,0.263,0,synthetic
2024-08-19T18:00:00,450,kv-02,Dhanpur,2.103,12.542,324.167,865.807,99.5,2.779,3.5,35.219,31.0,1460.0,7.1,74.0,3.1,240.0,9.2,0.12,1,8,18,1.4345,11.1075,0.0,24.4657,5.0268,0.1635,1.3324,-0.721,11.4777,5.456,0.3378,0.2429,0,synthetic
2024-08-19T19:00:00,451,kv-02,Dhanpur,0.849,6.816,323.871,865.612,99.5,2.483,3.5,29.911,31.0,1460.0,7.1,74.0,3.1,240.0,9.2,0.12,0,8,19,1.4345,5.3815,0.0,21.304,5.0231,0.0792,1.2241,-1.017,5.5609,3.7129,0.3378,0.2232,0,synthetic
2024-08-19T20:00:00,452,kv-02,Dhanpur,0.212,3.164,323.748,865.215,99.417,2.218,3.5,25.395,31.0,1460.0,7.1,74.0,3.1,240.0,9.2,0.12,0,8,20,1.4411,1.7229,0.0,19.2883,5.0174,0.0253,1.1247,-1.282,1.7803,3.4114,0.3939,0.2051,0,synthetic
2024-08-19T21:00:00,453,kv-02,Dhanpur,0.558,1.619,323.629,865.026,99.5,1.992,3.5,21.723,31.0,1460.0,7.1,74.0,3.1,240.0,9.2,0.12,0,8,21,1.4345,0.1845,0.0,18.4329,5.0201,0.0027,1.0376,-1.508,0.1906,3.1473,0.3378,0.1892,0,synthetic
2024-08-19T22:00:00,454,kv-02,Dhanpur,1.139,1.908,322.313,864.94,99.5,1.808,3.5,18.878,31.0,1460.0,7.1,74.0,3.1,240.0,9.2,0.12,1,8,22,1.4345,0.4735,0.0,18.542,5.0038,0.007,0.965,-1.692,0.4893,3.9515,0.3378,0.1759,0,synthetic
2024-08-19T23:00:00,455,kv-02,Dhanpur,2.382,4.079,320.897,865.482,99.5,1.679,3.5,16.965,31.0,1460.0,7.1,74.0,3.1,240.0,9.2,0.12,1,8,23,1.4345,2.6445,0.0,19.6864,4.9862,0.0389,0.913,-1.821,2.7326,3.7384,0.3378,0.1665,0,synthetic
2024-08-20T00:00:00,456,kv-02,Dhanpur,3.7,7.221,317.724,866.726,99.5,1.601,3.5,15.828,31.0,1460.0,7.1,74.0,3.1,240.0,9.2,0.12,0,8,0,1.4345,5.7865,0.0,21.3032,4.9467,0.0852,0.8809,-1.899,5.9794,2.6719,0.3378,0.1606,0,synthetic
2024-08-20T01:00:00,457,kv-02,Dhanpur,5.462,11.544,312.926,868.859,99.5,1.578,3.5,15.502,31.0,1460.0,7.1,74.0,3.1,240.0,9.2,0.12,1,8,1,1.4345,10.1095,0.0,23.5143,4.887,0.1488,0.8714,-1.922,10.4465,3.5681,0.3378,0.1589,0,synthetic
2024-08-20T02:00:00,458,kv-02,Dhanpur,7.544,16.706,306.85,871.519,99.5,1.613,3.5,15.999,31.0,1460.0,7.1,74.0,3.1,240.0,9.2,0.12,0,8,2,1.4345,15.2715,0.0,26.1422,4.8114,0.2248,0.8858,-1.887,15.7805,2.6869,0.3378,0.1615,0,synthetic
2024-08-20T03:00:00,459,kv-02,Dhanpur,8.944,21.95,298.406,874.088,99.5,1.68,3.5,16.981,31.0,1460.0,7.1,74.0,3.1,240.0,9.2,0.12,1,8,3,1.4345,20.5155,0.1802,28.7258,4.7064,0.3019,0.9134,-1.82,21.1993,3.7401,0.3378,0.1665,0,synthetic
2024-08-20T04:00:00,460,kv-02,Dhanpur,10.093,26.581,287.963,876.458,99.5,1.771,3.5,18.317,31.0,1460.0,7.1,74.0,3.1,240.0,9.2,0.12,0,8,4,1.4345,25.1465,0.7783,30.896,4.5765,0.3701,0.9501,-1.729,25.9847,2.8819,0.3378,0.1732,0,synthetic
2024-08-20T05:00:00,461,kv-02,Dhanpur,11.593,30.629,276.373,878.529,99.5,1.89,3.5,20.128,31.0,1460.0,7.1,74.0,3.1,240.0,9.2,0.12,1,8,5,1.4345,29.1945,1.601,32.7007,4.4324,0.4297,0.9976,-1.61,30.1676,4.0849,0.3378,0.1819,0,synthetic
2024-08-20T06:00:00,462,kv-02,Dhanpur,11.425,33.111,262.348,865.203,99.5,1.99,3.5,21.694,31.0,1460.0,7.1,74.0,3.1,240.0,9.2,0.12,0,8,6,1.4345,31.6765,2.229,33.4566,4.258,0.4662,1.0369,-1.51,32.7324,3.145,0.3378,0.189,0,synthetic
2024-08-20T07:00:00,463,kv-02,Dhanpur,11.73,34.748,247.488,865.098,99.5,2.086,3.5,23.226,31.0,1460.0,7.1,74.0,3.1,240.0,9.2,0.12,0,8,7,1.4345,33.3135,2.6906,33.7991,4.0731,0.4903,1.0741,-1.414,34.4239,3.2579,0.3378,0.1958,0,synthetic
2024-08-20T08:00:00,464,kv-02,Dhanpur,11.579,34.734,232.285,863.8,99.5,2.166,3.5,24.527,31.0,1460.0,7.1,74.0,3.1,240.0,9.2,0.12,1,8,8,1.4345,33.2995,2.6865,33.2131,3.884,0.4901,1.1048,-1.334,34.4095,4.524,0.3378,0.2014,0,synthetic
2024-08-20T09:00:00,465,kv-02,Dhanpur,10.67,33.978,216.609,861.17,99.5,2.211,3.5,25.282,31.0,1460.0,7.1,74.0,3.1,240.0,9.2,0.12,1,8,9,1.4345,32.5435,2.4689,32.193,3.6891,0.479,1.122,-1.289,33.6283,4.5945,0.3378,0.2046,0,synthetic
2024-08-20T10:00:00,466,kv-02,Dhanpur,9.755,32.003,201.627,857.318,99.5,2.227,3.5,25.544,31.0,1460.0,7.1,74.0,3.1,240.0,9.2,0.12,0,8,10,1.4345,30.5685,1.9376,30.5209,3.5027,0.4499,1.1281,-1.273,31.5874,3.4217,0.3378,0.2057,0,synthetic
2024-08-20T11:00:00,467,kv-02,Dhanpur,8.644,29.068,186.924,852.844,99.5,2.211,3.5,25.284,31.0,1460.0,7.1,74.0,3.1,240.0,9.2,0.12,0,8,11,1.4345,27.6335,1.2529,28.3273,3.3199,0.4067,1.1221,-1.289,28.5546,3.4034,0.3378,0.2046,0,synthetic
2024-08-20T12:00:00,468,kv-02,Dhanpur,15.942,34.34,183.327,835.505,99.5,2.39,3.5,28.304,31.0,1460.0,7.1,74.0,3.1,240.0,9.2,0.12,0,8,12,1.4345,32.9055,2.5721,30.9837,3.2751,0.4843,1.1895,-1.11,34.0023,3.608,0.3378,0.2169,0,synthetic
2024-08-20T13:00:00,469,kv-02,Dhanpur,5.61,30.195,172.789,830.264,99.5,2.273,3.5,26.316,31.0,1460.0,7.1,74.0,3.1,240.0,9.2,0.12,0,8,13,1.4345,28.7605,1.5005,28.276,3.1441,0.4233,1.1455,-1.227,29.7192,3.4746,0.3378,0.2089,0,synthetic
2024-08-20T14:00:00,470,kv-02,Dhanpur,4.361,25.913,164.329,825.331,99.5,2.139,3.5,24.087,31.0,1460.0,7.1,74.0,3.1,240.0,9.2,0.12,0,8,14,1.4345,24.4785,0.6683,25.5728,3.0388,0.3603,1.0945,-1.361,25.2944,3.3198,0.3378,0.1996,0,synthetic
2024-08-20T15:00:00,471,kv-02,Dhanpur,3.207,13.178,157.939,820.818,99.5,1.991,3.5,21.713,31.0,1460.0,7.1,74.0,3.1,240.0,9.2,0.12,0,8,15,1.4345,11.7435,0.0,18.3007,2.9594,0.1728,1.0373,-1.509,12.1349,3.1463,0.3378,0.1891,0,synthetic
2024-08-20T16:00:00,472,kv-02,Dhanpur,2.161,9.729,153.524,817.461,99.5,1.834,3.5,19.28,31.0,1460.0,7.1,74.0,3.1,240.0,9.2,0.12,0,8,16,1.4345,8.2945,0.0,16.2172,2.9045,0.1221,0.9754,-1.666,8.571,2.9587,0.3378,0.1778,0,synthetic
2024-08-20T17:00:00,473,kv-02,Dhanpur,1.395,6.763,151.056,815.161,99.5,1.677,3.5,16.924,31.0,1460.0,7.1,74.0,3.1,240.0,9.2,0.12,1,8,17,1.4345,5.3285,0.0,14.479,2.8738,0.0784,0.9121,-1.823,5.5061,3.7347,0.3378,0.1663,0,synthetic
2024-08-20T18:00:00,474,kv-02,Dhanpur,0.897,4.453,149.85,813.508,99.5,1.525,3.5,14.745,31.0,1460.0,7.1,74.0,3.1,240.0,9.2,0.12,1,8,18,1.4345,3.0185,0.0,13.153,2.8588,0.0444,0.8492,-1.975,3.1191,3.4772,0.3378,0.1548,0,synthetic
2024-08-20T19:00:00,475,kv-02,Dhanpur,0.343,2.636,149.344,812.5,99.489,1.38,3.5,12.764,31.0,1460.0,7.1,74.0,3.1,240.0,9.2,0.12,0,8,19,1.4354,1.2006,0.0,12.1283,2.8522,0.0177,0.7876,-2.12,1.2406,2.3889,0.3453,0.1436,0,synthetic
2024-08-20T20:00:00,476,kv-02,Dhanpur,0.392,1.632,149.525,812.167,99.5,1.253,3.5,11.089,31.0,1460.0,7.1,74.0,3.1,240.0,9.2,0.12,0,8,20,1.4345,0.1975,0.0,11.5808,2.8547,0.0029,0.7318,-2.247,0.2041,2.2198,0.3378,0.1334,0,synthetic
2024-08-20T21:00:00,477,kv-02,Dhanpur,0.298,1.034,149.265,811.661,99.465,1.138,3.5,9.648,31.0,1460.0,7.1,74.0,3.1,240.0,9.2,0.12,0,8,21,1.034,0.0,0.0,11.239,2.8505,0.0,0.6799,-2.362,0.0,2.0624,0.3615,0.124,0,synthetic
2024-08-20T22:00:00,478,kv-02,Dhanpur,0.327,1.017,148.453,810.171,99.445,1.036,3.5,8.418,31.0,1460.0,7.1,74.0,3.1,240.0,9.2,0.12,0,8,22,1.017,0.0,0.0,11.1899,2.8398,0.0,0.6324,-2.464,0.0,1.9181,0.375,0.1153,0,synthetic
2024-08-20T23:00:00,479,kv-02,Dhanpur,0.587,1.212,146.658,807.443,99.5,0.947,3.5,7.391,31.0,1460.0,7.1,74.0,3.1,240.0,9.2,0.12,0,8,23,1.212,0.0,0.0,11.2128,2.8191,0.0,0.5896,-2.553,0.0,1.7885,0.3378,0.1075,0,synthetic
2024-08-21T00:00:00,480,kv-02,Dhanpur,1.162,2.076,144.12,802.829,99.5,0.881,3.5,6.662,31.0,1460.0,7.1,74.0,3.1,240.0,9.2,0.12,1,8,0,1.4345,0.6415,0.0,11.564,2.7875,0.0094,0.5572,-2.619,0.6629,2.2814,0.3378,0.1016,0,synthetic
2024-08-21T01:00:00,481,kv-02,Dhanpur,1.377,3.126,140.034,795.646,99.5,0.828,3.5,6.087,31.0,1460.0,7.1,74.0,3.1,240.0,9.2,0.12,0,8,1,1.4345,1.6915,0.0,11.9434,2.7367,0.0249,0.5303,-2.672,1.7479,1.6085,0.3378,0.0967,0,synthetic
2024-08-21T02:00:00,482,kv-02,Dhanpur,1.806,4.344,134.296,785.351,99.5,0.792,3.5,5.701,31.0,1460.0,7.1,74.0,3.1,240.0,9.2,0.12,0,8,2,1.4345,2.9095,0.0,12.3337,2.6653,0.0428,0.5116,-2.708,3.0065,1.5518,0.3378,0.0933,0,synthetic
2024-08-21T03:00:00,483,kv-02,Dhanpur,2.164,5.346,127.515,772.248,99.5,0.768,3.5,5.456,31.0,1460.0,7.1,74.0,3.1,240.0,9.2,0.12,1,8,3,1.4345,3.9115,0.0,12.5487,2.581,0.0576,0.4992,-2.732,4.0419,2.044,0.3378,0.091,0,synthetic
2024-08-21T04:00:00,484,kv-02,Dhanpur,2.294,6.263,119.716,755.567,99.5,0.75,3.5,5.273,31.0,1460.0,7.1,74.0,3.1,240.0,9.2,0.12,1,8,4,1.4345,4.8285,0.0,12.6563,2.484,0.0711,0.4897,-2.75,4.9894,2.0053,0.3378,0.0893,0,synthetic
2024-08-21T05:00:00,485,kv-02,Dhanpur,2.404,6.861,110.527,736.224,99.5,0.737,3.5,5.139,31.0,1460.0,7.1,74.0,3.1,240.0,9.2,0.12,1,8,5,1.4345,5.4265,0.0,12.5197,2.3697,0.0799,0.4828,-2.763,5.6074,1.9768,0.3378,0.088,0,synthetic
2024-08-21T06:00:00,486,kv-02,Dhanpur,2.663,7.36,101.764,714.364,99.5,0.732,3.5,5.088,31.0,1460.0,7.1,74.0,3.1,240.0,9.2,0.12,1,8,6,1.4345,5.9255,0.0,12.3289,2.2607,0.0872,0.4801,-2.768,6.123,1.9659,0.3378,0.0875,0,synthetic
2024-08-21T07:00:00,487,kv-02,Dhanpur,2.586,7.652,92.621,690.371,99.5,0.725,3.5,5.021,31.0,1460.0,7.1,74.0,3.1,240.0,9.2,0.12,0,8,7,1.4345,6.2175,0.0,11.9967,2.147,0.0915,0.4764,-2.775,6.4247,1.4451,0.3378,0.0869,0,synthetic
2024-08-21T08:00:00,488,kv-02,Dhanpur,2.687,7.935,83.729,665.419,99.5,0.722,3.5,4.987,31.0,1460.0,7.1,74.0,3.1,240.0,9.2,0.12,1,8,8,1.4345,6.5005,0.0,11.663,2.0364,0.0957,0.4747,-2.778,6.7172,1.9439,0.3378,0.0866,0,synthetic
2024-08-21T09:00:00,489,kv-02,Dhanpur,2.23,7.503,75.289,639.474,99.5,0.707,3.5,4.837,31.0,1460.0,7.1,74.0,3.1,240.0,9.2,0.12,1,8,9,1.4345,6.0685,0.0,10.9467,1.9314,0.0893,0.4666,-2.793,6.2708,1.9107,0.3378,0.0851,0,synthetic
2024-08-21T10:00:00,490,kv-02,Dhanpur,2.027,6.944,67.562,614.382,99.5,0.688,3.5,4.65,31.0,1460.0,7.1,74.0,3.1,240.0,9.2,0.12,0,8,10,1.4345,5.5095,0.0,10.1927,1.8353,0.0811,0.4563,-2.812,5.6931,1.3841,0.3378,0.0832,0,synthetic
2024-08-21T11:00:00,491,kv-02,Dhanpur,2.075,6.333,60.993,590.798,99.5,0.672,3.5,4.495,31.0,1460.0,7.1,74.0,3.1,240.0,9.2,0.12,0,8,11,1.4345,4.8985,0.0,9.4629,1.7536,0.0721,0.4476,-2.828,5.0618,1.3576,0.3378,0.0816,0,synthetic
2024-08-21T12:00:00,492,kv-02,Dhanpur,1.382,5.484,46.433,569.157,99.5,0.639,3.5,4.181,31.0,1460.0,7.1,74.0,3.1,240.0,9.2,0.12,1,8,12,1.4345,4.0495,0.0,8.3147,1.5725,0.0596,0.4293,-2.861,4.1845,1.758,0.3378,0.0783,0,synthetic
2024-08-21T13:00:00,493,kv-02,Dhanpur,1.382,4.839,42.206,550.676,99.5,0.61,3.5,3.904,31.0,1460.0,7.1,74.0,3.1,240.0,9.2,0.12,0,8,13,1.4345,3.4045,0.0,7.6859,1.5199,0.0501,0.4128,-2.89,3.518,1.2521,0.3378,0.0753,0,synthetic
2024-08-21T14:00:00,494,kv-02,Dhanpur,1.357,4.121,39.202,535.819,99.5,0.582,3.5,3.651,31.0,1460.0,7.1,74.0,3.1,240.0,9.2,0.12,0,8,14,1.4345,2.6865,0.0,7.0855,1.4826,0.0395,0.3968,-2.918,2.776,1.2037,0.3378,0.0724,0,synthetic
2024-08-21T15:00:00,495,kv-02,Dhanpur,0.643,3.382,36.638,523.999,99.5,0.538,3.5,3.26,31.0,1460.0,7.1,74.0,3.1,240.0,9.2,0.12,0,8,15,1.4345,1.9475,0.0,6.509,1.4507,0.0287,0.3711,-2.962,2.0124,1.1256,0.3378,0.0677,0,synthetic
2024-08-21T16:00:00,496,kv-02,Dhanpur,0.721,2.721,35.198,515.616,99.5,0.501,3.5,2.935,31.0,1460.0,7.1,74.0,3.1,240.0,9.2,0.12,0,8,16,1.4345,1.2865,0.0,6.0391,1.4328,0.0189,0.3486,-2.999,1.3294,1.0574,0.3378,0.0636,0,synthetic
2024-08-21T17:00:00,497,kv-02,Dhanpur,0.416,1.78,34.219,510.49,99.5,0.462,3.5,2.612,31.0,1460.0,7.1,74.0,3.1,240.0,9.2,0.12,0,8,17,1.4345,0.3455,0.0,5.4528,1.4206,0.0051,0.3246,-3.038,0.357,0.9847,0.3378,0.0592,0,synthetic
2024-08-21T18:00:00,498,kv-02,Dhanpur,1.114,2.251,34.436,508.453,99.5,0.442,3.5,2.447,31.0,1460.0,7.1,74.0,3.1,240.0,9.2,0.12,0,8,18,1.4345,0.8165,0.0,5.7072,1.4233,0.012,0.3119,-3.058,0.8437,0.9461,0.3378,0.0569,0,synthetic
2024-08-21T19:00:00,499,kv-02,Dhanpur,0.067,1.596,34.159,507.374,99.337,0.405,3.5,2.157,31.0,1460.0,7.1,74.0,3.1,240.0,9.2,0.12,1,8,19,1.4474,0.1486,0.0,5.3299,1.4175,0.0022,0.2882,-3.095,0.1535,1.1799,0.448,0.0525,0,synthetic
2024-08-21T20:00:00,500,kv-02,Dhanpur,0.246,1.426,34.013,507.286,99.273,0.373,3.5,1.916,31.0,1460.0,7.1,74.0,3.1,240.0,9.2,0.12,0,8,20,1.426,0.0,0.0,5.2303,1.4148,0.0,0.2671,-3.127,0.0,0.8102,0.4912,0.0487,0,synthetic
2024-08-21T21:00:00,501,kv-02,Dhanpur,0.002,0.314,33.716,506.61,99.075,0.342,3.5,1.687,31.0,1460.0,7.1,74.0,3.1,240.0,9.2,0.12,0,8,21,0.314,0.0,0.0,4.6034,1.4083,0.0,0.246,-3.158,0.0,0.7461,0.625,0.0448,0,synthetic
2024-08-21T22:00:00,502,kv-02,Dhanpur,0.2,0.448,33.59,504.356,98.986,0.315,3.5,1.5,31.0,1460.0,7.1,74.0,3.1,240.0,9.2,0.12,1,8,22,0.448,0.0,0.0,4.6582,1.4055,0.0,0.2274,-3.185,0.0,0.9313,0.6851,0.0415,0,synthetic
2024-08-21T23:00:00,503,kv-02,Dhanpur,0.895,1.098,33.898,501.453,99.142,0.302,3.5,1.409,31.0,1460.0,7.1,74.0,3.1,240.0,9.2,0.12,0,8,23,1.098,0.0,0.0,5.0092,1.4115,0.0,0.2182,-3.198,0.0,0.6617,0.5797,0.0398,0,synthetic
2024-08-22T00:00:00,504,kv-02,Dhanpur,0.454,1.55,33.19,495.035,99.193,0.281,3.5,1.272,31.0,1460.0,7.1,74.0,3.1,240.0,9.2,0.12,0,8,0,1.4588,0.0912,0.0,5.1911,1.4035,0.0013,0.2034,-3.219,0.0942,0.6169,0.5453,0.0371,0,synthetic
2024-08-22T01:00:00,505,kv-02,Dhanpur,0.86,2.21,32.674,485.635,99.346,0.27,3.5,1.199,31.0,1460.0,7.1,74.0,3.1,240.0,9.2,0.12,1,8,1,1.4467,0.7633,0.0,5.476,1.3992,0.0112,0.1953,-3.23,0.7887,0.7999,0.4419,0.0356,0,synthetic
2024-08-22T02:00:00,506,kv-02,Dhanpur,1.349,2.663,32.217,473.363,99.497,0.273,3.5,1.217,31.0,1460.0,7.1,74.0,3.1,240.0,9.2,0.12,1,8,2,1.4348,1.2282,0.0,5.6313,1.3957,0.0181,0.1974,-3.227,1.2692,0.8084,0.3399,0.036,0,synthetic
2024-08-22T03:00:00,507,kv-02,Dhanpur,2.039,4.248,32.093,458.014,99.5,0.294,3.5,1.353,31.0,1460.0,7.1,74.0,3.1,240.0,9.2,0.12,0,8,3,1.4345,2.8135,0.0,6.4025,1.3942,0.0414,0.2124,-3.206,2.9073,0.6441,0.3378,0.0387,0,synthetic
2024-08-22T04:00:00,508,kv-02,Dhanpur,2.171,5.559,31.971,439.65,99.5,0.316,3.5,1.506,31.0,1460.0,7.1,74.0,3.1,240.0,9.2,0.12,0,8,4,1.4345,4.1245,0.0,7.0042,1.3926,0.0607,0.2281,-3.184,4.262,0.6918,0.3378,0.0416,0,synthetic
2024-08-22T05:00:00,509,kv-02,Dhanpur,2.545,6.755,32.112,419.012,99.5,0.346,3.5,1.72,31.0,1460.0,7.1,74.0,3.1,240.0,9.2,0.12,0,8,5,1.4345,5.3205,0.0,7.5383,1.3944,0.0783,0.249,-3.154,5.4978,0.7551,0.3378,0.0454,0,synthetic
2024-08-22T06:00:00,510,kv-02,Dhanpur,3.378,8.094,32.827,396.939,99.5,0.396,3.5,2.089,31.0,1460.0,7.1,74.0,3.1,240.0,9.2,0.12,1,8,6,1.4345,6.6595,0.0,8.1636,1.4033,0.098,0.2823,-3.104,6.8815,1.156,0.3378,0.0515,0,synthetic
2024-08-22T07:00:00,511,kv-02,Dhanpur,3.743,9.666,33.984,374.092,99.5,0.451,3.5,2.522,31.0,1460.0,7.1,74.0,3.1,240.0,9.2,0.12,0,8,7,1.4345,8.2315,0.0,8.9288,1.4177,0.1211,0.3177,-3.049,8.5059,0.9637,0.3378,0.0579,0,synthetic
2024-08-22T08:00:00,512,kv-02,Dhanpur,4.055,11.176,35.353,351.366,99.5,0.509,3.5,3.008,31.0,1460.0,7.1,74.0,3.1,240.0,9.2,0.12,1,8,8,1.4345,9.7415,0.0,9.6686,1.4347,0.1434,0.3537,-2.991,10.0662,1.4482,0.3378,0.0645,0,synthetic
2024-08-22T09:00:00,513,kv-02,Dhanpur,4.339,12.137,37.461,329.359,99.5,0.57,3.5,3.539,31.0,1460.0,7.1,74.0,3.1,240.0,9.2,0.12,1,8,9,1.4345,10.7025,0.0,10.1386,1.4609,0.1575,0.3898,-2.93,11.0592,1.596,0.3378,0.0711,0,synthetic
2024-08-22T10:00:00,514,kv-02,Dhanpur,4.684,13.078,40.118,309.306,99.5,0.634,3.5,4.13,31.0,1460.0,7.1,74.0,3.1,240.0,9.2,0.12,0,8,10,1.4345,11.6435,0.0,10.6305,1.494,0.1714,0.4264,-2.866,12.0316,1.2934,0.3378,0.0777,0,synthetic
2024-08-22T11:00:00,515,kv-02,Dhanpur,4.853,13.875,42.895,290.813,99.5,0.696,3.5,4.733,31.0,1460.0,7.1,74.0,3.1,240.0,9.2,0.12,1,8,11,1.4345,12.4405,0.0,11.0574,1.5285,0.1831,0.4608,-2.804,12.8552,1.8868,0.3378,0.084,0,synthetic
2024-08-22T12:00:00,516,kv-02,Dhanpur,4.605,14.142,46.118,275.879,99.5,0.746,3.5,5.234,31.0,1460.0,7.1,74.0,3.1,240.0,9.2,0.12,0,8,12,1.4345,12.7075,0.0,11.2318,1.5686,0.187,0.4876,-2.754,13.1311,1.4791,0.3378,0.0889,0,synthetic
2024-08-22T13:00:00,517,kv-02,Dhanpur,4.42,13.878,49.156,264.15,99.5,0.787,3.5,5.649,31.0,1460.0,7.1,74.0,3.1,240.0,9.2,0.12,0,8,13,1.4345,12.4435,0.0,11.1272,1.6064,0.1831,0.509,-2.713,12.8583,1.544,0.3378,0.0928,0,synthetic
2024-08-22T14:00:00,518,kv-02,Dhanpur,3.564,12.589,51.362,254.894,99.5,0.801,3.5,5.794,31.0,1460.0,7.1,74.0,3.1,240.0,9.2,0.12,1,8,14,1.4345,11.1545,0.0,10.4431,1.6338,0.1642,0.5163,-2.699,11.5263,2.114,0.3378,0.0941,0,synthetic
2024-08-22T15:00:00,519,kv-02,Dhanpur,2.92,10.903,53.639,248.216,99.5,0.796,3.5,5.747,31.0,1460.0,7.1,74.0,3.1,240.0,9.2,0.12,0,8,15,1.4345,9.4685,0.0,9.5595,1.6621,0.1394,0.5138,-2.704,9.7841,1.5584,0.3378,0.0937,0,synthetic
2024-08-22T16:00:00,520,kv-02,Dhanpur,2.14,8.624,55.058,243.781,99.5,0.771,3.5,5.491,31.0,1460.0,7.1,74.0,3.1,240.0,9.2,0.12,1,8,16,1.4345,7.1895,0.0,8.3315,1.6798,0.1058,0.5008,-2.729,7.4291,2.0508,0.3378,0.0913,0,synthetic
2024-08-22T17:00:00,521,kv-02,Dhanpur,2.051,7.111,56.693,241.968,99.5,0.747,3.5,5.239,31.0,1460.0,7.1,74.0,3.1,240.0,9.2,0.12,1,8,17,1.4345,5.6765,0.0,7.5493,1.7001,0.0835,0.4881,-2.753,5.8657,1.9985,0.3378,0.089,0,synthetic
2024-08-22T18:00:00,522,kv-02,Dhanpur,1.145,5.337,56.725,241.011,99.5,0.701,3.5,4.777,31.0,1460.0,7.1,74.0,3.1,240.0,9.2,0.12,0,8,18,1.4345,3.9025,0.0,6.5689,1.7005,0.0574,0.4634,-2.799,4.0326,1.4055,0.3378,0.0845,0,synthetic
2024-08-22T19:00:00,523,kv-02,Dhanpur,0.387,3.583,57.045,240.548,99.5,0.643,3.5,4.218,31.0,1460.0,7.1,74.0,3.1,240.0,9.2,0.12,0,8,19,1.4345,2.1485,0.0,5.6133,1.7045,0.0316,0.4315,-2.857,2.2201,1.3089,0.3378,0.0787,0,synthetic
2024-08-22T20:00:00,524,kv-02,Dhanpur,19.506,21.038,76.305,259.842,99.5,1.091,3.5,9.08,31.0,1460.0,7.1,74.0,3.1,240.0,9.2,0.12,1,8,20,1.4345,19.6035,0.11,16.0564,1.944,0.2885,0.6583,-2.409,20.2569,2.6956,0.3378,0.12,0,synthetic
2024-08-22T21:00:00,525,kv-02,Dhanpur,0.365,20.257,76.668,259.649,99.5,0.994,3.5,7.935,31.0,1460.0,7.1,74.0,3.1,240.0,9.2,0.12,0,8,21,1.4345,18.8225,0.0633,15.6392,1.9486,0.277,0.6125,-2.506,19.4499,1.8578,0.3378,0.1117,0,synthetic
2024-08-22T22:00:00,526,kv-02,Dhanpur,0.71,20.581,77.177,259.22,99.5,0.912,3.5,7.002,31.0,1460.0,7.1,74.0,3.1,240.0,9.2,0.12,1,8,22,1.4345,19.1465,0.0812,15.8338,1.9549,0.2818,0.5725,-2.588,19.7847,2.3443,0.3378,0.1044,0,synthetic
2024-08-22T23:00:00,527,kv-02,Dhanpur,1.699,2.774,77.981,258.537,99.5,0.864,3.5,6.477,31.0,1460.0,7.1,74.0,3.1,240.0,9.2,0.12,1,8,23,1.4345,1.3395,0.0,6.0658,1.9649,0.0197,0.5486,-2.636,1.3841,2.2465,0.3378,0.1,0,synthetic
2024-08-23T00:00:00,528,kv-02,Dhanpur,3.11,5.519,80.637,257.947,99.5,0.859,3.5,6.414,31.0,1460.0,7.1,74.0,3.1,240.0,9.2,0.12,0,8,0,1.4345,4.0845,0.0,7.6715,1.9979,0.0601,0.5459,-2.641,4.2206,1.6559,0.3378,0.0995,0,synthetic
2024-08-23T01:00:00,529,kv-02,Dhanpur,4.891,9.7,84.667,257.376,99.5,0.9,3.5,6.871,31.0,1460.0,7.1,74.0,3.1,240.0,9.2,0.12,1,8,1,1.4345,8.2655,0.0,10.1186,2.048,0.1216,0.5666,-2.6,8.541,2.3202,0.3378,0.1033,0,synthetic
2024-08-23T02:00:00,530,kv-02,Dhanpur,6.866,14.867,90.184,256.697,99.5,0.99,3.5,7.886,31.0,1460.0,7.1,74.0,3.1,240.0,9.2,0.12,1,8,2,1.4345,13.4325,0.0,13.1631,2.1167,0.1977,0.6105,-2.51,13.8802,2.5,0.3378,0.1113,0,synthetic
2024-08-23T03:00:00,531,kv-02,Dhanpur,9.001,20.758,97.147,256.755,99.5,1.127,3.5,9.516,31.0,1460.0,7.1,74.0,3.1,240.0,9.2,0.12,0,8,3,1.4345,19.3235,0.0919,16.6646,2.2033,0.2844,0.6749,-2.373,19.9676,2.0472,0.3378,0.1231,0,synthetic
2024-08-23T04:00:00,532,kv-02,Dhanpur,11.514,27.381,106.489,258.176,99.5,1.316,3.5,11.915,31.0,1460.0,7.1,74.0,3.1,240.0,9.2,0.12,0,8,4,1.4345,25.9465,0.9199,20.6665,2.3195,0.3819,0.7598,-2.184,26.8114,2.3045,0.3378,0.1385,0,synthetic
2024-08-23T05:00:00,533,kv-02,Dhanpur,13.749,34.265,117.694,260.333,99.5,1.544,3.5,15.018,31.0,1460.0,7.1,74.0,3.1,240.0,9.2,0.12,0,8,5,1.4345,32.8305,2.5506,24.8864,2.4588,0.4832,0.8572,-1.956,33.9248,2.6,0.3378,0.1563,0,synthetic
2024-08-23T06:00:00,534,kv-02,Dhanpur,15.842,41.105,130.158,264.749,99.5,1.802,3.5,18.783,31.0,1460.0,7.1,74.0,3.1,240.0,9.2,0.12,1,8,6,1.4345,39.6705,4.8076,29.1434,2.6138,0.5839,0.9626,-1.698,40.9928,3.9415,0.3378,0.1755,0,synthetic
2024-08-23T07:00:00,535,kv-02,Dhanpur,17.605,47.196,144.02,270.624,99.5,2.075,3.5,23.061,31.0,1460.0,7.1,74.0,3.1,240.0,9.2,0.12,0,8,7,1.4345,45.7615,7.2625,33.05,2.7862,0.6735,1.0699,-1.425,47.2869,3.2453,0.3378,0.1951,0,synthetic
2024-08-23T08:00:00,536,kv-02,Dhanpur,18.934,52.381,158.899,277.98,99.5,2.351,3.5,27.625,31.0,1460.0,7.1,74.0,3.1,240.0,9.2,0.12,0,8,8,1.4345,50.9465,9.6342,36.5056,2.9713,0.7498,1.1749,-1.149,52.6447,3.5635,0.3378,0.2142,0,synthetic
2024-08-23T09:00:00,537,kv-02,Dhanpur,19.488,56.027,174.048,286.798,99.5,2.605,3.5,32.061,31.0,1460.0,7.1,74.0,3.1,240.0,9.2,0.12,1,8,9,1.4345,54.5925,11.4391,39.1341,3.1597,0.8035,1.269,-0.895,56.4122,5.1964,0.3378,0.2314,0,synthetic
2024-08-23T10:00:00,538,kv-02,Dhanpur,19.432,57.854,188.796,296.475,99.5,2.823,3.5,36.032,31.0,1460.0,7.1,74.0,3.1,240.0,9.2,0.12,0,8,10,1.4345,56.4195,12.3826,40.7525,3.3432,0.8304,1.3483,-0.677,58.3001,4.0897,0.3378,0.2458,0,synthetic
2024-08-23T11:00:00,539,kv-02,Dhanpur,33.145,72.065,217.088,320.977,99.5,3.373,3.5,46.633,31.0,1460.0,7.1,74.0,3.1,240.0,9.2,0.12,0,8,11,1.4345,70.6305,20.4895,49.7827,3.695,1.0395,1.5432,-0.127,72.9848,4.6809,0.3378,0.2814,0,synthetic
2024-08-23T12:00:00,540,kv-02,Dhanpur,17.322,69.9,229.806,322.358,99.5,3.423,3.5,47.646,31.0,1460.0,7.1,74.0,3.1,240.0,9.2,0.12,0,8,12,1.4345,68.4655,19.1751,49.0775,3.8532,1.0077,1.5607,-0.077,70.7477,4.7338,0.3378,0.2845,0,synthetic
2024-08-23T13:00:00,541,kv-02,Dhanpur,15.198,65.665,240.584,331.945,99.5,3.41,3.5,47.373,31.0,1460.0,7.1,74.0,3.1,240.0,9.2,0.12,1,8,13,1.4345,64.2305,16.6818,47.2123,3.9873,0.9453,1.5561,-0.09,66.3715,6.372,0.3378,0.2837,0,synthetic
2024-08-23T14:00:00,542,kv-02,Dhanpur,12.603,45.123,249.622,340.187,99.5,3.33,3.5,45.772,31.0,1460.0,7.1,74.0,3.1,240.0,9.2,0.12,0,8,14,1.4345,43.6885,6.3844,36.3046,4.0997,0.643,1.5282,-0.17,45.1448,4.6353,0.3378,0.2786,0,synthetic
2024-08-23T15:00:00,543,kv-02,Dhanpur,10.176,37.976,256.879,347.156,99.5,3.198,3.5,43.175,31.0,1460.0,7.1,74.0,3.1,240.0,9.2,0.12,1,8,15,1.4345,36.5415,3.704,32.6895,4.1899,0.5378,1.4819,-0.302,37.7595,6.0682,0.3378,0.2702,0,synthetic
2024-08-23T16:00:00,544,kv-02,Dhanpur,6.951,29.729,261.69,351.946,99.5,3.002,3.5,39.382,31.0,1460.0,7.1,74.0,3.1,240.0,9.2,0.12,0,8,16,1.4345,28.2945,1.3957,28.364,4.2498,0.4164,1.4125,-0.498,29.2376,4.2842,0.3378,0.2575,0,synthetic
2024-08-23T17:00:00,545,kv-02,Dhanpur,4.42,21.547,264.059,354.971,99.5,2.768,3.5,35.009,31.0,1460.0,7.1,74.0,3.1,240.0,9.2,0.12,0,8,17,1.4345,20.1125,0.1472,23.9716,4.2792,0.296,1.3284,-0.732,20.7829,4.0293,0.3378,0.2422,0,synthetic
2024-08-23T18:00:00,546,kv-02,Dhanpur,2.608,13.979,265.521,356.682,99.5,2.52,3.5,30.552,31.0,1460.0,7.1,74.0,3.1,240.0,9.2,0.12,0,8,18,1.4345,12.5445,0.0,19.8748,4.2974,0.1846,1.2377,-0.98,12.9626,3.7543,0.3378,0.2257,0,synthetic
2024-08-23T19:00:00,547,kv-02,Dhanpur,0.993,8.021,266.128,357.331,99.5,2.263,3.5,26.151,31.0,1460.0,7.1,74.0,3.1,240.0,9.2,0.12,0,8,19,1.4345,6.5865,0.0,16.6247,4.305,0.0969,1.1418,-1.237,6.806,3.4632,0.3378,0.2082,0,synthetic
2024-08-23T20:00:00,548,kv-02,Dhanpur,0.445,4.046,247.067,357.385,99.5,2.03,3.5,22.331,31.0,1460.0,7.1,74.0,3.1,240.0,9.2,0.12,1,8,20,1.4345,2.6115,0.0,13.724,4.0679,0.0384,1.0525,-1.47,2.6985,4.3096,0.3378,0.1919,0,synthetic
2024-08-23T21:00:00,549,kv-02,Dhanpur,0.364,1.802,247.066,357.45,99.5,1.825,3.5,19.144,31.0,1460.0,7.1,74.0,3.1,240.0,9.2,0.12,1,8,21,1.4345,0.3675,0.0,12.4901,4.0679,0.0054,0.9719,-1.675,0.3797,3.9795,0.3378,0.1772,0,synthetic
2024-08-23T22:00:00,550,kv-02,Dhanpur,1.592,2.401,247.948,358.715,99.5,1.674,3.5,16.885,31.0,1460.0,7.1,74.0,3.1,240.0,9.2,0.12,1,8,22,1.4345,0.9665,0.0,12.8606,4.0789,0.0142,0.9109,-1.826,0.9987,3.7298,0.3378,0.1661,0,synthetic
2024-08-23T23:00:00,551,kv-02,Dhanpur,3.511,5.467,249.76,361.64,99.5,1.591,3.5,15.688,31.0,1460.0,7.1,74.0,3.1,240.0,9.2,0.12,0,8,23,1.4345,4.0325,0.0,14.6331,4.1014,0.0593,0.8768,-1.909,4.1669,2.6594,0.3378,0.1599,0,synthetic
2024-08-24T00:00:00,552,kv-02,Dhanpur,6.148,11.252,252.799,366.626,99.5,1.588,3.5,15.637,31.0,1460.0,7.1,74.0,3.1,240.0,9.2,0.12,1,8,0,1.4345,9.8175,0.0,17.96,4.1392,0.1445,0.8755,-1.912,10.1447,3.5848,0.3378,0.1596,0,synthetic
2024-08-24T01:00:00,553,kv-02,Dhanpur,9.208,18.867,257.115,374.457,99.5,1.665,3.5,16.756,31.0,1460.0,7.1,74.0,3.1,240.0,9.2,0.12,1,8,1,1.4345,17.4325,0.0115,22.359,4.1929,0.2566,0.9072,-1.835,18.0136,3.7149,0.3378,0.1654,0,synthetic
2024-08-24T02:00:00,554,kv-02,Dhanpur,12.727,28.083,262.976,385.378,99.5,1.826,3.5,19.161,31.0,1460.0,7.1,74.0,3.1,240.0,9.2,0.12,0,8,2,1.4345,26.6485,1.0529,27.7159,4.2658,0.3922,0.9723,-1.674,27.5368,2.9491,0.3378,0.1773,0,synthetic
2024-08-24T03:00:00,555,kv-02,Dhanpur,16.619,38.554,270.594,399.834,99.5,2.071,3.5,22.995,31.0,1460.0,7.1,74.0,3.1,240.0,9.2,0.12,1,8,3,1.4345,37.1195,3.8992,33.8509,4.3605,0.5463,1.0684,-1.429,38.3568,4.3748,0.3378,0.1948,0,synthetic
2024-08-24T04:00:00,556,kv-02,Dhanpur,19.767,49.113,278.847,417.307,99.5,2.369,3.5,27.938,31.0,1460.0,7.1,74.0,3.1,240.0,9.2,0.12,0,8,4,1.4345,47.6785,8.1112,40.0771,4.4632,0.7017,1.1816,-1.131,49.2678,3.5841,0.3378,0.2154,0,synthetic
2024-08-24T05:00:00,557,kv-02,Dhanpur,22.768,59.154,287.866,437.672,99.5,2.707,3.5,33.906,31.0,1460.0,7.1,74.0,3.1,240.0,9.2,0.12,0,8,5,1.4345,57.7195,13.0689,46.0651,4.5753,0.8495,1.3063,-0.793,59.6435,3.9623,0.3378,0.2382,0,synthetic
2024-08-24T06:00:00,558,kv-02,Dhanpur,24.641,67.176,296.665,459.65,99.5,3.049,3.5,40.282,31.0,1460.0,7.1,74.0,3.1,240.0,9.2,0.12,0,8,6,1.4345,65.7415,17.5592,50.9446,4.6848,0.9676,1.4292,-0.451,67.9329,4.335,0.3378,0.2606,0,synthetic
2024-08-24T07:00:00,559,kv-02,Dhanpur,41.77,89.179,320.83,498.834,99.5,3.793,3.5,55.291,31.0,1460.0,7.1,74.0,3.1,240.0,9.2,0.12,0,8,7,1.4345,87.7445,31.6865,64.1973,4.9853,1.2914,1.6883,0.293,90.6693,5.1209,0.3378,0.3078,1,synthetic
2024-08-24T08:00:00,560,kv-02,Dhanpur,26.303,92.714,328.199,522.45,99.5,4.013,3.5,60.004,31.0,1460.0,7.1,74.0,3.1,240.0,9.2,0.12,1,8,8,1.4345,91.2795,34.1531,66.5655,5.077,1.3434,1.7632,0.513,94.3221,7.2199,0.3378,0.3215,1,synthetic
2024-08-24T09:00:00,561,kv-02,Dhanpur,25.952,94.025,334.663,546.172,99.5,4.188,3.5,63.817,31.0,1460.0,7.1,74.0,3.1,240.0,9.2,0.12,0,8,9,1.4345,92.5905,35.0795,67.6772,5.1574,1.3627,1.8223,0.688,95.6768,5.5273,0.3378,0.3322,1,synthetic
2024-08-24T10:00:00,562,kv-02,Dhanpur,24.311,76.566,339.542,568.455,99.5,4.289,3.5,66.063,31.0,1460.0,7.1,74.0,3.1,240.0,9.2,0.12,0,8,10,1.4345,75.1315,23.3017,58.397,5.2181,1.1058,1.8563,0.789,77.6359,5.6304,0.3378,0.3384,1,synthetic
2024-08-24T11:00:00,563,kv-02,Dhanpur,22.725,72.988,329.121,589.105,99.5,4.33,3.5,66.995,31.0,1460.0,7.1,74.0,3.1,240.0,9.2,0.12,0,8,11,1.4345,71.5535,21.0576,56.1673,5.0884,1.0531,1.8701,0.83,73.9386,5.6722,0.3378,0.341,1,synthetic
2024-08-24T12:00:00,564,kv-02,Dhanpur,19.515,66.55,331.314,607.238,99.5,4.28,3.5,65.868,31.0,1460.0,7.1,74.0,3.1,240.0,9.2,0.12,0,8,12,1.4345,65.1155,17.194,52.822,5.1157,0.9584,1.8533,0.78,67.286,5.6212,0.3378,0.3379,1,synthetic
2024-08-24T13:00:00,565,kv-02,Dhanpur,16.641,58.881,332.757,622.497,99.5,4.163,3.5,63.267,31.0,1460.0,7.1,74.0,3.1,240.0,9.2,0.12,1,8,13,1.4345,57.4465,12.9238,48.7535,5.1337,0.8455,1.8139,0.663,59.3614,7.4274,0.3378,0.3307,1,synthetic
2024-08-24T14:00:00,566,kv-02,Dhanpur,12.86,49.016,333.014,633.999,99.5,3.966,3.5,58.979,31.0,1460.0,7.1,74.0,3.1,240.0,9.2,0.12,1,8,14,1.4345,47.5815,8.0674,43.4093,5.1369,0.7003,1.7472,0.466,49.1675,7.1545,0.3378,0.3186,1,synthetic
2024-08-24T15:00:00,567,kv-02,Dhanpur,9.448,38.949,332.287,642.805,99.5,3.713,3.5,53.599,31.0,1460.0,7.1,74.0,3.1,240.0,9.2,0.12,0,8,15,1.4345,37.5145,4.0349,37.9002,5.1278,0.5521,1.6609,0.213,38.765,5.0376,0.3378,0.3028,1,synthetic
2024-08-24T16:00:00,568,kv-02,Dhanpur,6.798,29.107,332.134,648.882,99.5,3.432,3.5,47.815,31.0,1460.0,7.1,74.0,3.1,240.0,9.2,0.12,0,8,16,1.4345,27.6725,1.2612,32.5194,5.1259,0.4073,1.5638,-0.068,28.5949,4.7432,0.3378,0.2851,1,synthetic
2024-08-24T17:00:00,569,kv-02,Dhanpur,3.932,20.178,331.646,652.397,99.5,3.12,3.5,41.642,31.0,1460.0,7.1,74.0,3.1,240.0,9.2,0.12,0,8,17,1.4345,18.7435,0.0593,27.6121,5.1198,0.2759,1.4544,-0.38,19.3683,4.4113,0.3378,0.2652,0,synthetic
2024-08-24T18:00:00,570,kv-02,Dhanpur,2.269,12.999,331.306,653.552,99.5,2.811,3.5,35.811,31.0,1460.0,7.1,74.0,3.1,240.0,9.2,0.12,1,8,18,1.4345,11.5645,0.0,23.6581,5.1156,0.1702,1.344,-0.689,11.95,5.5034,0.3378,0.245,0,synthetic
2024-08-24T19:00:00,571,kv-02,Dhanpur,1.001,7.201,331.315,654.487,99.5,2.515,3.5,30.464,31.0,1460.0,7.1,74.0,3.1,240.0,9.2,0.12,0,8,19,1.4345,5.7665,0.0,20.4754,5.1157,0.0849,1.2359,-0.985,5.9587,3.7487,0.3378,0.2253,0,synthetic
2024-08-24T20:00:00,572,kv-02,Dhanpur,0.421,3.691,331.29,654.662,99.5,2.247,3.5,25.885,31.0,1460.0,7.1,74.0,3.1,240.0,9.2,0.12,0,8,20,1.4345,2.2565,0.0,18.5451,5.1154,0.0332,1.1357,-1.253,2.3317,3.4449,0.3378,0.2071,0,synthetic
2024-08-24T21:00:00,573,kv-02,Dhanpur,0.728,2.151,331.655,655.389,99.5,2.02,3.5,22.181,31.0,1460.0,7.1,74.0,3.1,240.0,9.2,0.12,0,8,21,1.4345,0.7165,0.0,17.7163,5.12,0.0105,1.0486,-1.48,0.7404,3.1807,0.3378,0.1912,0,synthetic
2024-08-24T22:00:00,574,kv-02,Dhanpur,1.461,2.61,331.524,656.649,99.5,1.842,3.5,19.392,31.0,1460.0,7.1,74.0,3.1,240.0,9.2,0.12,0,8,22,1.4345,1.1755,0.0,17.9717,5.1183,0.0173,0.9786,-1.658,1.2147,2.9681,0.3378,0.1784,0,synthetic
2024-08-24T23:00:00,575,kv-02,Dhanpur,2.411,4.6,330.424,658.165,99.5,1.71,3.5,17.413,31.0,1460.0,7.1,74.0,3.1,240.0,9.2,0.12,0,8,23,1.4345,3.1655,0.0,19.0344,5.1046,0.0466,0.9255,-1.79,3.271,2.8073,0.3378,0.1687,0,synthetic
2024-08-25T00:00:00,576,kv-02,Dhanpur,3.835,7.707,328.111,661.546,99.5,1.631,3.5,16.266,31.0,1460.0,7.1,74.0,3.1,240.0,9.2,0.12,0,8,0,1.4345,6.2725,0.0,20.6777,5.0759,0.0923,0.8933,-1.869,6.4816,2.7095,0.3378,0.1629,0,synthetic
2024-08-25T01:00:00,577,kv-02,Dhanpur,5.542,11.788,324.445,666.227,99.5,1.607,3.5,15.917,31.0,1460.0,7.1,74.0,3.1,240.0,9.2,0.12,0,8,1,1.4345,10.3535,0.0,22.814,5.0303,0.1524,0.8834,-1.893,10.6986,2.6795,0.3378,0.1611,0,synthetic
2024-08-25T02:00:00,578,kv-02,Dhanpur,7.098,16.475,318.816,671.977,99.5,1.627,3.5,16.199,31.0,1460.0,7.1,74.0,3.1,240.0,9.2,0.12,1,8,2,1.4345,15.0405,0.0,25.2167,4.9603,0.2214,0.8916,-1.873,15.5418,3.6508,0.3378,0.1626,0,synthetic
2024-08-25T03:00:00,579,kv-02,Dhanpur,8.731,21.371,310.928,678.669,99.5,1.687,3.5,17.079,31.0,1460.0,7.1,74.0,3.1,240.0,9.2,0.12,0,8,3,1.4345,19.9365,0.1337,27.6555,4.8622,0.2934,0.9162,-1.813,20.601,2.779,0.3378,0.167,0,synthetic
2024-08-25T04:00:00,580,kv-02,Dhanpur,9.81,25.639,300.971,686.308,99.5,1.769,3.5,18.293,31.0,1460.0,7.1,74.0,3.1,240.0,9.2,0.12,1,8,4,1.4345,24.2045,0.6254,29.6773,4.7383,0.3562,0.9494,-1.731,25.0113,3.8875,0.3378,0.1731,0,synthetic
2024-08-25T05:00:00,581,kv-02,Dhanpur,11.21,29.751,289.413,694.972,99.5,1.878,3.5,19.951,31.0,1460.0,7.1,74.0,3.1,240.0,9.2,0.12,0,8,5,1.4345,28.3165,1.4006,31.5596,4.5946,0.4168,0.9929,-1.622,29.2604,3.0116,0.3378,0.181,0,synthetic
2024-08-25T06:00:00,582,kv-02,Dhanpur,11.163,32.183,275.935,702.757,99.5,1.973,3.5,21.425,31.0,1460.0,7.1,74.0,3.1,240.0,9.2,0.12,0,8,6,1.4345,30.7485,1.9838,32.4404,4.4269,0.4525,1.0302,-1.527,31.7734,3.1249,0.3378,0.1878,0,synthetic
2024-08-25T07:00:00,583,kv-02,Dhanpur,11.609,33.981,245.773,710.623,99.5,2.068,3.5,22.935,31.0,1460.0,7.1,74.0,3.1,240.0,9.2,0.12,0,8,7,1.4345,32.5465,2.4698,32.3474,4.0518,0.479,1.0672,-1.432,33.6314,3.2369,0.3378,0.1946,0,synthetic
2024-08-25T08:00:00,584,kv-02,Dhanpur,10.915,33.687,230.386,717.483,99.5,2.132,3.5,23.982,31.0,1460.0,7.1,74.0,3.1,240.0,9.2,0.12,0,8,8,1.4345,32.2525,2.3872,31.6516,3.8604,0.4747,1.0919,-1.368,33.3276,3.3118,0.3378,0.1991,0,synthetic
2024-08-25T09:00:00,585,kv-02,Dhanpur,10.009,32.534,214.443,723.154,99.5,2.165,3.5,24.516,31.0,1460.0,7.1,74.0,3.1,240.0,9.2,0.12,0,8,9,1.4345,31.0995,2.0751,30.455,3.6621,0.4577,1.1045,-1.335,32.1361,3.35,0.3378,0.2014,0,synthetic
2024-08-25T10:00:00,586,kv-02,Dhanpur,9.431,30.356,199.564,727.901,99.5,2.178,3.5,24.732,31.0,1460.0,7.1,74.0,3.1,240.0,9.2,0.12,0,8,10,1.4345,28.9215,1.5374,28.7288,3.4771,0.4257,1.1094,-1.322,29.8855,3.3651,0.3378,0.2023,0,synthetic
2024-08-25T11:00:00,587,kv-02,Dhanpur,7.771,27.211,184.61,730.819,99.5,2.146,3.5,24.202,31.0,1460.0,7.1,74.0,3.1,240.0,9.2,0.12,1,8,11,1.4345,25.7765,0.8889,26.4565,3.2911,0.3794,1.0972,-1.354,26.6357,4.4927,0.3378,0.2,0,synthetic
2024-08-25T12:00:00,588,kv-02,Dhanpur,16.844,34.045,181.938,743.058,99.5,2.357,3.5,27.73,31.0,1460.0,7.1,74.0,3.1,240.0,9.2,0.12,0,8,12,1.4345,32.6105,2.4879,30.1915,3.2579,0.48,1.1771,-1.143,33.6975,3.5704,0.3378,0.2146,0,synthetic
2024-08-25T13:00:00,589,kv-02,Dhanpur,5.766,30.381,171.063,744.404,99.5,2.248,3.5,25.899,31.0,1460.0,7.1,74.0,3.1,240.0,9.2,0.12,1,8,13,1.4345,28.9465,1.5432,27.7769,3.1226,0.426,1.1361,-1.252,29.9114,4.652,0.3378,0.2071,0,synthetic
2024-08-25T14:00:00,590,kv-02,Dhanpur,4.267,26.877,162.471,745.108,99.5,2.114,3.5,23.694,31.0,1460.0,7.1,74.0,3.1,240.0,9.2,0.12,1,8,14,1.4345,25.4425,0.8294,25.5319,3.0157,0.3745,1.085,-1.386,26.2906,4.4427,0.3378,0.1978,0,synthetic
2024-08-25T15:00:00,591,kv-02,Dhanpur,3.023,13.057,156.046,745.211,99.5,1.965,3.5,21.305,31.0,1460.0,7.1,74.0,3.1,240.0,9.2,0.12,0,8,15,1.4345,11.6225,0.0,17.6906,2.9358,0.1711,1.0272,-1.535,12.0099,3.1155,0.3378,0.1873,0,synthetic
2024-08-25T16:00:00,592,kv-02,Dhanpur,2.282,9.573,151.529,745.353,99.5,1.815,3.5,18.984,31.0,1460.0,7.1,74.0,3.1,240.0,9.2,0.12,0,8,16,1.4345,8.1385,0.0,15.6059,2.8796,0.1198,0.9678,-1.685,8.4098,2.9355,0.3378,0.1765,0,synthetic
2024-08-25T17:00:00,593,kv-02,Dhanpur,1.695,7.001,149.293,744.997,99.5,1.667,3.5,16.789,31.0,1460.0,7.1,74.0,3.1,240.0,9.2,0.12,1,8,17,1.4345,5.5665,0.0,14.1053,2.8518,0.0819,0.9081,-1.833,5.752,3.7183,0.3378,0.1656,0,synthetic
2024-08-25T18:00:00,594,kv-02,Dhanpur,0.791,4.768,147.815,744.642,99.5,1.514,3.5,14.591,31.0,1460.0,7.1,74.0,3.1,240.0,9.2,0.12,0,8,18,1.4345,3.3335,0.0,12.8195,2.8334,0.0491,0.8446,-1.986,3.4446,2.5617,0.3378,0.154,0,synthetic
2024-08-25T19:00:00,595,kv-02,Dhanpur,17.101,19.587,163.915,761.357,99.5,1.808,3.5,18.878,31.0,1460.0,7.1,74.0,3.1,240.0,9.2,0.12,0,8,19,1.4345,18.1525,0.0332,21.6781,3.0337,0.2672,0.965,-1.692,18.7576,2.927,0.3378,0.1759,0,synthetic
2024-08-25T20:00:00,596,kv-02,Dhanpur,0.352,18.244,163.846,742.203,99.494,1.63,3.5,16.252,31.0,1460.0,7.1,74.0,3.1,240.0,9.2,0.12,1,8,20,1.435,16.809,0.0017,20.8172,3.0327,0.2474,0.8929,-1.87,17.3693,3.6562,0.3419,0.1628,0,synthetic
2024-08-25T21:00:00,597,kv-02,Dhanpur,0.854,18.307,163.972,742.693,99.5,1.483,3.5,14.16,31.0,1460.0,7.1,74.0,3.1,240.0,9.2,0.12,1,8,21,1.4345,16.8725,0.0023,20.8596,3.0344,0.2483,0.8315,-2.017,17.4349,3.4048,0.3378,0.1516,0,synthetic
2024-08-25T22:00:00,598,kv-02,Dhanpur,0.635,1.841,163.146,742.618,99.5,1.346,3.5,12.308,31.0,1460.0,7.1,74.0,3.1,240.0,9.2,0.12,0,8,22,1.4345,0.4065,0.0,11.7719,3.0241,0.006,0.7728,-2.154,0.42,2.3441,0.3378,0.1409,0,synthetic
2024-08-25T23:00:00,599,kv-02,Dhanpur,1.024,2.514,161.759,741.943,99.5,1.235,3.5,10.862,31.0,1460.0,7.1,74.0,3.1,240.0,9.2,0.12,0,8,23,1.4345,1.0795,0.0,12.0858,3.0069,0.0159,0.7239,-2.265,1.1155,2.1956,0.3378,0.132,0,synthetic
2024-07-01T00:00:00,0,kv-03,Bhalgaon,0.245,0.245,0.245,0.245,45.976,1.225,3.6,19.364,26.0,1195.0,10.8,82.0,2.6,70.0,24.0,0.6921,1,7,0,0.245,0.0,0.0,0.1455,0.4612,0.0,0.7923,-2.375,0.0,5.2403,32.9415,0.1859,0,synthetic
2024-07-01T01:00:00,1,kv-03,Bhalgaon,0.258,0.503,0.503,0.503,45.96,1.113,3.6,16.619,26.0,1195.0,10.8,82.0,2.6,70.0,24.0,0.6891,0,7,1,0.503,0.0,0.0,0.2987,0.4625,0.0,0.7395,-2.487,0.0,3.6229,32.9512,0.1735,0,synthetic
2024-07-01T02:00:00,2,kv-03,Bhalgaon,0.568,1.071,1.071,1.071,46.114,1.016,3.6,14.368,26.0,1195.0,10.8,82.0,2.6,70.0,24.0,0.6817,0,7,2,1.071,0.0,0.0,0.6359,0.4673,0.0,0.6921,-2.584,0.0,3.3904,32.8573,0.1624,0,synthetic
2024-07-01T03:00:00,3,kv-03,Bhalgaon,0.268,1.095,1.34,1.34,46.103,0.927,3.6,12.392,26.0,1195.0,10.8,82.0,2.6,70.0,24.0,0.6786,0,7,3,1.095,0.0,0.0,0.6609,0.4688,0.0,0.6467,-2.673,0.0,3.1682,32.864,0.1517,0,synthetic
2024-07-01T04:00:00,4,kv-03,Bhalgaon,0.42,1.256,1.76,1.76,46.175,0.847,3.6,10.741,26.0,1195.0,10.8,82.0,2.6,70.0,24.0,0.6733,0,7,4,1.256,0.0,0.0,0.7678,0.4719,0.0,0.6047,-2.753,0.0,2.9626,32.8201,0.1419,0,synthetic
2024-07-01T05:00:00,5,kv-03,Bhalgaon,0.551,1.239,2.31,2.31,46.319,0.777,3.6,9.356,26.0,1195.0,10.8,82.0,2.6,70.0,24.0,0.6662,0,7,5,1.239,0.0,0.0,0.7825,0.4766,0.0,0.5665,-2.823,0.0,2.7751,32.7323,0.1329,0,synthetic
2024-07-01T06:00:00,6,kv-03,Bhalgaon,0.334,1.304,2.644,2.644,46.344,0.712,3.6,8.129,26.0,1195.0,10.8,82.0,2.6,70.0,24.0,0.6621,0,7,6,1.304,0.0,0.0,0.8329,0.4788,0.0,0.5295,-2.888,0.0,2.594,32.7171,0.1242,0,synthetic
2024-07-01T07:00:00,7,kv-03,Bhalgaon,0.574,1.458,3.218,3.218,46.501,0.655,3.6,7.118,26.0,1195.0,10.8,82.0,2.6,70.0,24.0,0.6546,0,7,7,1.458,0.0,0.0,0.9427,0.4837,0.0,0.4961,-2.945,0.0,2.4302,32.6213,0.1164,0,synthetic
2024-07-01T08:00:00,8,kv-03,Bhalgaon,0.487,1.394,3.705,3.705,46.61,0.603,3.6,6.233,26.0,1195.0,10.8,82.0,2.6,70.0,24.0,0.6484,0,7,8,1.394,0.0,0.0,0.9288,0.4877,0.0,0.4643,-2.997,0.0,2.2746,32.5549,0.1089,0,synthetic
2024-07-01T09:00:00,9,kv-03,Bhalgaon,15.207,16.268,18.912,18.912,47.348,1.062,3.6,15.417,26.0,1195.0,10.8,82.0,2.6,70.0,24.0,0.4633,0,7,9,4.6608,11.6072,0.4301,9.7748,0.5854,0.1237,0.7147,-2.538,10.0595,3.5015,32.1049,0.1677,0,synthetic
2024-07-01T10:00:00,10,kv-03,Bhalgaon,0.658,16.352,19.57,19.57,47.551,0.972,3.6,13.368,26.0,1195.0,10.8,82.0,2.6,70.0,24.0,0.4547,0,7,10,4.6474,11.7046,0.4437,9.8498,0.5918,0.1252,0.6698,-2.628,10.144,3.2811,31.9811,0.1571,0,synthetic
2024-07-01T11:00:00,11,kv-03,Bhalgaon,0.543,16.409,20.113,20.113,47.691,0.889,3.6,11.598,26.0,1195.0,10.8,82.0,2.6,70.0,24.0,0.4477,0,7,11,4.6381,11.7709,0.4531,9.9049,0.5968,0.1263,0.627,-2.711,10.2015,3.0715,31.8957,0.1471,0,synthetic
2024-07-01T12:00:00,12,kv-03,Bhalgaon,0.474,1.676,20.587,20.587,47.793,0.814,3.6,10.074,26.0,1195.0,10.8,82.0,2.6,70.0,24.0,0.4417,0,7,12,1.676,0.0,0.0,1.8225,0.6009,0.0,0.5868,-2.786,0.0,2.8747,31.8335,0.1377,0,synthetic
2024-07-01T13:00:00,13,kv-03,Bhalgaon,0.545,1.562,21.133,21.133,47.933,0.747,3.6,8.784,26.0,1195.0,10.8,82.0,2.6,70.0,24.0,0.4346,0,7,13,1.562,0.0,0.0,1.7837,0.606,0.0,0.5496,-2.853,0.0,2.6925,31.7482,0.1289,0,synthetic
2024-07-01T14:00:00,14,kv-03,Bhalgaon,0.486,1.505,21.618,21.618,48.041,0.686,3.6,7.666,26.0,1195.0,10.8,82.0,2.6,70.0,24.0,0.4284,0,7,14,1.505,0.0,0.0,1.7735,0.6102,0.0,0.5145,-2.914,0.0,2.5204,31.6823,0.1207,0,synthetic
2024-07-01T15:00:00,15,kv-03,Bhalgaon,0.394,1.425,22.012,22.012,48.099,0.63,3.6,6.689,26.0,1195.0,10.8,82.0,2.6,70.0,24.0,0.4235,0,7,15,1.425,0.0,0.0,1.7468,0.6133,0.0,0.481,-2.97,0.0,2.3563,31.647,0.1128,0,synthetic
2024-07-01T16:00:00,16,kv-03,Bhalgaon,0.419,1.299,22.431,22.431,48.17,0.58,3.6,5.852,26.0,1195.0,10.8,82.0,2.6,70.0,24.0,0.4182,1,7,16,1.299,0.0,0.0,1.6958,0.6168,0.0,0.4498,-3.02,0.0,2.9748,31.6037,0.1055,0,synthetic
2024-07-01T17:00:00,17,kv-03,Bhalgaon,0.486,1.299,22.918,22.918,48.278,0.535,3.6,5.14,26.0,1195.0,10.8,82.0,2.6,70.0,24.0,0.412,1,7,17,1.299,0.0,0.0,1.7171,0.6211,0.0,0.4208,-3.065,0.0,2.7832,31.5378,0.0987,0,synthetic
2024-07-01T18:00:00,18,kv-03,Bhalgaon,0.566,1.471,23.483,23.483,48.43,0.494,3.6,4.535,26.0,1195.0,10.8,82.0,2.6,70.0,24.0,0.4047,0,7,18,1.471,0.0,0.0,1.8364,0.6265,0.0,0.3939,-3.106,0.0,1.9296,31.4451,0.0924,0,synthetic
2024-07-01T19:00:00,19,kv-03,Bhalgaon,0.415,1.467,23.899,23.899,48.499,0.456,3.6,3.99,26.0,1195.0,10.8,82.0,2.6,70.0,24.0,0.3995,0,7,19,1.467,0.0,0.0,1.8524,0.6299,0.0,0.3678,-3.144,0.0,1.8018,31.403,0.0863,0,synthetic
2024-07-01T20:00:00,20,kv-03,Bhalgaon,0.778,1.759,24.677,24.677,48.768,0.425,3.6,3.566,26.0,1195.0,10.8,82.0,2.6,70.0,24.0,0.3892,0,7,20,1.759,0.0,0.0,2.0471,0.6381,0.0,0.3459,-3.175,0.0,1.6943,31.239,0.0811,0,synthetic
2024-07-01T21:00:00,21,kv-03,Bhalgaon,0.491,1.684,25.167,25.167,48.878,0.394,3.6,3.158,26.0,1195.0,10.8,82.0,2.6,70.0,24.0,0.3829,1,7,21,1.684,0.0,0.0,2.0273,0.6425,0.0,0.3232,-3.206,0.0,2.1375,31.172,0.0758,0,synthetic
2024-07-01T22:00:00,22,kv-03,Bhalgaon,0.704,1.973,25.872,25.872,49.106,0.368,3.6,2.829,26.0,1195.0,10.8,82.0,2.6,70.0,24.0,0.3737,0,7,22,1.973,0.0,0.0,2.217,0.6499,0.0,0.3036,-3.232,0.0,1.4874,31.0329,0.0712,0,synthetic
2024-07-01T23:00:00,23,kv-03,Bhalgaon,0.553,1.748,26.425,26.425,49.25,0.343,3.6,2.524,26.0,1195.0,10.8,82.0,2.6,70.0,24.0,0.3665,0,7,23,1.748,0.0,0.0,2.1175,0.6552,0.0,0.2842,-3.257,0.0,1.3924,30.9451,0.0667,0,synthetic
2024-07-02T00:00:00,24,kv-03,Bhalgaon,0.505,1.762,26.685,26.93,49.368,0.319,3.6,2.251,26.0,1195.0,10.8,82.0,2.6,70.0,24.0,0.363,0,7,0,1.762,0.0,0.0,2.1381,0.6584,0.0,0.2655,-3.281,0.0,1.3005,30.8732,0.0623,0,synthetic
2024-07-02T01:00:00,25,kv-03,Bhalgaon,0.334,1.392,26.76,27.263,49.392,0.296,3.6,1.994,26.0,1195.0,10.8,82.0,2.6,70.0,24.0,0.362,0,7,1,1.392,0.0,0.0,1.9395,0.6591,0.0,0.2467,-3.304,0.0,1.2086,30.8585,0.0579,0,synthetic
2024-07-02T02:00:00,26,kv-03,Bhalgaon,0.421,1.26,26.613,27.685,49.464,0.275,3.6,1.779,26.0,1195.0,10.8,82.0,2.6,70.0,24.0,0.3635,0,7,2,1.26,0.0,0.0,1.864,0.6592,0.0,0.2297,-3.325,0.0,1.1253,30.8146,0.0539,0,synthetic
2024-07-02T03:00:00,27,kv-03,Bhalgaon,0.601,1.356,26.946,28.285,49.635,0.259,3.6,1.608,26.0,1195.0,10.8,82.0,2.6,70.0,24.0,0.3589,0,7,3,1.356,0.0,0.0,1.9331,0.6635,0.0,0.2157,-3.341,0.0,1.0569,30.7104,0.0506,0,synthetic
2024-07-02T04:00:00,28,kv-03,Bhalgaon,0.406,1.428,26.931,28.691,49.698,0.25,3.6,1.523,26.0,1195.0,10.8,82.0,2.6,70.0,24.0,0.3589,0,7,4,1.428,0.0,0.0,1.9746,0.6643,0.0,0.2083,-3.35,0.0,1.0203,30.672,0.0489,0,synthetic
2024-07-02T05:00:00,29,kv-03,Bhalgaon,0.675,1.682,27.056,29.366,49.909,0.25,3.6,1.523,26.0,1195.0,10.8,82.0,2.6,70.0,24.0,0.3566,0,7,5,1.682,0.0,0.0,2.1232,0.6679,0.0,0.2083,-3.35,0.0,1.0203,30.5433,0.0489,0,synthetic
2024-07-02T06:00:00,30,kv-03,Bhalgaon,1.416,2.497,28.139,30.783,50.528,0.25,3.6,1.523,26.0,1195.0,10.8,82.0,2.6,70.0,24.0,0.3415,0,7,6,2.497,0.0,0.0,2.621,0.683,0.0,0.2083,-3.35,0.0,1.0203,30.1659,0.0489,0,synthetic
2024-07-02T07:00:00,31,kv-03,Bhalgaon,0.578,2.669,28.143,31.361,50.686,0.25,3.6,1.523,26.0,1195.0,10.8,82.0,2.6,70.0,24.0,0.3409,0,7,7,2.669,0.0,0.0,2.7193,0.6852,0.0,0.2083,-3.35,0.0,1.0203,30.0695,0.0489,0,synthetic
2024-07-02T08:00:00,32,kv-03,Bhalgaon,0.488,2.482,28.143,31.848,50.794,0.25,3.6,1.523,26.0,1195.0,10.8,82.0,2.6,70.0,24.0,0.3405,0,7,8,2.482,0.0,0.0,2.6195,0.6866,0.0,0.2083,-3.35,0.0,1.0203,30.0037,0.0489,0,synthetic
2024-07-02T09:00:00,33,kv-03,Bhalgaon,0.478,1.543,13.414,32.326,50.896,0.25,3.6,1.523,26.0,1195.0,10.8,82.0,2.6,70.0,24.0,0.5169,0,7,9,1.543,0.0,0.0,1.5537,0.5943,0.0,0.2083,-3.35,0.0,1.0203,29.9415,0.0489,0,synthetic
2024-07-02T10:00:00,34,kv-03,Bhalgaon,0.853,1.819,13.609,33.18,51.205,0.25,3.6,1.523,26.0,1195.0,10.8,82.0,2.6,70.0,24.0,0.5135,0,7,10,1.819,0.0,0.0,1.7182,0.5992,0.0,0.2083,-3.35,0.0,1.0203,29.753,0.0489,0,synthetic
2024-07-02T11:00:00,35,kv-03,Bhalgaon,0.451,1.782,13.517,33.63,51.293,0.25,3.6,1.523,26.0,1195.0,10.8,82.0,2.6,70.0,24.0,0.5143,0,7,11,1.782,0.0,0.0,1.6972,0.5996,0.0,0.2083,-3.35,0.0,1.0203,29.6994,0.0489,0,synthetic
2024-07-02T12:00:00,36,kv-03,Bhalgaon,0.485,1.79,13.528,34.116,51.399,0.25,3.6,1.523,26.0,1195.0,10.8,82.0,2.6,70.0,24.0,0.5138,0,7,12,1.79,0.0,0.0,1.705,0.6009,0.0,0.2083,-3.35,0.0,1.0203,29.6348,0.0489,0,synthetic
2024-07-02T13:00:00,37,kv-03,Bhalgaon,0.754,1.69,13.737,34.869,51.653,0.25,3.6,1.523,26.0,1195.0,10.8,82.0,2.6,70.0,24.0,0.5104,0,7,13,1.69,0.0,0.0,1.6626,0.6052,0.0,0.2083,-3.35,0.0,1.0203,29.4799,0.0489,0,synthetic
2024-07-02T14:00:00,38,kv-03,Bhalgaon,0.494,1.732,13.745,35.363,51.764,0.25,3.6,1.523,26.0,1195.0,10.8,82.0,2.6,70.0,24.0,0.5099,0,7,14,1.732,0.0,0.0,1.6891,0.6066,0.0,0.2083,-3.35,0.0,1.0203,29.4122,0.0489,0,synthetic
2024-07-02T15:00:00,39,kv-03,Bhalgaon,0.476,1.723,13.827,35.839,51.865,0.25,3.6,1.523,26.0,1195.0,10.8,82.0,2.6,70.0,24.0,0.5086,0,7,15,1.723,0.0,0.0,1.6902,0.6083,0.0,0.2083,-3.35,0.0,1.0203,29.3506,0.0489,0,synthetic
2024-07-02T16:00:00,40,kv-03,Bhalgaon,0.517,1.486,13.924,36.355,51.988,0.25,3.6,1.523,26.0,1195.0,10.8,82.0,2.6,70.0,24.0,0.507,0,7,16,1.486,0.0,0.0,1.5667,0.6104,0.0,0.2083,-3.35,0.0,1.0203,29.2756,0.0489,0,synthetic
2024-07-02T17:00:00,41,kv-03,Bhalgaon,0.796,1.789,14.234,37.152,52.265,0.25,3.6,1.523,26.0,1195.0,10.8,82.0,2.6,70.0,24.0,0.5023,0,7,17,1.789,0.0,0.0,1.7499,0.6156,0.0,0.2083,-3.35,0.0,1.0203,29.1067,0.0489,0,synthetic
2024-07-02T18:00:00,42,kv-03,Bhalgaon,0.546,1.859,14.214,37.698,52.405,0.25,3.6,1.523,26.0,1195.0,10.8,82.0,2.6,70.0,24.0,0.502,0,7,18,1.859,0.0,0.0,1.7911,0.6172,0.0,0.2083,-3.35,0.0,1.0203,29.0213,0.0489,0,synthetic
2024-07-02T19:00:00,43,kv-03,Bhalgaon,0.943,2.286,14.742,38.641,52.763,0.25,3.6,1.523,26.0,1195.0,10.8,82.0,2.6,70.0,24.0,0.4944,0,7,19,2.286,0.0,0.0,2.0516,0.6249,0.0,0.2083,-3.35,0.0,1.0203,28.803,0.0489,0,synthetic
2024-07-02T20:00:00,44,kv-03,Bhalgaon,1.137,2.626,15.101,39.777,53.226,0.25,3.6,1.523,26.0,1195.0,10.8,82.0,2.6,70.0,24.0,0.4885,0,7,20,2.626,0.0,0.0,2.2592,0.6327,0.0,0.2083,-3.35,0.0,1.0203,28.5207,0.0489,0,synthetic
2024-07-02T21:00:00,45,kv-03,Bhalgaon,0.78,2.859,15.39,40.557,53.494,0.25,3.6,1.523,26.0,1195.0,10.8,82.0,2.6,70.0,24.0,0.4841,0,7,21,2.859,0.0,0.0,2.4031,0.6378,0.0,0.2083,-3.35,0.0,1.0203,28.3573,0.0489,0,synthetic
2024-07-02T22:00:00,46,kv-03,Bhalgaon,0.664,2.58,15.35,41.221,53.698,0.25,3.6,1.523,26.0,1195.0,10.8,82.0,2.6,70.0,24.0,0.4839,0,7,22,2.58,0.0,0.0,2.2523,0.64,0.0,0.2083,-3.35,0.0,1.0203,28.2329,0.0489,0,synthetic
2024-07-02T23:00:00,47,kv-03,Bhalgaon,0.574,2.018,15.371,41.796,53.852,0.25,3.6,1.523,26.0,1195.0,10.8,82.0,2.6,70.0,24.0,0.4831,1,7,23,2.018,0.0,0.0,1.9475,0.642,0.0,0.2083,-3.35,0.0,1.3774,28.139,0.0489,0,synthetic
2024-07-03T00:00:00,48,kv-03,Bhalgaon,0.593,1.832,15.459,42.389,54.017,0.25,3.6,1.523,26.0,1195.0,10.8,82.0,2.6,70.0,24.0,0.4814,0,7,0,1.832,0.0,0.0,1.8522,0.6446,0.0,0.2083,-3.35,0.0,1.0203,28.0384,0.0489,0,synthetic
2024-07-03T01:00:00,49,kv-03,Bhalgaon,1.907,3.074,17.032,44.295,54.667,0.26,3.6,1.62,26.0,1195.0,10.8,82.0,2.6,70.0,24.0,0.4603,0,7,1,3.074,0.0,0.0,2.6062,0.6631,0.0,0.2167,-3.34,0.0,1.0616,27.6421,0.0508,0,synthetic
2024-07-03T02:00:00,50,kv-03,Bhalgaon,0.533,3.033,17.144,44.828,54.798,0.25,3.6,1.523,26.0,1195.0,10.8,82.0,2.6,70.0,24.0,0.4585,0,7,2,3.033,0.0,0.0,2.5912,0.6654,0.0,0.2083,-3.35,0.0,1.0203,27.5622,0.0489,0,synthetic
2024-07-03T03:00:00,51,kv-03,Bhalgaon,0.84,3.28,17.383,45.669,55.098,0.25,3.6,1.523,26.0,1195.0,10.8,82.0,2.6,70.0,24.0,0.4546,0,7,3,3.28,0.0,0.0,2.7413,0.6707,0.0,0.2083,-3.35,0.0,1.0203,27.3793,0.0489,0,synthetic
2024-07-03T04:00:00,52,kv-03,Bhalgaon,0.739,2.113,17.717,46.408,55.342,0.25,3.6,1.523,26.0,1195.0,10.8,82.0,2.6,70.0,24.0,0.4497,0,7,4,2.113,0.0,0.0,2.1166,0.676,0.0,0.2083,-3.35,0.0,1.0203,27.2305,0.0489,0,synthetic
2024-07-03T05:00:00,53,kv-03,Bhalgaon,0.729,2.308,17.77,47.137,55.581,0.25,3.6,1.523,26.0,1195.0,10.8,82.0,2.6,70.0,24.0,0.4482,0,7,5,2.308,0.0,0.0,2.2304,0.6793,0.0,0.2083,-3.35,0.0,1.0203,27.0848,0.0489,0,synthetic
2024-07-03T06:00:00,54,kv-03,Bhalgaon,0.531,1.999,16.885,47.667,55.71,0.25,3.6,1.523,26.0,1195.0,10.8,82.0,2.6,70.0,24.0,0.4584,0,7,6,1.999,0.0,0.0,2.0306,0.6747,0.0,0.2083,-3.35,0.0,1.0203,27.0061,0.0489,0,synthetic
2024-07-03T07:00:00,55,kv-03,Bhalgaon,0.795,2.055,17.102,48.462,55.985,0.25,3.6,1.523,26.0,1195.0,10.8,82.0,2.6,70.0,24.0,0.4548,0,7,7,2.055,0.0,0.0,2.0745,0.6795,0.0,0.2083,-3.35,0.0,1.0203,26.8384,0.0489,0,synthetic
2024-07-03T08:00:00,56,kv-03,Bhalgaon,0.879,2.205,17.493,49.341,56.306,0.25,3.6,1.523,26.0,1195.0,10.8,82.0,2.6,70.0,24.0,0.449,0,7,8,2.205,0.0,0.0,2.1771,0.6862,0.0,0.2083,-3.35,0.0,1.0203,26.6427,0.0489,0,synthetic
2024-07-03T09:00:00,57,kv-03,Bhalgaon,0.453,2.127,17.468,49.794,56.392,0.25,3.6,1.523,26.0,1195.0,10.8,82.0,2.6,70.0,24.0,0.449,0,7,9,2.127,0.0,0.0,2.1361,0.6871,0.0,0.2083,-3.35,0.0,1.0203,26.5902,0.0489,0,synthetic
2024-07-03T10:00:00,58,kv-03,Bhalgaon,0.603,1.935,17.217,50.397,56.561,0.25,3.6,1.523,26.0,1195.0,10.8,82.0,2.6,70.0,24.0,0.4514,0,7,10,1.935,0.0,0.0,2.0249,0.6873,0.0,0.2083,-3.35,0.0,1.0203,26.4872,0.0489,0,synthetic
2024-07-03T11:00:00,59,kv-03,Bhalgaon,0.464,1.52,17.231,50.861,56.653,0.25,3.6,1.523,26.0,1195.0,10.8,82.0,2.6,70.0,24.0,0.4509,0,7,11,1.52,0.0,0.0,1.8,0.6886,0.0,0.2083,-3.35,0.0,1.0203,26.4311,0.0489,0,synthetic
2024-07-03T12:00:00,60,kv-03,Bhalgaon,0.575,1.642,17.32,51.436,56.806,0.25,3.6,1.523,26.0,1195.0,10.8,82.0,2.6,70.0,24.0,0.4493,0,7,12,1.642,0.0,0.0,1.8741,0.691,0.0,0.2083,-3.35,0.0,1.0203,26.3378,0.0489,0,synthetic
2024-07-03T13:00:00,61,kv-03,Bhalgaon,0.625,1.664,17.192,52.061,56.987,0.25,3.6,1.523,26.0,1195.0,10.8,82.0,2.6,70.0,24.0,0.4502,0,7,13,1.664,0.0,0.0,1.8853,0.6923,0.0,0.2083,-3.35,0.0,1.0203,26.2274,0.0489,0,synthetic
2024-07-03T14:00:00,62,kv-03,Bhalgaon,18.846,20.046,35.544,70.907,57.602,0.879,3.6,11.388,26.0,1195.0,10.8,82.0,2.6,70.0,24.0,0.2279,1,7,14,3.981,16.065,1.2238,12.8014,0.8319,0.2082,0.6217,-2.721,13.923,4.1115,25.8524,0.1458,0,synthetic
2024-07-03T15:00:00,63,kv-03,Bhalgaon,0.672,20.143,35.74,71.579,57.808,0.807,3.6,9.933,26.0,1195.0,10.8,82.0,2.6,70.0,24.0,0.2248,1,7,15,3.9673,16.1757,1.2487,12.8663,0.8363,0.2104,0.5829,-2.793,14.0189,3.8553,25.7268,0.1368,0,synthetic
2024-07-03T16:00:00,64,kv-03,Bhalgaon,0.516,20.034,35.74,72.095,57.928,0.741,3.6,8.658,26.0,1195.0,10.8,82.0,2.6,70.0,24.0,0.2244,1,7,16,3.9594,16.0746,1.2207,12.8095,0.8381,0.2095,0.546,-2.859,13.9313,3.611,25.6537,0.1281,0,synthetic
2024-07-03T17:00:00,65,kv-03,Bhalgaon,1.057,2.245,36.0,73.152,58.346,0.686,3.6,7.659,26.0,1195.0,10.8,82.0,2.6,70.0,24.0,0.2198,0,7,17,2.245,0.0,0.0,3.0419,0.846,0.0,0.5143,-2.914,0.0,2.5198,25.3988,0.1207,0,synthetic
2024-07-03T18:00:00,66,kv-03,Bhalgaon,0.478,2.05,35.932,73.629,58.445,0.631,3.6,6.697,26.0,1195.0,10.8,82.0,2.6,70.0,24.0,0.2203,1,7,18,2.05,0.0,0.0,2.9351,0.847,0.0,0.4814,-2.969,0.0,3.1838,25.3384,0.1129,0,synthetic
2024-07-03T19:00:00,67,kv-03,Bhalgaon,0.524,2.058,35.512,74.153,58.569,0.581,3.6,5.876,26.0,1195.0,10.8,82.0,2.6,70.0,24.0,0.2249,0,7,19,2.058,0.0,0.0,2.9271,0.8457,0.0,0.4506,-3.019,0.0,2.2075,25.2628,0.1057,0,synthetic
2024-07-03T20:00:00,68,kv-03,Bhalgaon,0.625,1.627,35.001,74.778,58.748,0.537,3.6,5.182,26.0,1195.0,10.8,82.0,2.6,70.0,24.0,0.2304,0,7,20,1.627,0.0,0.0,2.6747,0.8445,0.0,0.4224,-3.063,0.0,2.0694,25.1537,0.0991,0,synthetic
2024-07-03T21:00:00,69,kv-03,Bhalgaon,0.599,1.748,34.82,75.377,58.914,0.497,3.6,4.577,26.0,1195.0,10.8,82.0,2.6,70.0,24.0,0.232,0,7,21,1.748,0.0,0.0,2.7383,0.8456,0.0,0.3959,-3.103,0.0,1.9393,25.0524,0.0929,0,synthetic
2024-07-03T22:00:00,70,kv-03,Bhalgaon,0.792,2.016,34.948,76.169,59.185,0.463,3.6,4.079,26.0,1195.0,10.8,82.0,2.6,70.0,24.0,0.2295,0,7,22,2.016,0.0,0.0,2.8954,0.8504,0.0,0.3724,-3.137,0.0,1.8243,24.8872,0.0874,0,synthetic
2024-07-03T23:00:00,71,kv-03,Bhalgaon,0.968,2.359,35.342,77.137,59.553,0.433,3.6,3.669,26.0,1195.0,10.8,82.0,2.6,70.0,24.0,0.2235,0,7,23,2.359,0.0,0.0,3.1049,0.8586,0.0,0.3514,-3.167,0.0,1.7216,24.6628,0.0824,0,synthetic
2024-07-04T00:00:00,72,kv-03,Bhalgaon,0.624,2.384,35.373,77.516,59.732,0.403,3.6,3.265,26.0,1195.0,10.8,82.0,2.6,70.0,24.0,0.2225,0,7,0,2.384,0.0,0.0,3.1222,0.8614,0.0,0.3295,-3.197,0.0,1.6143,24.5537,0.0773,0,synthetic
2024-07-04T01:00:00,73,kv-03,Bhalgaon,0.523,2.115,33.989,77.781,59.855,0.374,3.6,2.901,26.0,1195.0,10.8,82.0,2.6,70.0,24.0,0.2386,0,7,1,2.115,0.0,0.0,2.924,0.8529,0.0,0.3081,-3.226,0.0,1.5092,24.4787,0.0723,0,synthetic
2024-07-04T02:00:00,74,kv-03,Bhalgaon,0.714,1.861,34.17,77.927,60.083,0.35,3.6,2.605,26.0,1195.0,10.8,82.0,2.6,70.0,24.0,0.2357,0,7,2,1.861,0.0,0.0,2.792,0.8575,0.0,0.2896,-3.25,0.0,1.4186,24.3396,0.0679,0,synthetic
2024-07-04T03:00:00,75,kv-03,Bhalgaon,0.743,1.98,34.073,78.402,60.327,0.328,3.6,2.349,26.0,1195.0,10.8,82.0,2.6,70.0,24.0,0.236,1,7,3,1.98,0.0,0.0,2.8567,0.8602,0.0,0.2724,-3.272,0.0,1.8016,24.1909,0.0639,0,synthetic
2024-07-04T04:00:00,76,kv-03,Bhalgaon,0.816,2.274,34.15,78.798,60.611,0.309,3.6,2.133,26.0,1195.0,10.8,82.0,2.6,70.0,24.0,0.2341,0,7,4,2.274,0.0,0.0,3.0238,0.8648,0.0,0.2571,-3.291,0.0,1.2597,24.0177,0.0603,0,synthetic
2024-07-04T05:00:00,77,kv-03,Bhalgaon,0.8,2.36,34.221,79.048,60.886,0.291,3.6,1.94,26.0,1195.0,10.8,82.0,2.6,70.0,24.0,0.2322,1,7,5,2.36,0.0,0.0,3.0753,0.8693,0.0,0.2426,-3.309,0.0,1.6044,23.85,0.0569,0,synthetic
2024-07-04T06:00:00,78,kv-03,Bhalgaon,0.539,2.155,34.229,79.253,61.017,0.272,3.6,1.744,26.0,1195.0,10.8,82.0,2.6,70.0,24.0,0.2317,0,7,6,2.155,0.0,0.0,2.9642,0.8712,0.0,0.227,-3.328,0.0,1.1119,23.7701,0.0532,0,synthetic
2024-07-04T07:00:00,79,kv-03,Bhalgaon,0.887,2.225,34.321,79.565,61.339,0.258,3.6,1.605,26.0,1195.0,10.8,82.0,2.6,70.0,24.0,0.2295,0,7,7,2.225,0.0,0.0,3.0081,0.8765,0.0,0.2153,-3.342,0.0,1.0547,23.5738,0.0505,0,synthetic
2024-07-04T08:00:00,80,kv-03,Bhalgaon,0.682,2.108,34.124,79.761,61.549,0.25,3.6,1.523,26.0,1195.0,10.8,82.0,2.6,70.0,24.0,0.2311,0,7,8,2.108,0.0,0.0,2.9376,0.878,0.0,0.2083,-3.35,0.0,1.0203,23.4457,0.0489,0,synthetic
2024-07-04T09:00:00,81,kv-03,Bhalgaon,0.819,2.388,34.49,65.373,61.833,0.25,3.6,1.523,26.0,1195.0,10.8,82.0,2.6,70.0,24.0,0.2257,0,7,9,2.388,0.0,0.0,3.0154,0.8849,0.0,0.2083,-3.35,0.0,1.0203,23.2726,0.0489,0,synthetic
2024-07-04T10:00:00,82,kv-03,Bhalgaon,0.954,2.455,34.841,65.668,62.192,0.25,3.6,1.523,26.0,1195.0,10.8,82.0,2.6,70.0,24.0,0.2202,0,7,10,2.455,0.0,0.0,3.0672,0.8928,0.0,0.2083,-3.35,0.0,1.0203,23.0537,0.0489,0,synthetic
2024-07-04T11:00:00,83,kv-03,Bhalgaon,0.67,2.443,35.047,65.795,62.395,0.25,3.6,1.523,26.0,1195.0,10.8,82.0,2.6,70.0,24.0,0.217,1,7,11,2.443,0.0,0.0,3.0691,0.8973,0.0,0.2083,-3.35,0.0,1.3774,22.9299,0.0489,0,synthetic
2024-07-04T12:00:00,84,kv-03,Bhalgaon,0.65,2.274,35.122,65.971,62.586,0.25,3.6,1.523,26.0,1195.0,10.8,82.0,2.6,70.0,24.0,0.2155,0,7,12,2.274,0.0,0.0,2.9801,0.9006,0.0,0.2083,-3.35,0.0,1.0203,22.8134,0.0489,0,synthetic
2024-07-04T13:00:00,85,kv-03,Bhalgaon,0.622,1.943,35.12,66.048,62.762,0.25,3.6,1.523,26.0,1195.0,10.8,82.0,2.6,70.0,24.0,0.2149,1,7,13,1.943,0.0,0.0,2.7984,0.9031,0.0,0.2083,-3.35,0.0,1.3774,22.7061,0.0489,0,synthetic
2024-07-04T14:00:00,86,kv-03,Bhalgaon,0.675,1.947,16.949,66.237,62.967,0.25,3.6,1.523,26.0,1195.0,10.8,82.0,2.6,70.0,24.0,0.4322,0,7,14,1.947,0.0,0.0,2.1204,0.7631,0.0,0.2083,-3.35,0.0,1.0203,22.5811,0.0489,0,synthetic
2024-07-04T15:00:00,87,kv-03,Bhalgaon,0.747,2.044,17.023,66.59,63.211,0.25,3.6,1.523,26.0,1195.0,10.8,82.0,2.6,70.0,24.0,0.4305,0,7,15,2.044,0.0,0.0,2.1787,0.7666,0.0,0.2083,-3.35,0.0,1.0203,22.4323,0.0489,0,synthetic
2024-07-04T16:00:00,88,kv-03,Bhalgaon,0.555,1.976,17.062,66.726,63.349,0.25,3.6,1.523,26.0,1195.0,10.8,82.0,2.6,70.0,24.0,0.4295,0,7,16,1.976,0.0,0.0,2.1437,0.7686,0.0,0.2083,-3.35,0.0,1.0203,22.3482,0.0489,0,synthetic
2024-07-04T17:00:00,89,kv-03,Bhalgaon,0.907,2.209,16.913,67.147,63.682,0.25,3.6,1.523,26.0,1195.0,10.8,82.0,2.6,70.0,24.0,0.4302,0,7,17,2.209,0.0,0.0,2.2689,0.7715,0.0,0.2083,-3.35,0.0,1.0203,22.1451,0.0489,0,synthetic
2024-07-04T18:00:00,90,kv-03,Bhalgaon,0.713,2.175,17.148,67.294,63.907,0.25,3.6,1.523,26.0,1195.0,10.8,82.0,2.6,70.0,24.0,0.4266,0,7,18,2.175,0.0,0.0,2.2599,0.7761,0.0,0.2083,-3.35,0.0,1.0203,22.0079,0.0489,0,synthetic
2024-07-04T19:00:00,91,kv-03,Bhalgaon,0.589,2.209,17.213,67.467,64.063,0.25,3.6,1.523,26.0,1195.0,10.8,82.0,2.6,70.0,24.0,0.4252,0,7,19,2.209,0.0,0.0,2.2821,0.7785,0.0,0.2083,-3.35,0.0,1.0203,21.9128,0.0489,0,synthetic
2024-07-04T20:00:00,92,kv-03,Bhalgaon,0.55,1.852,17.138,67.239,64.199,0.25,3.6,1.523,26.0,1195.0,10.8,82.0,2.6,70.0,24.0,0.4257,0,7,20,1.852,0.0,0.0,2.0815,0.7795,0.0,0.2083,-3.35,0.0,1.0203,21.8299,0.0489,0,synthetic
2024-07-04T21:00:00,93,kv-03,Bhalgaon,0.799,1.937,17.337,67.547,64.471,0.25,3.6,1.523,26.0,1195.0,10.8,82.0,2.6,70.0,24.0,0.4223,0,7,21,1.937,0.0,0.0,2.1377,0.7844,0.0,0.2083,-3.35,0.0,1.0203,21.664,0.0489,0,synthetic
2024-07-04T22:00:00,94,kv-03,Bhalgaon,0.933,2.282,17.479,67.777,64.817,0.25,3.6,1.523,26.0,1195.0,10.8,82.0,2.6,70.0,24.0,0.4194,0,7,22,2.282,0.0,0.0,2.3342,0.7898,0.0,0.2083,-3.35,0.0,1.0203,21.453,0.0489,0,synthetic
2024-07-04T23:00:00,95,kv-03,Bhalgaon,11.778,13.51,28.289,79.001,65.337,0.626,3.6,6.609,26.0,1195.0,10.8,82.0,2.6,70.0,24.0,0.2879,0,7,23,3.4682,10.0418,0.0957,8.9851,0.8844,0.1476,0.4783,-2.974,8.7029,2.3431,21.136,0.1122,0,synthetic
2024-07-05T00:00:00,96,kv-03,Bhalgaon,0.688,13.4,28.353,79.185,65.548,0.578,3.6,5.827,26.0,1195.0,10.8,82.0,2.6,70.0,24.0,0.2863,0,7,0,3.4542,9.9458,0.0872,8.9281,0.8878,0.1467,0.4487,-3.022,8.6197,2.1981,21.0073,0.1053,0,synthetic
2024-07-05T01:00:00,97,kv-03,Bhalgaon,0.882,13.349,28.712,79.733,65.865,0.537,3.6,5.179,26.0,1195.0,10.8,82.0,2.6,70.0,24.0,0.2809,0,7,1,3.4332,9.9158,0.0833,8.917,0.895,0.1469,0.4223,-3.063,8.5937,2.069,20.814,0.0991,0,synthetic
2024-07-05T02:00:00,98,kv-03,Bhalgaon,0.823,2.394,28.821,80.135,66.149,0.499,3.6,4.607,26.0,1195.0,10.8,82.0,2.6,70.0,24.0,0.2786,0,7,2,2.394,0.0,0.0,2.8983,0.8998,0.0,0.3972,-3.101,0.0,1.9459,20.6409,0.0932,0,synthetic
2024-07-05T03:00:00,99,kv-03,Bhalgaon,0.938,2.643,29.016,80.472,66.496,0.466,3.6,4.126,26.0,1195.0,10.8,82.0,2.6,70.0,24.0,0.2751,0,7,3,2.643,0.0,0.0,3.0447,0.9061,0.0,0.3746,-3.134,0.0,1.8351,20.4293,0.0879,0,synthetic
2024-07-05T04:00:00,100,kv-03,Bhalgaon,1.771,3.531,29.97,81.837,66.997,0.459,3.6,4.024,26.0,1195.0,10.8,82.0,2.6,70.0,24.0,0.2619,0,7,4,3.3581,0.1729,0.0,3.5774,0.921,0.0026,0.3696,-3.141,0.1498,1.8108,20.1238,0.0867,0,synthetic
2024-07-05T05:00:00,101,kv-03,Bhalgaon,1.092,3.801,30.263,82.254,67.429,0.431,3.6,3.638,26.0,1195.0,10.8,82.0,2.6,70.0,24.0,0.2568,0,7,5,3.3295,0.4715,0.0,3.7395,0.9294,0.0072,0.3499,-3.169,0.4087,1.714,19.8604,0.0821,0,synthetic
2024-07-05T06:00:00,102,kv-03,Bhalgaon,1.436,4.299,31.16,82.274,67.918,0.415,3.6,3.426,26.0,1195.0,10.8,82.0,2.6,70.0,24.0,0.2444,1,7,6,3.297,1.002,0.0,4.0472,0.9437,0.0153,0.3384,-3.185,0.8684,2.2381,19.5622,0.0794,0,synthetic
2024-07-05T07:00:00,103,kv-03,Bhalgaon,1.331,3.859,31.605,83.027,68.401,0.397,3.6,3.193,26.0,1195.0,10.8,82.0,2.6,70.0,24.0,0.2373,1,7,7,3.265,0.594,0.0,3.8266,0.9542,0.0091,0.3253,-3.203,0.5148,2.1513,19.2677,0.0763,0,synthetic
2024-07-05T08:00:00,104,kv-03,Bhalgaon,1.296,4.063,32.219,83.836,68.879,0.38,3.6,2.972,26.0,1195.0,10.8,82.0,2.6,70.0,24.0,0.2283,0,7,8,3.2333,0.8297,0.0,3.9668,0.9662,0.0129,0.3124,-3.22,0.7191,1.5307,18.9762,0.0733,0,synthetic
2024-07-05T09:00:00,105,kv-03,Bhalgaon,1.35,3.978,32.75,84.708,69.35,0.366,3.6,2.804,26.0,1195.0,10.8,82.0,2.6,70.0,24.0,0.2203,0,7,9,3.2021,0.7759,0.0,3.9455,0.9774,0.0121,0.3021,-3.234,0.6725,1.4799,18.689,0.0709,0,synthetic
2024-07-05T10:00:00,106,kv-03,Bhalgaon,1.428,4.075,33.224,85.283,69.816,0.357,3.6,2.691,26.0,1195.0,10.8,82.0,2.6,70.0,24.0,0.213,1,7,10,3.1712,0.9038,0.0,4.0202,0.9881,0.0142,0.2951,-3.243,0.7833,1.9514,18.4049,0.0692,0,synthetic
2024-07-05T11:00:00,107,kv-03,Bhalgaon,1.468,4.246,34.022,86.3,70.276,0.35,3.6,2.61,26.0,1195.0,10.8,82.0,2.6,70.0,24.0,0.2018,0,7,11,3.1407,1.1053,0.0,4.1505,1.0016,0.0175,0.2898,-3.25,0.9579,1.4196,18.1244,0.068,0,synthetic
2024-07-05T12:00:00,108,kv-03,Bhalgaon,1.717,4.613,35.089,87.532,70.731,0.353,3.6,2.648,26.0,1195.0,10.8,82.0,2.6,70.0,24.0,0.1874,0,7,12,3.1105,1.5025,0.0,4.4001,1.0175,0.0239,0.2922,-3.247,1.3021,1.4314,17.847,0.0685,0,synthetic
2024-07-05T13:00:00,109,kv-03,Bhalgaon,1.357,4.542,35.823,88.135,71.18,0.343,3.6,2.529,26.0,1195.0,10.8,82.0,2.6,70.0,24.0,0.177,1,7,13,3.0808,1.4612,0.0,4.3923,1.0305,0.0234,0.2844,-3.257,1.2664,1.8811,17.5732,0.0667,0,synthetic
2024-07-05T14:00:00,110,kv-03,Bhalgaon,1.261,4.335,36.41,88.902,71.624,0.331,3.6,2.384,26.0,1195.0,10.8,82.0,2.6,70.0,24.0,0.1684,1,7,14,3.0513,1.2837,0.0,4.3053,1.0422,0.0207,0.2748,-3.269,1.1125,1.8174,17.3024,0.0645,0,synthetic
2024-07-05T15:00:00,111,kv-03,Bhalgaon,1.264,3.881,36.926,89.69,72.062,0.32,3.6,2.259,26.0,1195.0,10.8,82.0,2.6,70.0,24.0,0.1607,1,7,15,3.0223,0.8587,0.0,4.0798,1.0532,0.0139,0.2661,-3.28,0.7442,1.7599,17.0354,0.0624,0,synthetic
2024-07-05T16:00:00,112,kv-03,Bhalgaon,1.253,3.778,37.625,90.427,72.495,0.31,3.6,2.146,26.0,1195.0,10.8,82.0,2.6,70.0,24.0,0.1508,0,7,16,2.9936,0.7844,0.0,4.054,1.0659,0.0128,0.258,-3.29,0.6798,1.2641,16.7713,0.0605,0,synthetic
2024-07-05T17:00:00,113,kv-03,Bhalgaon,0.887,3.404,37.605,90.518,72.81,0.293,3.6,1.961,26.0,1195.0,10.8,82.0,2.6,70.0,24.0,0.1499,0,7,17,2.9727,0.4313,0.0,3.8481,1.0704,0.0071,0.2442,-3.307,0.3738,1.1964,16.5793,0.0573,0,synthetic
2024-07-05T18:00:00,114,kv-03,Bhalgaon,12.789,14.93,49.681,102.761,73.234,0.706,3.6,8.019,26.0,1195.0,10.8,82.0,2.6,70.0,24.0,0.12,1,7,18,2.9446,11.9854,0.2398,10.7168,1.1871,0.1975,0.526,-2.894,10.3874,3.4788,16.3207,0.1234,0,synthetic
2024-07-05T19:00:00,115,kv-03,Bhalgaon,0.569,14.246,49.662,102.387,73.373,0.65,3.6,7.023,26.0,1195.0,10.8,82.0,2.6,70.0,24.0,0.12,1,7,19,2.9354,11.3106,0.1627,10.3375,1.1892,0.1867,0.4929,-2.95,9.8025,3.2599,16.236,0.1156,0,synthetic
2024-07-05T20:00:00,116,kv-03,Bhalgaon,0.567,13.925,49.679,101.818,73.511,0.599,3.6,6.164,26.0,1195.0,10.8,82.0,2.6,70.0,24.0,0.12,1,7,20,2.9262,10.9988,0.1315,10.1581,1.1916,0.1819,0.4617,-3.001,9.5323,3.0538,16.1518,0.1083,0,synthetic
2024-07-05T21:00:00,117,kv-03,Bhalgaon,0.835,1.972,49.715,101.873,73.797,0.555,3.6,5.464,26.0,1195.0,10.8,82.0,2.6,70.0,24.0,0.12,1,7,21,1.972,0.0,0.0,3.5856,1.1966,0.0,0.4341,-3.045,0.0,2.871,15.9774,0.1018,0,synthetic
2024-07-05T22:00:00,118,kv-03,Bhalgaon,0.736,2.139,49.518,101.945,74.028,0.515,3.6,4.842,26.0,1195.0,10.8,82.0,2.6,70.0,24.0,0.12,0,7,22,2.139,0.0,0.0,3.6705,1.1985,0.0,0.4078,-3.085,0.0,1.9979,15.8366,0.0957,0,synthetic
2024-07-05T23:00:00,119,kv-03,Bhalgaon,0.73,2.302,38.471,102.101,74.255,0.478,3.6,4.301,26.0,1195.0,10.8,82.0,2.6,70.0,24.0,0.1345,0,7,23,2.302,0.0,0.0,3.3469,1.0996,0.0,0.383,-3.122,0.0,1.8761,15.6982,0.0898,0,synthetic
2024-07-06T00:00:00,120,kv-03,Bhalgaon,1.009,2.475,38.791,102.517,74.636,0.448,3.6,3.869,26.0,1195.0,10.8,82.0,2.6,70.0,24.0,0.1293,0,7,0,2.475,0.0,0.0,3.4566,1.1083,0.0,0.3619,-3.152,0.0,1.7728,15.4659,0.0849,0,synthetic
2024-07-06T01:00:00,121,kv-03,Bhalgaon,1.497,3.235,39.405,102.107,75.037,0.436,3.6,3.716,26.0,1195.0,10.8,82.0,2.6,70.0,24.0,0.1205,1,7,1,2.825,0.41,0.0,3.8951,1.12,0.0069,0.3538,-3.164,0.3553,2.3396,15.2213,0.083,0,synthetic
2024-07-06T02:00:00,122,kv-03,Bhalgaon,1.918,4.424,40.501,103.492,75.434,0.442,3.6,3.791,26.0,1195.0,10.8,82.0,2.6,70.0,24.0,0.12,0,7,2,2.7987,1.6253,0.0,4.5988,1.1362,0.0276,0.3578,-3.158,1.4086,1.7528,14.9793,0.0839,0,synthetic
2024-07-06T03:00:00,123,kv-03,Bhalgaon,2.552,5.967,42.115,105.203,75.825,0.47,3.6,4.186,26.0,1195.0,10.8,82.0,2.6,70.0,24.0,0.12,0,7,3,2.7728,3.1942,0.0,5.5187,1.1574,0.0545,0.3774,-3.13,2.7683,1.8491,14.7409,0.0885,0,synthetic
2024-07-06T04:00:00,124,kv-03,Bhalgaon,2.991,7.462,43.335,107.456,76.212,0.512,3.6,4.8,26.0,1195.0,10.8,82.0,2.6,70.0,24.0,0.12,0,7,4,2.7471,4.7149,0.0,6.4008,1.175,0.0808,0.4059,-3.088,4.0862,1.9885,14.5049,0.0952,0,synthetic
2024-07-06T05:00:00,125,kv-03,Bhalgaon,3.597,9.14,45.84,110.324,76.594,0.573,3.6,5.738,26.0,1195.0,10.8,82.0,2.6,70.0,24.0,0.12,0,7,5,2.7218,6.4182,0.0,7.4355,1.2048,0.1106,0.4453,-3.027,5.5624,2.1817,14.272,0.1045,0,synthetic
2024-07-06T06:00:00,126,kv-03,Bhalgaon,4.317,10.905,48.721,114.11,76.972,0.654,3.6,7.098,26.0,1195.0,10.8,82.0,2.6,70.0,24.0,0.12,1,7,6,2.6968,8.2082,0.0,8.538,1.2385,0.1422,0.4954,-2.946,7.1138,3.2764,14.0415,0.1162,0,synthetic
2024-07-06T07:00:00,127,kv-03,Bhalgaon,4.631,12.545,52.021,117.946,77.345,0.74,3.6,8.638,26.0,1195.0,10.8,82.0,2.6,70.0,24.0,0.12,1,7,7,2.672,9.873,0.034,9.5877,1.2764,0.1718,0.5454,-2.86,8.5566,3.6072,13.814,0.128,0,synthetic
2024-07-06T08:00:00,128,kv-03,Bhalgaon,5.056,14.004,55.78,122.123,77.713,0.833,3.6,10.441,26.0,1195.0,10.8,82.0,2.6,70.0,24.0,0.12,0,7,8,2.6476,11.3564,0.1389,10.5572,1.319,0.1986,0.597,-2.767,9.8422,2.9245,13.5896,0.14,0,synthetic
2024-07-06T09:00:00,129,kv-03,Bhalgaon,5.104,14.791,59.534,126.774,78.077,0.918,3.6,12.219,26.0,1195.0,10.8,82.0,2.6,70.0,24.0,0.12,0,7,9,2.6235,12.1675,0.223,11.1599,1.3618,0.2138,0.6422,-2.682,10.5452,3.1464,13.3677,0.1507,0,synthetic
2024-07-06T10:00:00,130,kv-03,Bhalgaon,5.193,15.353,63.299,131.365,78.436,0.999,3.6,13.986,26.0,1195.0,10.8,82.0,2.6,70.0,24.0,0.12,0,7,10,2.5997,12.7533,0.2945,11.6389,1.405,0.2251,0.6836,-2.601,11.0529,3.3488,13.1488,0.1604,0,synthetic
2024-07-06T11:00:00,131,kv-03,Bhalgaon,5.285,15.582,67.116,136.185,78.791,1.076,3.6,15.733,26.0,1195.0,10.8,82.0,2.6,70.0,24.0,0.12,1,7,11,2.5762,13.0058,0.3262,11.9381,1.4489,0.2306,0.7215,-2.524,11.2717,4.7717,12.9323,0.1693,0,synthetic
2024-07-06T12:00:00,132,kv-03,Bhalgaon,5.27,15.748,70.669,140.88,79.141,1.144,3.6,17.357,26.0,1195.0,10.8,82.0,2.6,70.0,24.0,0.12,0,7,12,2.553,13.195,0.3501,12.192,1.4905,0.235,0.7543,-2.456,11.4357,3.6952,12.7189,0.1769,0,synthetic
2024-07-06T13:00:00,133,kv-03,Bhalgaon,4.55,15.104,73.862,144.805,79.487,1.179,3.6,18.214,26.0,1195.0,10.8,82.0,2.6,70.0,24.0,0.12,0,7,13,2.53,12.574,0.2617,11.9821,1.5288,0.2249,0.7708,-2.421,10.8975,3.7764,12.5079,0.1808,0,synthetic
2024-07-06T14:00:00,134,kv-03,Bhalgaon,3.651,13.47,76.251,129.61,79.829,1.177,3.6,18.182,26.0,1195.0,10.8,82.0,2.6,70.0,24.0,0.12,0,7,14,2.5073,10.9627,0.0926,11.078,1.5592,0.1969,0.77,-2.423,9.501,3.7724,12.2994,0.1806,0,synthetic
2024-07-06T15:00:00,135,kv-03,Bhalgaon,2.943,11.143,77.93,131.88,80.167,1.151,3.6,17.526,26.0,1195.0,10.8,82.0,2.6,70.0,24.0,0.12,0,7,15,2.4849,8.6581,0.0,9.8753,1.5826,0.1562,0.7576,-2.449,7.5037,3.7115,12.0933,0.1777,0,synthetic
2024-07-06T16:00:00,136,kv-03,Bhalgaon,2.622,9.215,79.299,133.986,80.501,1.115,3.6,16.669,26.0,1195.0,10.8,82.0,2.6,70.0,24.0,0.12,1,7,16,2.4628,6.7522,0.0,8.8794,1.603,0.1223,0.7405,-2.485,5.8519,4.8973,11.8896,0.1737,0,synthetic
2024-07-06T17:00:00,137,kv-03,Bhalgaon,1.551,7.116,79.963,134.481,80.83,1.045,3.6,15.013,26.0,1195.0,10.8,82.0,2.6,70.0,24.0,0.12,0,7,17,2.441,4.675,0.0,7.7529,1.6162,0.085,0.7063,-2.555,4.0517,3.4601,11.689,0.1657,0,synthetic
2024-07-06T18:00:00,138,kv-03,Bhalgaon,1.211,5.384,68.385,135.214,81.155,0.969,3.6,13.315,26.0,1195.0,10.8,82.0,2.6,70.0,24.0,0.12,0,7,18,2.4194,2.9646,0.0,6.3707,1.5053,0.0541,0.6684,-2.631,2.5693,3.2743,11.4909,0.1568,0,synthetic
2024-07-06T19:00:00,139,kv-03,Bhalgaon,0.618,3.381,68.434,135.309,81.315,0.888,3.6,11.569,26.0,1195.0,10.8,82.0,2.6,70.0,24.0,0.12,0,7,19,2.4088,0.9722,0.0,5.2715,1.5087,0.0178,0.6264,-2.712,0.8426,3.0685,11.3933,0.1469,0,synthetic
2024-07-06T20:00:00,140,kv-03,Bhalgaon,0.419,2.248,68.286,135.102,81.365,0.812,3.6,10.038,26.0,1195.0,10.8,82.0,2.6,70.0,24.0,0.12,0,7,20,2.248,0.0,0.0,4.6415,1.5082,0.0,0.5858,-2.788,0.0,2.8696,11.3628,0.1374,0,synthetic
2024-07-06T21:00:00,141,kv-03,Bhalgaon,0.538,1.575,67.989,135.041,81.481,0.746,3.6,8.752,26.0,1195.0,10.8,82.0,2.6,70.0,24.0,0.12,1,7,21,1.575,0.0,0.0,4.2598,1.5073,0.0,0.5488,-2.854,0.0,3.6298,11.2921,0.1288,0,synthetic
2024-07-06T22:00:00,142,kv-03,Bhalgaon,1.015,1.971,68.267,135.264,81.798,0.693,3.6,7.785,26.0,1195.0,10.8,82.0,2.6,70.0,24.0,0.12,0,7,22,1.971,0.0,0.0,4.4895,1.516,0.0,0.5185,-2.907,0.0,2.5399,11.0988,0.1216,0,synthetic
2024-07-06T23:00:00,143,kv-03,Bhalgaon,1.553,3.105,69.089,135.849,82.111,0.665,3.6,7.291,26.0,1195.0,10.8,82.0,2.6,70.0,24.0,0.12,0,7,23,2.356,0.749,0.0,5.1476,1.5302,0.0138,0.502,-2.935,0.6491,2.4593,10.9079,0.1178,0,synthetic
2024-07-07T00:00:00,144,kv-03,Bhalgaon,2.514,5.081,70.594,137.738,82.421,0.675,3.6,7.468,26.0,1195.0,10.8,82.0,2.6,70.0,24.0,0.12,0,7,0,2.3355,2.7455,0.0,6.3027,1.5515,0.0509,0.5079,-2.925,2.3794,2.4884,10.7189,0.1192,0,synthetic
2024-07-07T01:00:00,145,kv-03,Bhalgaon,3.897,7.963,72.994,141.112,82.727,0.735,3.6,8.552,26.0,1195.0,10.8,82.0,2.6,70.0,24.0,0.12,0,7,1,2.3152,5.6478,0.0,7.9989,1.5821,0.1051,0.5427,-2.865,4.8948,2.6586,10.5323,0.1273,0,synthetic
2024-07-07T02:00:00,146,kv-03,Bhalgaon,5.45,11.86,76.526,145.848,83.029,0.846,3.6,10.706,26.0,1195.0,10.8,82.0,2.6,70.0,24.0,0.12,0,7,2,2.2952,9.5648,0.0089,10.3043,1.6245,0.1787,0.604,-2.754,8.2895,2.9591,10.3482,0.1417,0,synthetic
2024-07-07T03:00:00,147,kv-03,Bhalgaon,6.742,16.089,80.716,151.847,83.327,0.993,3.6,13.843,26.0,1195.0,10.8,82.0,2.6,70.0,24.0,0.12,1,7,3,2.2754,13.8136,0.4017,12.8248,1.674,0.259,0.6805,-2.607,11.9718,4.5003,10.1665,0.1596,0,synthetic
2024-07-07T04:00:00,148,kv-03,Bhalgaon,8.45,20.642,86.175,159.48,83.621,1.188,3.6,18.442,26.0,1195.0,10.8,82.0,2.6,70.0,24.0,0.12,0,7,4,2.2559,18.3861,1.3805,15.5814,1.737,0.3459,0.7751,-2.412,15.9346,3.7973,9.9872,0.1818,0,synthetic
2024-07-07T05:00:00,149,kv-03,Bhalgaon,10.0,25.191,92.578,168.68,83.912,1.419,3.6,24.519,26.0,1195.0,10.8,82.0,2.6,70.0,24.0,0.12,0,7,5,2.2366,22.9544,2.8242,18.381,1.8102,0.4334,0.8801,-2.181,19.8938,4.3115,9.8098,0.2065,0,synthetic
2024-07-07T06:00:00,150,kv-03,Bhalgaon,11.898,30.347,100.158,180.039,84.199,1.695,3.6,32.575,26.0,1195.0,10.8,82.0,2.6,70.0,24.0,0.12,0,7,6,2.2176,28.1294,4.9162,21.572,1.8961,0.5329,0.9979,-1.905,24.3788,4.8887,9.6348,0.2341,0,synthetic
2024-07-07T07:00:00,151,kv-03,Bhalgaon,12.547,34.444,108.073,191.699,84.483,1.963,3.6,41.206,26.0,1195.0,10.8,82.0,2.6,70.0,24.0,0.12,1,7,7,2.1988,32.2452,6.8635,24.1951,1.9861,0.6129,1.1067,-1.637,27.9459,7.319,9.4616,0.2596,0,synthetic
2024-07-07T08:00:00,152,kv-03,Bhalgaon,13.112,37.557,116.13,204.129,84.763,2.22,3.6,50.167,26.0,1195.0,10.8,82.0,2.6,70.0,24.0,0.12,0,7,8,2.1802,35.3768,8.4865,26.287,2.0781,0.6747,1.2069,-1.38,30.6599,5.9127,9.2909,0.2831,0,synthetic
2024-07-07T09:00:00,153,kv-03,Bhalgaon,13.722,39.381,124.747,217.031,85.04,2.468,3.6,59.395,26.0,1195.0,10.8,82.0,2.6,70.0,24.0,0.12,0,7,9,2.1618,37.2192,9.4887,27.694,2.1765,0.7122,1.3007,-1.132,32.2566,6.3721,9.122,0.3051,0,synthetic
2024-07-07T10:00:00,154,kv-03,Bhalgaon,13.306,40.14,132.86,229.383,85.313,2.667,3.6,67.277,26.0,1195.0,10.8,82.0,2.6,70.0,24.0,0.12,1,7,10,2.1437,37.9963,9.9162,28.4929,2.27,0.7294,1.3744,-0.933,32.9301,9.0896,8.9555,0.3224,0,synthetic
2024-07-07T11:00:00,155,kv-03,Bhalgaon,12.611,39.639,140.186,241.324,85.583,2.815,3.6,73.331,26.0,1195.0,10.8,82.0,2.6,70.0,24.0,0.12,0,7,11,2.1258,37.5132,9.6334,28.5667,2.3555,0.7224,1.4282,-0.785,32.5114,6.9968,8.7909,0.3351,0,synthetic
2024-07-07T12:00:00,156,kv-03,Bhalgaon,11.563,37.48,146.48,252.238,85.85,2.904,3.6,77.074,26.0,1195.0,10.8,82.0,2.6,70.0,24.0,0.12,1,7,12,2.1081,35.3719,8.445,27.6835,2.4304,0.6833,1.4603,-0.696,30.6556,9.658,8.628,0.3426,0,synthetic
2024-07-07T13:00:00,157,kv-03,Bhalgaon,10.389,34.563,152.319,262.004,86.113,2.938,3.6,78.511,26.0,1195.0,10.8,82.0,2.6,70.0,24.0,0.12,1,7,13,2.0907,32.4723,6.9234,26.3591,2.5007,0.6292,1.4725,-0.662,28.1427,9.7385,8.4677,0.3454,0,synthetic
2024-07-07T14:00:00,158,kv-03,Bhalgaon,8.516,30.468,157.184,269.845,86.373,2.898,3.6,76.838,26.0,1195.0,10.8,82.0,2.6,70.0,24.0,0.12,1,7,14,2.0735,28.3945,4.9703,24.3383,2.5608,0.5518,1.4582,-0.702,24.6086,9.6439,8.3091,0.3421,0,synthetic
2024-07-07T15:00:00,159,kv-03,Bhalgaon,6.559,25.464,160.801,275.658,86.63,2.794,3.6,72.44,26.0,1195.0,10.8,82.0,2.6,70.0,24.0,0.12,1,7,15,2.0564,23.4076,2.9236,21.7581,2.6076,0.4563,1.4206,-0.806,20.2866,9.3952,8.1524,0.3333,0,synthetic
2024-07-07T16:00:00,160,kv-03,Bhalgaon,5.748,20.823,163.927,280.85,86.883,2.674,3.6,67.549,26.0,1195.0,10.8,82.0,2.6,70.0,24.0,0.12,1,7,16,2.0397,18.7833,1.4297,19.3552,2.6491,0.3672,1.3769,-0.926,16.2789,9.1064,7.9982,0.323,0,synthetic
2024-07-07T17:00:00,161,kv-03,Bhalgaon,3.072,15.378,165.447,283.015,87.134,2.474,3.6,59.64,26.0,1195.0,10.8,82.0,2.6,70.0,24.0,0.12,0,7,17,2.023,13.355,0.2978,16.431,2.6733,0.2618,1.303,-1.126,11.5743,6.3832,7.8451,0.3057,0,synthetic
2024-07-07T18:00:00,162,kv-03,Bhalgaon,1.906,10.726,166.142,284.209,87.381,2.258,3.6,51.55,26.0,1195.0,10.8,82.0,2.6,70.0,24.0,0.12,0,7,18,2.0066,8.7194,0.0,13.9059,2.6885,0.1714,1.2215,-1.342,7.5568,5.984,7.6945,0.2866,0,synthetic
2024-07-07T19:00:00,163,kv-03,Bhalgaon,1.029,6.008,166.553,284.649,87.625,2.039,3.6,43.788,26.0,1195.0,10.8,82.0,2.6,70.0,24.0,0.12,0,7,19,1.9905,4.0175,0.0,11.3292,2.7005,0.0792,1.1367,-1.561,3.4819,5.5686,7.5457,0.2667,0,synthetic
2024-07-07T20:00:00,164,kv-03,Bhalgaon,0.281,3.217,166.416,284.381,87.594,1.834,3.6,36.951,26.0,1195.0,10.8,82.0,2.6,70.0,24.0,0.12,0,7,20,1.9925,1.2245,0.0,9.7873,2.6981,0.0241,1.0549,-1.766,1.0612,5.1679,7.5646,0.2475,0,synthetic
2024-07-07T21:00:00,165,kv-03,Bhalgaon,0.412,1.723,166.29,283.994,87.634,1.655,3.6,31.353,26.0,1195.0,10.8,82.0,2.6,70.0,24.0,0.12,0,7,21,1.723,0.0,0.0,8.9585,2.6979,0.0,0.9812,-1.945,0.0,4.807,7.5402,0.2302,0,synthetic
2024-07-07T22:00:00,166,kv-03,Bhalgaon,1.006,1.7,166.282,284.067,87.875,1.509,3.6,27.049,26.0,1195.0,10.8,82.0,2.6,70.0,24.0,0.12,1,7,22,1.7,0.0,0.0,8.946,2.7053,0.0,0.9193,-2.091,0.0,6.0796,7.3933,0.2157,0,synthetic
2024-07-07T23:00:00,167,kv-03,Bhalgaon,2.515,3.934,167.245,274.805,88.113,1.435,3.6,24.956,26.0,1195.0,10.8,82.0,2.6,70.0,24.0,0.12,0,7,23,1.9581,1.9759,0.0,10.1529,2.7232,0.0392,0.8871,-2.165,1.7124,4.3457,7.2482,0.2081,0,synthetic
2024-07-08T00:00:00,168,kv-03,Bhalgaon,4.27,7.791,169.001,278.386,88.349,1.433,3.6,24.908,26.0,1195.0,10.8,82.0,2.6,70.0,24.0,0.12,0,7,0,1.9425,5.8485,0.0,12.3625,2.7499,0.1163,0.8862,-2.167,5.0687,4.3417,7.1043,0.2079,0,synthetic
2024-07-08T01:00:00,169,kv-03,Bhalgaon,6.376,13.161,171.48,283.88,88.581,1.509,3.6,27.037,26.0,1195.0,10.8,82.0,2.6,70.0,24.0,0.12,0,7,1,1.9271,11.2339,0.0699,15.4433,2.7845,0.2239,0.9192,-2.091,9.7361,4.5031,6.9628,0.2156,0,synthetic
2024-07-08T02:00:00,170,kv-03,Bhalgaon,8.906,19.552,174.937,291.963,88.81,1.668,3.6,31.747,26.0,1195.0,10.8,82.0,2.6,70.0,24.0,0.12,0,7,2,1.9119,17.6401,1.1,19.1385,2.8301,0.3525,0.9867,-1.932,15.2881,4.8336,6.8232,0.2315,0,synthetic
2024-07-08T03:00:00,171,kv-03,Bhalgaon,11.309,26.592,179.504,302.335,89.036,1.897,3.6,38.997,26.0,1195.0,10.8,82.0,2.6,70.0,24.0,0.12,0,7,3,1.8969,24.6951,3.3487,23.2466,2.8881,0.4947,1.0803,-1.703,21.4024,5.2922,6.6854,0.2534,0,synthetic
2024-07-08T04:00:00,172,kv-03,Bhalgaon,33.249,53.464,204.303,333.813,89.26,2.899,3.6,76.847,26.0,1195.0,10.8,82.0,2.6,70.0,24.0,0.12,0,7,4,1.8821,51.5819,18.2563,39.1529,3.1721,1.0359,1.4585,-0.701,44.7043,7.1451,6.5488,0.3422,0,synthetic
2024-07-08T05:00:00,173,kv-03,Bhalgaon,16.677,61.235,210.98,349.397,89.481,3.164,3.6,88.418,26.0,1195.0,10.8,82.0,2.6,70.0,24.0,0.12,0,7,5,1.8674,59.3676,23.6998,43.7747,3.2546,1.1953,1.5529,-0.436,51.4519,7.6076,6.414,0.3643,0,synthetic
2024-07-08T06:00:00,174,kv-03,Bhalgaon,17.895,67.821,216.978,365.857,89.699,3.436,3.6,100.863,26.0,1195.0,10.8,82.0,2.6,70.0,24.0,0.12,1,7,6,1.853,65.968,28.5652,47.7248,3.3298,1.3314,1.648,-0.164,57.1723,10.8992,6.2811,0.3866,0,synthetic
2024-07-08T07:00:00,175,kv-03,Bhalgaon,19.425,53.997,223.856,383.951,89.914,3.722,3.6,114.642,26.0,1195.0,10.8,82.0,2.6,70.0,24.0,0.12,1,7,7,1.8387,52.1583,18.6179,40.4926,3.4151,1.0552,1.7465,0.122,45.2039,11.5505,6.15,0.4097,0,synthetic
2024-07-08T08:00:00,176,kv-03,Bhalgaon,19.835,57.156,230.579,402.489,90.127,3.978,3.6,127.531,26.0,1195.0,10.8,82.0,2.6,70.0,24.0,0.12,1,7,8,1.8246,55.3314,20.7982,42.5981,3.4989,1.122,1.8334,0.378,47.9539,12.1256,6.0201,0.4301,1,synthetic
2024-07-08T09:00:00,177,kv-03,Bhalgaon,19.933,59.193,236.79,421.071,90.337,4.196,3.6,138.901,26.0,1195.0,10.8,82.0,2.6,70.0,24.0,0.12,0,7,9,1.8107,57.3823,22.2356,44.0675,3.5772,1.1663,1.9067,0.596,49.7314,9.3409,5.8921,0.4473,1,synthetic
2024-07-08T10:00:00,178,kv-03,Bhalgaon,18.918,58.685,242.402,438.561,90.544,4.341,3.6,146.633,26.0,1195.0,10.8,82.0,2.6,70.0,24.0,0.12,1,7,10,1.7969,56.8881,21.8749,44.1078,3.6489,1.1589,1.955,0.741,49.303,12.9299,5.7659,0.4586,1,synthetic
2024-07-08T11:00:00,179,kv-03,Bhalgaon,17.373,56.223,247.164,454.466,90.749,4.404,3.6,150.074,26.0,1195.0,10.8,82.0,2.6,70.0,24.0,0.12,0,7,11,1.7833,54.4397,20.1479,43.0317,3.7112,1.1116,1.976,0.804,47.181,9.6804,5.6409,0.4636,1,synthetic
2024-07-08T12:00:00,180,kv-03,Bhalgaon,15.549,51.84,251.149,468.298,90.951,4.39,3.6,149.309,26.0,1195.0,10.8,82.0,2.6,70.0,24.0,0.12,1,7,12,1.7699,50.0701,17.166,40.857,3.7648,1.0246,1.9713,0.79,43.394,13.0378,5.5177,0.4625,1,synthetic
2024-07-08T13:00:00,181,kv-03,Bhalgaon,13.308,46.23,254.069,480.25,91.151,4.297,3.6,144.273,26.0,1195.0,10.8,82.0,2.6,70.0,24.0,0.12,0,7,13,1.7567,44.4733,13.5468,37.9556,3.8063,0.9121,1.9404,0.697,38.5435,9.506,5.3957,0.4552,1,synthetic
2024-07-08T14:00:00,182,kv-03,Bhalgaon,10.78,39.637,256.333,489.769,91.348,4.128,3.6,135.301,26.0,1195.0,10.8,82.0,2.6,70.0,24.0,0.12,1,7,14,1.7436,37.8934,9.6323,34.4739,3.8404,0.7788,1.8839,0.528,32.8409,12.4594,5.2756,0.442,1,synthetic
2024-07-08T15:00:00,183,kv-03,Bhalgaon,8.149,32.237,257.923,496.654,91.543,3.892,3.6,123.144,26.0,1195.0,10.8,82.0,2.6,70.0,24.0,0.12,0,7,15,1.7307,30.5063,5.786,30.5065,3.8668,0.6283,1.8043,0.292,26.4388,8.8394,5.1567,0.4233,1,synthetic
2024-07-08T16:00:00,184,kv-03,Bhalgaon,5.773,24.702,257.948,501.173,91.736,3.609,3.6,109.128,26.0,1195.0,10.8,82.0,2.6,70.0,24.0,0.12,0,7,16,1.7179,22.9841,2.6494,26.3915,3.8752,0.4744,1.7077,0.009,19.9196,8.3662,5.039,0.4006,1,synthetic
2024-07-08T17:00:00,185,kv-03,Bhalgaon,3.847,17.768,258.723,504.133,91.925,3.301,3.6,94.632,26.0,1195.0,10.8,82.0,2.6,70.0,24.0,0.12,0,7,17,1.7054,16.0626,0.7019,22.6253,3.8921,0.3322,1.601,-0.299,13.9209,7.8434,4.9238,0.3756,0,synthetic
2024-07-08T18:00:00,186,kv-03,Bhalgaon,1.788,11.408,258.605,493.132,92.113,2.966,3.6,79.744,26.0,1195.0,10.8,82.0,2.6,70.0,24.0,0.12,1,7,18,1.6929,9.7151,0.0012,19.0542,3.8987,0.2013,1.4826,-0.634,8.4197,9.8052,4.8091,0.3478,0,synthetic
2024-07-08T19:00:00,187,kv-03,Bhalgaon,0.699,6.335,258.275,493.262,92.298,2.641,3.6,66.23,26.0,1195.0,10.8,82.0,2.6,70.0,24.0,0.12,0,7,19,1.6806,4.6544,0.0,16.2524,3.9028,0.0967,1.3648,-0.959,4.0338,6.6863,4.6963,0.3202,0,synthetic
2024-07-08T20:00:00,188,kv-03,Bhalgaon,0.184,2.672,258.177,492.879,92.208,2.356,3.6,55.176,26.0,1195.0,10.8,82.0,2.6,70.0,24.0,0.12,0,7,20,1.6866,0.9854,0.0,14.2317,3.8978,0.0204,1.2587,-1.244,0.854,6.1664,4.7512,0.2953,0,synthetic
2024-07-08T21:00:00,189,kv-03,Bhalgaon,0.343,1.226,258.108,492.387,92.206,2.111,3.6,46.283,26.0,1195.0,10.8,82.0,2.6,70.0,24.0,0.12,0,7,21,1.226,0.0,0.0,13.4308,3.8969,0.0,1.1648,-1.489,0.0,5.7064,4.7524,0.2733,0,synthetic
2024-07-08T22:00:00,190,kv-03,Bhalgaon,1.071,1.599,258.173,492.722,92.39,1.915,3.6,39.6,26.0,1195.0,10.8,82.0,2.6,70.0,24.0,0.12,0,7,22,1.599,0.0,0.0,13.6404,3.9055,0.0,1.0875,-1.685,0.0,5.3277,4.6402,0.2551,0,synthetic
2024-07-08T23:00:00,191,kv-03,Bhalgaon,3.306,4.72,258.964,495.298,92.572,1.825,3.6,36.655,26.0,1195.0,10.8,82.0,2.6,70.0,24.0,0.12,0,7,23,1.6625,3.0575,0.0,15.4028,3.9223,0.0637,1.0512,-1.775,2.6499,5.1499,4.5293,0.2466,0,synthetic
2024-07-09T00:00:00,192,kv-03,Bhalgaon,4.3,8.677,258.993,498.589,92.751,1.782,3.6,35.279,26.0,1195.0,10.8,82.0,2.6,70.0,24.0,0.12,0,7,0,1.6506,7.0264,0.0,17.6008,3.9302,0.1466,1.0337,-1.818,6.0895,5.064,4.4201,0.2425,0,synthetic
2024-07-09T01:00:00,193,kv-03,Bhalgaon,6.27,13.875,258.887,503.362,92.928,1.816,3.6,36.361,26.0,1195.0,10.8,82.0,2.6,70.0,24.0,0.12,1,7,1,1.6389,12.2361,0.1269,20.4855,3.9365,0.2558,1.0475,-1.784,10.6046,6.928,4.3122,0.2457,0,synthetic
2024-07-09T02:00:00,194,kv-03,Bhalgaon,8.483,19.053,258.464,509.927,93.103,1.926,3.6,39.972,26.0,1195.0,10.8,82.0,2.6,70.0,24.0,0.12,1,7,2,1.6273,17.4257,0.9808,23.3586,3.939,0.365,1.0919,-1.674,15.1023,7.2216,4.2055,0.2562,0,synthetic
2024-07-09T03:00:00,195,kv-03,Bhalgaon,10.368,25.121,257.522,517.742,93.276,2.093,3.6,45.629,26.0,1195.0,10.8,82.0,2.6,70.0,24.0,0.12,0,7,3,1.6158,23.5052,2.7989,26.7095,3.9353,0.4933,1.1577,-1.507,20.3712,5.6717,4.1,0.2716,0,synthetic
2024-07-09T04:00:00,196,kv-03,Bhalgaon,12.463,31.314,236.736,527.214,93.447,2.315,3.6,53.621,26.0,1195.0,10.8,82.0,2.6,70.0,24.0,0.12,1,7,4,1.6045,29.7095,5.3549,29.3954,3.6998,0.6247,1.2431,-1.285,25.7483,8.2215,3.9957,0.2916,0,synthetic
2024-07-09T05:00:00,197,kv-03,Bhalgaon,14.775,37.605,234.834,538.392,93.615,2.593,3.6,64.296,26.0,1195.0,10.8,82.0,2.6,70.0,24.0,0.12,0,7,5,1.5933,36.0117,8.5124,32.854,3.6841,0.7585,1.3471,-1.007,31.2101,6.5995,3.8933,0.316,0,synthetic
2024-07-09T06:00:00,198,kv-03,Bhalgaon,15.312,42.549,232.251,549.386,93.781,2.854,3.6,74.951,26.0,1195.0,10.8,82.0,2.6,70.0,24.0,0.12,1,7,6,1.5823,40.9667,11.3113,35.545,3.6604,0.8644,1.4423,-0.746,35.5045,9.5388,3.7921,0.3384,0,synthetic
2024-07-09T07:00:00,199,kv-03,Bhalgaon,16.206,46.292,229.031,560.961,93.946,3.111,3.6,86.051,26.0,1195.0,10.8,82.0,2.6,70.0,24.0,0.12,1,7,7,1.5714,44.7206,13.5854,37.5553,3.629,0.9453,1.5341,-0.489,38.7579,10.1462,3.6915,0.3599,0,synthetic
2024-07-09T08:00:00,200,kv-03,Bhalgaon,16.212,47.729,225.408,572.117,94.108,3.331,3.6,96.011,26.0,1195.0,10.8,82.0,2.6,70.0,24.0,0.12,1,7,8,1.5606,46.1684,14.4902,38.2795,3.5927,0.9776,1.6115,-0.269,40.0126,10.6579,3.5927,0.378,0,synthetic
2024-07-09T09:00:00,201,kv-03,Bhalgaon,15.363,47.78,220.838,582.375,94.268,3.488,3.6,103.331,26.0,1195.0,10.8,82.0,2.6,70.0,24.0,0.12,0,7,9,1.55,46.23,14.5226,38.2003,3.5449,0.9806,1.666,-0.112,40.066,8.1618,3.4951,0.3908,0,synthetic
2024-07-09T10:00:00,202,kv-03,Bhalgaon,14.784,46.359,216.705,591.966,94.426,3.599,3.6,108.667,26.0,1195.0,10.8,82.0,2.6,70.0,24.0,0.12,0,7,10,1.5396,44.8194,13.6273,37.3237,3.5021,0.9522,1.7043,-0.001,38.8435,8.3495,3.3988,0.3998,0,synthetic
2024-07-09T11:00:00,203,kv-03,Bhalgaon,21.145,51.293,220.477,607.827,94.583,3.925,3.6,124.837,26.0,1195.0,10.8,82.0,2.6,70.0,24.0,0.12,1,7,11,1.5291,49.7639,16.8029,40.278,3.5525,1.059,1.8155,0.325,43.1287,12.0072,3.303,0.4259,1,synthetic
2024-07-09T12:00:00,204,kv-03,Bhalgaon,11.819,47.749,216.747,614.377,94.737,3.859,3.6,121.471,26.0,1195.0,10.8,82.0,2.6,70.0,24.0,0.12,0,7,12,1.5189,46.2301,14.5029,38.2298,3.5141,0.9854,1.7931,0.259,40.0661,8.7845,3.2091,0.4207,1,synthetic
2024-07-09T13:00:00,205,kv-03,Bhalgaon,9.391,42.355,212.83,619.218,94.889,3.715,3.6,114.299,26.0,1195.0,10.8,82.0,2.6,70.0,24.0,0.12,0,7,13,1.5089,40.8461,11.1968,35.1465,3.4733,0.8721,1.7441,0.115,35.4,8.5442,3.1165,0.4091,1,synthetic
2024-07-09T14:00:00,206,kv-03,Bhalgaon,28.474,49.684,230.524,644.041,95.04,4.29,3.6,143.897,26.0,1195.0,10.8,82.0,2.6,70.0,24.0,0.12,0,7,14,1.4988,48.1852,15.7471,39.9961,3.689,1.0304,1.9381,0.69,41.7605,9.4946,3.0244,0.4547,1,synthetic
2024-07-09T15:00:00,207,kv-03,Bhalgaon,5.484,43.349,227.859,646.582,95.188,3.931,3.6,125.134,26.0,1195.0,10.8,82.0,2.6,70.0,24.0,0.12,0,7,15,1.489,41.86,11.7868,36.4278,3.6631,0.8965,1.8175,0.331,36.2786,8.9041,2.9341,0.4264,1,synthetic
2024-07-09T16:00:00,208,kv-03,Bhalgaon,3.817,37.776,225.904,647.778,95.335,3.572,3.6,107.366,26.0,1195.0,10.8,82.0,2.6,70.0,24.0,0.12,0,7,16,1.4793,36.2967,8.6049,33.2968,3.6454,0.7786,1.695,-0.028,31.4571,8.304,2.8445,0.3976,1,synthetic
2024-07-09T17:00:00,209,kv-03,Bhalgaon,2.168,11.47,224.225,648.395,95.479,3.211,3.6,90.539,26.0,1195.0,10.8,82.0,2.6,70.0,24.0,0.12,0,7,17,1.4697,10.0003,0.0018,18.7694,3.6309,0.2148,1.5695,-0.389,8.6669,7.6887,2.7567,0.3682,0,synthetic
2024-07-09T18:00:00,210,kv-03,Bhalgaon,1.214,7.2,223.651,648.398,95.622,2.871,3.6,75.68,26.0,1195.0,10.8,82.0,2.6,70.0,24.0,0.12,1,7,18,1.4603,5.7397,0.0,16.3994,3.6295,0.1235,1.4484,-0.729,4.9744,9.5795,2.6695,0.3398,0,synthetic
2024-07-09T19:00:00,211,kv-03,Bhalgaon,0.34,3.723,223.292,648.12,95.615,2.556,3.6,62.823,26.0,1195.0,10.8,82.0,2.6,70.0,24.0,0.12,0,7,19,1.4607,2.2623,0.0,14.4718,3.6249,0.0487,1.3334,-1.044,1.9606,6.5324,2.6738,0.3128,0,synthetic
2024-07-09T20:00:00,212,kv-03,Bhalgaon,0.071,1.625,223.179,647.772,95.459,2.281,3.6,52.385,26.0,1195.0,10.8,82.0,2.6,70.0,24.0,0.12,0,7,20,1.4711,0.1539,0.0,13.3115,3.6176,0.0033,1.2302,-1.319,0.1334,6.0269,2.7689,0.2886,0,synthetic
2024-07-09T21:00:00,213,kv-03,Bhalgaon,0.447,0.858,223.283,647.681,95.51,2.047,3.6,44.046,26.0,1195.0,10.8,82.0,2.6,70.0,24.0,0.12,1,7,21,0.858,0.0,0.0,12.893,3.6208,0.0,1.1398,-1.553,0.0,7.538,2.7378,0.2674,0,synthetic
2024-07-09T22:00:00,214,kv-03,Bhalgaon,1.065,1.583,223.277,647.732,95.653,1.861,3.6,37.804,26.0,1195.0,10.8,82.0,2.6,70.0,24.0,0.12,1,7,22,1.4582,0.1248,0.0,13.2919,3.6262,0.0027,1.0657,-1.739,0.1082,7.0483,2.6506,0.25,0,synthetic
2024-07-09T23:00:00,215,kv-03,Bhalgaon,1.207,2.719,221.178,647.386,95.793,1.702,3.6,32.787,26.0,1195.0,10.8,82.0,2.6,70.0,24.0,0.12,1,7,23,1.4489,1.2701,0.0,13.8358,3.6063,0.0274,1.0008,-1.898,1.1007,6.6188,2.5652,0.2348,0,synthetic
2024-07-10T00:00:00,216,kv-03,Bhalgaon,2.297,4.569,219.175,647.169,95.932,1.602,3.6,29.765,26.0,1195.0,10.8,82.0,2.6,70.0,24.0,0.12,1,7,0,1.4397,3.1293,0.0,14.7768,3.5876,0.0675,0.959,-1.998,2.7121,6.3422,2.4805,0.225,0,synthetic
2024-07-10T01:00:00,217,kv-03,Bhalgaon,3.311,6.815,216.216,646.583,96.07,1.551,3.6,28.257,26.0,1195.0,10.8,82.0,2.6,70.0,24.0,0.12,1,7,1,1.4306,5.3844,0.0,15.8975,3.5572,0.1164,0.9373,-2.049,4.6665,6.1986,2.3963,0.2199,0,synthetic
2024-07-10T02:00:00,218,kv-03,Bhalgaon,4.273,9.881,212.006,645.406,96.205,1.541,3.6,27.959,26.0,1195.0,10.8,82.0,2.6,70.0,24.0,0.12,0,7,2,1.4216,8.4594,0.0,17.4186,3.5116,0.1831,0.9329,-2.059,7.3315,4.5704,2.314,0.2189,0,synthetic
2024-07-10T03:00:00,219,kv-03,Bhalgaon,5.667,13.251,207.305,644.331,96.339,1.583,3.6,29.183,26.0,1195.0,10.8,82.0,2.6,70.0,24.0,0.12,0,7,3,1.4127,11.8383,0.0762,19.0891,3.4598,0.2566,0.9508,-2.017,10.2598,4.658,2.2323,0.2231,0,synthetic
2024-07-10T04:00:00,220,kv-03,Bhalgaon,6.151,16.091,200.993,642.032,96.471,1.637,3.6,30.815,26.0,1195.0,10.8,82.0,2.6,70.0,24.0,0.12,0,7,4,1.404,14.687,0.402,20.4,3.3885,0.3188,0.9737,-1.963,12.7288,4.7702,2.1518,0.2284,0,synthetic
2024-07-10T05:00:00,221,kv-03,Bhalgaon,6.577,18.395,192.795,638.61,96.602,1.701,3.6,32.767,26.0,1195.0,10.8,82.0,2.6,70.0,24.0,0.12,1,7,5,1.3953,16.9997,0.8329,21.3384,3.2941,0.3695,1.0004,-1.899,14.7331,6.6164,2.072,0.2347,0,synthetic
2024-07-10T06:00:00,222,kv-03,Bhalgaon,6.954,19.682,184.438,633.666,96.731,1.772,3.6,34.966,26.0,1195.0,10.8,82.0,2.6,70.0,24.0,0.12,1,7,6,1.3867,18.2953,1.132,21.7019,3.1974,0.3982,1.0296,-1.828,15.8559,6.8094,1.9933,0.2415,0,synthetic
2024-07-10T07:00:00,223,kv-03,Bhalgaon,7.167,20.698,175.399,628.287,96.858,1.842,3.6,37.203,26.0,1195.0,10.8,82.0,2.6,70.0,24.0,0.12,0,7,7,1.3783,19.3197,1.3957,21.8882,3.0922,0.421,1.0581,-1.758,16.7437,5.1836,1.9159,0.2482,0,synthetic
2024-07-10T08:00:00,224,kv-03,Bhalgaon,7.156,21.278,166.344,622.331,96.983,1.903,3.6,39.206,26.0,1195.0,10.8,82.0,2.6,70.0,24.0,0.12,0,7,8,1.37,19.908,1.5566,21.8304,2.9864,0.4344,1.0827,-1.697,17.2536,5.3042,1.8396,0.254,0,synthetic
2024-07-10T09:00:00,225,kv-03,Bhalgaon,6.796,21.12,157.777,615.405,97.108,1.944,3.6,40.562,26.0,1195.0,10.8,82.0,2.6,70.0,24.0,0.12,0,7,9,1.3617,19.7583,1.512,21.3789,2.8863,0.4317,1.0991,-1.656,17.1238,5.3844,1.7634,0.2578,0,synthetic
2024-07-10T10:00:00,226,kv-03,Bhalgaon,6.251,20.203,149.243,608.35,97.23,1.96,3.6,41.101,26.0,1195.0,10.8,82.0,2.6,70.0,24.0,0.12,1,7,10,1.3537,18.8493,1.2643,20.5104,2.7862,0.4124,1.1055,-1.64,16.3361,7.3111,1.689,0.2593,0,synthetic
2024-07-10T11:00:00,227,kv-03,Bhalgaon,5.419,18.465,133.517,601.158,97.351,1.944,3.6,40.562,26.0,1195.0,10.8,82.0,2.6,70.0,24.0,0.12,1,7,11,1.3456,17.1194,0.8481,18.9199,2.5983,0.375,1.0991,-1.656,14.8368,7.2689,1.6152,0.2578,0,synthetic
2024-07-10T12:00:00,228,kv-03,Bhalgaon,4.712,16.381,126.409,594.306,97.47,1.904,3.6,39.24,26.0,1195.0,10.8,82.0,2.6,70.0,24.0,0.12,0,7,12,1.3377,15.0433,0.4485,17.4643,2.5148,0.3299,1.0831,-1.696,13.0375,5.3062,1.5427,0.2541,0,synthetic
2024-07-10T13:00:00,229,kv-03,Bhalgaon,4.072,14.202,121.09,587.989,97.588,1.846,3.6,37.336,26.0,1195.0,10.8,82.0,2.6,70.0,24.0,0.12,1,7,13,1.3299,12.8721,0.1583,16.0269,2.453,0.2826,1.0597,-1.754,11.1558,7.0087,1.4707,0.2486,0,synthetic
2024-07-10T14:00:00,230,kv-03,Bhalgaon,3.044,11.827,95.66,582.517,97.705,1.757,3.6,34.51,26.0,1195.0,10.8,82.0,2.6,70.0,24.0,0.12,0,7,14,1.3222,10.5048,0.0081,13.7328,2.1454,0.2309,1.0235,-1.843,9.1042,5.0142,1.3994,0.2401,0,synthetic
2024-07-10T15:00:00,231,kv-03,Bhalgaon,1.93,9.046,92.106,577.888,97.82,1.639,3.6,30.858,26.0,1195.0,10.8,82.0,2.6,70.0,24.0,0.12,0,7,15,1.3145,7.7315,0.0,12.0411,2.1044,0.1702,0.9745,-1.961,6.7006,4.7739,1.3293,0.2286,0,synthetic
2024-07-10T16:00:00,232,kv-03,Bhalgaon,1.403,6.377,89.692,573.543,97.933,1.515,3.6,27.209,26.0,1195.0,10.8,82.0,2.6,70.0,24.0,0.12,0,7,16,1.307,5.07,0.0,10.4554,2.0773,0.1117,0.9218,-2.085,4.394,4.5158,1.2604,0.2162,0,synthetic
2024-07-10T17:00:00,233,kv-03,Bhalgaon,18.173,21.506,105.696,588.644,98.045,2.016,3.6,43.0,26.0,1195.0,10.8,82.0,2.6,70.0,24.0,0.12,0,7,17,1.2996,20.2064,1.6218,19.4709,2.2758,0.4458,1.1276,-1.584,17.5122,5.5242,1.1921,0.2645,0,synthetic
2024-07-10T18:00:00,234,kv-03,Bhalgaon,0.522,20.098,105.005,587.26,98.135,1.816,3.6,36.38,26.0,1195.0,10.8,82.0,2.6,70.0,24.0,0.12,1,7,18,1.2936,18.8044,1.2371,18.662,2.2694,0.4152,1.0476,-1.784,16.2971,6.9285,1.1372,0.2458,0,synthetic
2024-07-10T19:00:00,235,kv-03,Bhalgaon,0.192,18.887,104.857,586.423,98.043,1.637,3.6,30.814,26.0,1195.0,10.8,82.0,2.6,70.0,24.0,0.12,0,7,19,1.2997,17.5873,0.9425,17.9851,2.2655,0.388,0.9737,-1.963,15.2423,4.7702,1.1933,0.2284,0,synthetic
2024-07-10T20:00:00,236,kv-03,Bhalgaon,0.28,0.994,105.065,586.421,97.999,1.48,3.6,26.219,26.0,1195.0,10.8,82.0,2.6,70.0,24.0,0.12,0,7,20,0.994,0.0,0.0,8.1518,2.267,0.0,0.9067,-2.12,0.0,4.4419,1.2201,0.2127,0,synthetic
2024-07-10T21:00:00,237,kv-03,Bhalgaon,0.081,0.553,104.699,586.09,97.846,1.339,3.6,22.331,26.0,1195.0,10.8,82.0,2.6,70.0,24.0,0.12,1,7,21,0.553,0.0,0.0,7.8934,2.259,0.0,0.8444,-2.261,0.0,5.5846,1.3134,0.1981,0,synthetic
2024-07-10T22:00:00,238,kv-03,Bhalgaon,0.125,0.486,103.759,585.209,97.717,1.214,3.6,19.084,26.0,1195.0,10.8,82.0,2.6,70.0,24.0,0.12,1,7,22,0.486,0.0,0.0,7.8158,2.2445,0.0,0.7872,-2.386,0.0,5.2063,1.3921,0.1847,0,synthetic
2024-07-10T23:00:00,239,kv-03,Bhalgaon,0.51,0.716,103.062,583.203,97.8,1.106,3.6,16.442,26.0,1195.0,10.8,82.0,2.6,70.0,24.0,0.12,0,7,23,0.716,0.0,0.0,7.9036,2.2379,0.0,0.7361,-2.494,0.0,3.6059,1.3415,0.1727,0,synthetic
2024-07-11T00:00:00,240,kv-03,Bhalgaon,0.895,1.53,101.66,579.829,97.914,1.022,3.6,14.49,26.0,1195.0,10.8,82.0,2.6,70.0,24.0,0.12,0,7,0,1.3083,0.2217,0.0,8.2777,2.2234,0.0049,0.6949,-2.578,0.1921,3.4044,1.272,0.163,0,synthetic
2024-07-11T01:00:00,241,kv-03,Bhalgaon,1.186,2.59,99.535,574.638,98.026,0.957,3.6,13.049,26.0,1195.0,10.8,82.0,2.6,70.0,24.0,0.12,0,7,1,1.3009,1.2891,0.0,8.7486,2.1999,0.0284,0.6622,-2.643,1.1172,3.2442,1.2037,0.1554,0,synthetic
2024-07-11T02:00:00,242,kv-03,Bhalgaon,1.358,3.439,96.62,567.09,98.137,0.905,3.6,11.938,26.0,1195.0,10.8,82.0,2.6,70.0,24.0,0.12,1,7,2,1.2935,2.1455,0.0,9.059,2.1666,0.0474,0.6354,-2.695,1.8594,4.2024,1.136,0.1491,0,synthetic
2024-07-11T03:00:00,243,kv-03,Bhalgaon,1.572,4.115,92.524,557.352,98.247,0.866,3.6,11.13,26.0,1195.0,10.8,82.0,2.6,70.0,24.0,0.12,1,7,3,1.2862,2.8288,0.0,9.2164,2.1187,0.0625,0.6149,-2.734,2.4516,4.0668,1.0689,0.1443,0,synthetic
2024-07-11T04:00:00,244,kv-03,Bhalgaon,1.793,4.722,88.166,525.896,98.355,0.84,3.6,10.585,26.0,1195.0,10.8,82.0,2.6,70.0,24.0,0.12,0,7,4,1.2791,3.4429,0.0,9.1902,2.0675,0.0762,0.6008,-2.76,2.9839,2.9433,1.003,0.1409,0,synthetic
2024-07-11T05:00:00,245,kv-03,Bhalgaon,1.691,5.055,83.281,510.91,98.462,0.812,3.6,10.029,26.0,1195.0,10.8,82.0,2.6,70.0,24.0,0.12,1,7,5,1.272,3.783,0.0,9.0965,2.0096,0.0838,0.5856,-2.788,3.2786,3.8732,0.9378,0.1374,0,synthetic
2024-07-11T06:00:00,246,kv-03,Bhalgaon,2.029,5.513,78.356,495.044,98.567,0.799,3.6,9.78,26.0,1195.0,10.8,82.0,2.6,70.0,24.0,0.12,0,7,6,1.265,4.248,0.0,9.0645,1.9511,0.0942,0.5786,-2.801,3.6816,2.8345,0.8738,0.1357,0,synthetic
2024-07-11T07:00:00,247,kv-03,Bhalgaon,2.038,5.758,73.227,477.657,98.671,0.788,3.6,9.564,26.0,1195.0,10.8,82.0,2.6,70.0,24.0,0.12,1,7,7,1.2581,4.4999,0.0,8.8983,1.8899,0.0999,0.5725,-2.812,3.8999,3.7863,0.8104,0.1343,0,synthetic
2024-07-11T08:00:00,248,kv-03,Bhalgaon,1.879,5.947,67.949,459.701,98.774,0.772,3.6,9.26,26.0,1195.0,10.8,82.0,2.6,70.0,24.0,0.12,0,7,8,1.2513,4.6957,0.0,8.6921,1.8267,0.1044,0.5637,-2.828,4.0696,2.7615,0.7476,0.1322,0,synthetic
2024-07-11T09:00:00,249,kv-03,Bhalgaon,1.806,5.723,62.959,441.574,98.876,0.755,3.6,8.939,26.0,1195.0,10.8,82.0,2.6,70.0,24.0,0.12,0,7,9,1.2445,4.4785,0.0,8.2684,1.7669,0.0996,0.5542,-2.845,3.8813,2.715,0.6854,0.13,0,synthetic
2024-07-11T10:00:00,250,kv-03,Bhalgaon,1.53,5.215,58.238,424.186,98.976,0.73,3.6,8.466,26.0,1195.0,10.8,82.0,2.6,70.0,24.0,0.12,0,7,10,1.2379,3.9771,0.0,7.7033,1.7103,0.0886,0.5399,-2.87,3.4468,2.6451,0.6244,0.1267,0,synthetic
2024-07-11T11:00:00,251,kv-03,Bhalgaon,1.369,4.705,54.189,408.183,99.075,0.702,3.6,7.942,26.0,1195.0,10.8,82.0,2.6,70.0,24.0,0.12,0,7,11,1.2313,3.4737,0.0,7.171,1.6618,0.0774,0.5236,-2.898,3.0105,2.5652,0.564,0.1228,0,synthetic
2024-07-11T12:00:00,252,kv-03,Bhalgaon,1.188,4.087,50.666,393.822,99.172,0.669,3.6,7.364,26.0,1195.0,10.8,82.0,2.6,70.0,24.0,0.12,1,7,12,1.2249,2.8621,0.0,6.6092,1.6198,0.0639,0.5044,-2.931,2.4805,3.3361,0.5049,0.1183,0,synthetic
2024-07-11T13:00:00,253,kv-03,Bhalgaon,0.828,3.385,47.421,381.342,99.269,0.627,3.6,6.631,26.0,1195.0,10.8,82.0,2.6,70.0,24.0,0.12,0,7,13,1.2185,2.1665,0.0,6.0234,1.5811,0.0484,0.479,-2.973,1.8777,2.3466,0.4457,0.1124,0,synthetic
2024-07-11T14:00:00,254,kv-03,Bhalgaon,0.821,2.837,45.198,371.382,99.364,0.588,3.6,5.989,26.0,1195.0,10.8,82.0,2.6,70.0,24.0,0.12,0,7,14,1.2122,1.6248,0.0,5.5764,1.555,0.0363,0.455,-3.012,1.4082,2.229,0.3878,0.1067,0,synthetic
2024-07-11T15:00:00,255,kv-03,Bhalgaon,0.48,2.128,43.748,363.713,99.429,0.542,3.6,5.258,26.0,1195.0,10.8,82.0,2.6,70.0,24.0,0.12,1,7,15,1.2079,0.9201,0.0,5.0842,1.538,0.0206,0.4256,-3.058,0.7975,2.815,0.3482,0.0999,0,synthetic
2024-07-11T16:00:00,256,kv-03,Bhalgaon,0.69,1.99,43.035,358.63,99.5,0.507,3.6,4.718,26.0,1195.0,10.8,82.0,2.6,70.0,24.0,0.12,0,7,16,1.2032,0.7868,0.0,4.9497,1.5302,0.0176,0.4024,-3.093,0.6819,1.9712,0.3049,0.0944,0,synthetic
2024-07-11T17:00:00,257,kv-03,Bhalgaon,0.429,1.598,25.291,355.212,99.5,0.468,3.6,4.15,26.0,1195.0,10.8,82.0,2.6,70.0,24.0,0.2043,0,7,17,1.2032,0.3948,0.0,4.0474,1.3096,0.0088,0.3758,-3.132,0.3422,1.8413,0.3049,0.0882,0,synthetic
2024-07-11T18:00:00,258,kv-03,Bhalgaon,0.679,1.797,25.447,354.103,99.5,0.439,3.6,3.745,26.0,1195.0,10.8,82.0,2.6,70.0,24.0,0.2024,0,7,18,1.2032,0.5938,0.0,4.1558,1.3115,0.0133,0.3555,-3.161,0.5147,1.7416,0.3049,0.0834,0,synthetic
2024-07-11T19:00:00,259,kv-03,Bhalgaon,0.11,1.218,25.365,353.514,99.361,0.403,3.6,3.265,26.0,1195.0,10.8,82.0,2.6,70.0,24.0,0.2039,1,7,19,1.2124,0.0056,0.0,3.8305,1.3086,0.0001,0.3295,-3.197,0.0049,2.1793,0.3896,0.0773,0,synthetic
2024-07-11T20:00:00,260,kv-03,Bhalgaon,0.255,1.044,25.34,353.584,99.302,0.371,3.6,2.867,26.0,1195.0,10.8,82.0,2.6,70.0,24.0,0.2044,0,7,20,1.044,0.0,0.0,3.7343,1.3076,0.0,0.3059,-3.229,0.0,1.4987,0.4256,0.0718,0,synthetic
2024-07-11T21:00:00,261,kv-03,Bhalgaon,0.252,0.617,25.512,353.493,99.242,0.342,3.6,2.521,26.0,1195.0,10.8,82.0,2.6,70.0,24.0,0.2025,0,7,21,0.617,0.0,0.0,3.5054,1.3089,0.0,0.2838,-3.258,0.0,1.3904,0.4622,0.0666,0,synthetic
2024-07-11T22:00:00,262,kv-03,Bhalgaon,0.127,0.634,25.514,352.55,99.113,0.315,3.6,2.206,26.0,1195.0,10.8,82.0,2.6,70.0,24.0,0.2029,0,7,22,0.634,0.0,0.0,3.5089,1.3072,0.0,0.2623,-3.285,0.0,1.2848,0.5409,0.0615,0,synthetic
2024-07-11T23:00:00,263,kv-03,Bhalgaon,0.693,1.072,25.697,349.936,99.21,0.3,3.6,2.038,26.0,1195.0,10.8,82.0,2.6,70.0,24.0,0.2004,0,7,23,1.072,0.0,0.0,3.7403,1.3108,0.0,0.25,-3.3,0.0,1.2248,0.4817,0.0587,0,synthetic
2024-07-12T00:00:00,264,kv-03,Bhalgaon,0.323,1.143,25.124,345.96,99.188,0.278,3.6,1.807,26.0,1195.0,10.8,82.0,2.6,70.0,24.0,0.2073,0,7,0,1.143,0.0,0.0,3.733,1.3034,0.0,0.232,-3.322,0.0,1.1368,0.4951,0.0544,0,synthetic
2024-07-12T01:00:00,265,kv-03,Bhalgaon,0.711,1.726,24.649,340.4,99.285,0.267,3.6,1.69,26.0,1195.0,10.8,82.0,2.6,70.0,24.0,0.2127,1,7,1,1.2174,0.5086,0.0,4.0011,1.2988,0.0114,0.2226,-3.333,0.4408,1.4722,0.436,0.0522,0,synthetic
2024-07-12T02:00:00,266,kv-03,Bhalgaon,0.547,1.581,23.839,332.465,99.38,0.25,3.6,1.527,26.0,1195.0,10.8,82.0,2.6,70.0,24.0,0.2221,1,7,2,1.2111,0.3699,0.0,3.8414,1.2899,0.0083,0.2085,-3.35,0.3206,1.3789,0.378,0.0489,0,synthetic
2024-07-12T03:00:00,267,kv-03,Bhalgaon,0.438,1.696,22.705,322.535,99.421,0.25,3.6,1.523,26.0,1195.0,10.8,82.0,2.6,70.0,24.0,0.2356,0,7,3,1.2084,0.4876,0.0,3.8001,1.2764,0.0109,0.2083,-3.35,0.4226,1.0203,0.353,0.0489,0,synthetic
2024-07-12T04:00:00,268,kv-03,Bhalgaon,0.653,1.638,21.565,310.725,99.5,0.25,3.6,1.523,26.0,1195.0,10.8,82.0,2.6,70.0,24.0,0.249,0,7,4,1.2032,0.4348,0.0,3.6516,1.2632,0.0097,0.2083,-3.35,0.3769,1.0203,0.3049,0.0489,0,synthetic
2024-07-12T05:00:00,269,kv-03,Bhalgaon,1.083,2.174,20.958,297.033,99.5,0.255,3.6,1.57,26.0,1195.0,10.8,82.0,2.6,70.0,24.0,0.2563,0,7,5,1.2032,0.9708,0.0,3.8381,1.2557,0.0217,0.2124,-3.345,0.8414,1.0406,0.3049,0.0498,0,synthetic
2024-07-12T06:00:00,270,kv-03,Bhalgaon,0.467,2.203,19.395,282.189,99.5,0.25,3.6,1.523,26.0,1195.0,10.8,82.0,2.6,70.0,24.0,0.275,1,7,6,1.2032,0.9998,0.0,3.7026,1.2362,0.0224,0.2083,-3.35,0.8665,1.3774,0.3049,0.0489,0,synthetic
2024-07-12T07:00:00,271,kv-03,Bhalgaon,0.351,1.901,17.708,266.334,99.494,0.25,3.6,1.523,26.0,1195.0,10.8,82.0,2.6,70.0,24.0,0.2953,1,7,7,1.2035,0.6975,0.0,3.3742,1.2152,0.0156,0.2083,-3.35,0.6045,1.3774,0.3085,0.0489,0,synthetic
2024-07-12T08:00:00,272,kv-03,Bhalgaon,0.5,1.318,16.33,250.623,99.5,0.25,3.6,1.523,26.0,1195.0,10.8,82.0,2.6,70.0,24.0,0.3118,0,7,8,1.2032,0.1148,0.0,2.9037,1.1981,0.0026,0.2083,-3.35,0.0995,1.0203,0.3049,0.0489,0,synthetic
2024-07-12T09:00:00,273,kv-03,Bhalgaon,0.439,1.29,14.963,235.699,99.5,0.25,3.6,1.523,26.0,1195.0,10.8,82.0,2.6,70.0,24.0,0.3282,0,7,9,1.2032,0.0868,0.0,2.7437,1.1811,0.0019,0.2083,-3.35,0.0753,1.0203,0.3049,0.0489,0,synthetic
2024-07-12T10:00:00,274,kv-03,Bhalgaon,0.692,1.631,14.125,221.607,99.5,0.25,3.6,1.523,26.0,1195.0,10.8,82.0,2.6,70.0,24.0,0.3382,0,7,10,1.2032,0.4278,0.0,2.8118,1.1707,0.0096,0.2083,-3.35,0.3708,1.0203,0.3049,0.0489,0,synthetic
2024-07-12T11:00:00,275,kv-03,Bhalgaon,0.447,1.578,13.203,200.908,99.5,0.25,3.6,1.523,26.0,1195.0,10.8,82.0,2.6,70.0,24.0,0.3493,0,7,11,1.2032,0.3748,0.0,2.6187,1.1592,0.0084,0.2083,-3.35,0.3249,1.0203,0.3049,0.0489,0,synthetic
2024-07-12T12:00:00,276,kv-03,Bhalgaon,0.589,1.728,12.603,189.678,99.5,0.25,3.6,1.523,26.0,1195.0,10.8,82.0,2.6,70.0,24.0,0.3565,0,7,12,1.2032,0.5248,0.0,2.6085,1.1517,0.0118,0.2083,-3.35,0.4549,1.0203,0.3049,0.0489,0,synthetic
2024-07-12T13:00:00,277,kv-03,Bhalgaon,0.756,1.791,12.531,181.043,99.5,0.25,3.6,1.523,26.0,1195.0,10.8,82.0,2.6,70.0,24.0,0.3574,0,7,13,1.2032,0.5878,0.0,2.5865,1.1509,0.0132,0.2083,-3.35,0.5095,1.0203,0.3049,0.0489,0,synthetic
2024-07-12T14:00:00,278,kv-03,Bhalgaon,0.316,1.66,12.026,152.885,99.474,0.25,3.6,1.523,26.0,1195.0,10.8,82.0,2.6,70.0,24.0,0.3635,1,7,14,1.2049,0.4551,0.0,2.3195,1.1443,0.0102,0.2083,-3.35,0.3944,1.3774,0.3207,0.0489,0,synthetic
2024-07-12T15:00:00,279,kv-03,Bhalgaon,0.259,1.33,11.805,147.659,99.417,0.25,3.6,1.523,26.0,1195.0,10.8,82.0,2.6,70.0,24.0,0.3664,0,7,15,1.2087,0.1213,0.0,2.0971,1.1409,0.0027,0.2083,-3.35,0.1052,1.0203,0.3555,0.0489,0,synthetic
2024-07-12T16:00:00,280,kv-03,Bhalgaon,0.514,1.089,11.629,144.356,99.5,0.25,3.6,1.523,26.0,1195.0,10.8,82.0,2.6,70.0,24.0,0.3682,0,7,16,1.089,0.0,0.0,1.9373,1.1396,0.0,0.2083,-3.35,0.0,1.0203,0.3049,0.0489,0,synthetic
2024-07-12T17:00:00,281,kv-03,Bhalgaon,17.008,17.781,28.209,159.196,99.5,0.835,3.6,10.498,26.0,1195.0,10.8,82.0,2.6,70.0,24.0,0.1692,0,7,17,1.2032,16.5778,0.7046,11.8324,1.3458,0.3711,0.5983,-2.765,14.3675,2.9309,0.3049,0.1404,0,synthetic
2024-07-12T18:00:00,282,kv-03,Bhalgaon,0.4,17.922,27.93,158.382,99.5,0.765,3.6,9.119,26.0,1195.0,10.8,82.0,2.6,70.0,24.0,0.1726,0,7,18,1.2032,16.7188,0.7332,11.8944,1.3424,0.3743,0.5597,-2.835,14.4897,2.7418,0.3049,0.1313,0,synthetic
2024-07-12T19:00:00,283,kv-03,Bhalgaon,0.469,17.877,28.289,158.51,99.5,0.702,3.6,7.95,26.0,1195.0,10.8,82.0,2.6,70.0,24.0,0.1683,1,7,19,1.2032,16.6738,0.724,11.8839,1.3468,0.3733,0.5237,-2.898,14.4507,3.4639,0.3049,0.1229,0,synthetic
2024-07-12T20:00:00,284,kv-03,Bhalgaon,0.324,1.193,28.358,158.764,99.479,0.644,3.6,6.921,26.0,1195.0,10.8,82.0,2.6,70.0,24.0,0.1675,0,7,20,1.193,0.0,0.0,2.7119,1.3474,0.0,0.4893,-2.956,0.0,2.3972,0.3177,0.1148,0,synthetic
2024-07-12T21:00:00,285,kv-03,Bhalgaon,0.818,1.612,28.924,159.135,99.5,0.604,3.6,6.243,26.0,1195.0,10.8,82.0,2.6,70.0,24.0,0.1607,0,7,21,1.2032,0.4088,0.0,2.9658,1.3547,0.0092,0.4648,-2.996,0.3543,2.277,0.3049,0.109,0,synthetic
2024-07-12T22:00:00,286,kv-03,Bhalgaon,0.346,1.488,29.143,158.416,99.491,0.555,3.6,5.456,26.0,1195.0,10.8,82.0,2.6,70.0,24.0,0.1581,0,7,22,1.2037,0.2843,0.0,2.9014,1.3573,0.0064,0.4339,-3.045,0.2464,2.1258,0.3104,0.1018,0,synthetic
2024-07-12T23:00:00,287,kv-03,Bhalgaon,0.375,1.539,28.825,157.584,99.498,0.511,3.6,4.781,26.0,1195.0,10.8,82.0,2.6,70.0,24.0,0.1619,0,7,23,1.2033,0.3357,0.0,2.9123,1.3535,0.0075,0.4051,-3.089,0.291,1.9847,0.3061,0.095,0,synthetic
2024-07-13T00:00:00,288,kv-03,Bhalgaon,0.639,1.36,29.141,155.925,99.5,0.476,3.6,4.276,26.0,1195.0,10.8,82.0,2.6,70.0,24.0,0.1581,1,7,0,1.2032,0.1568,0.0,2.8153,1.3574,0.0035,0.3817,-3.124,0.1359,2.5244,0.3049,0.0895,0,synthetic
2024-07-13T01:00:00,289,kv-03,Bhalgaon,0.484,1.498,28.915,153.099,99.5,0.441,3.6,3.774,26.0,1195.0,10.8,82.0,2.6,70.0,24.0,0.1608,0,7,1,1.2032,0.2948,0.0,2.8651,1.3546,0.0066,0.357,-3.159,0.2555,1.7488,0.3049,0.0837,0,synthetic
2024-07-13T02:00:00,290,kv-03,Bhalgaon,0.318,1.441,28.685,149.144,99.475,0.407,3.6,3.317,26.0,1195.0,10.8,82.0,2.6,70.0,24.0,0.1636,0,7,2,1.2048,0.2362,0.0,2.8004,1.3514,0.0053,0.3324,-3.193,0.2047,1.6286,0.3201,0.078,0,synthetic
2024-07-13T03:00:00,291,kv-03,Bhalgaon,1.16,1.962,29.407,144.637,99.5,0.4,3.6,3.238,26.0,1195.0,10.8,82.0,2.6,70.0,24.0,0.1549,0,7,3,1.2032,0.7588,0.0,3.0858,1.3607,0.017,0.3277,-3.2,0.6577,1.6055,0.3049,0.0769,0,synthetic
2024-07-13T04:00:00,292,kv-03,Bhalgaon,0.344,1.822,29.098,138.83,99.49,0.37,3.6,2.855,26.0,1195.0,10.8,82.0,2.6,70.0,24.0,0.1586,0,7,4,1.2038,0.6182,0.0,2.961,1.3568,0.0138,0.3052,-3.23,0.5358,1.4951,0.311,0.0716,0,synthetic
2024-07-13T05:00:00,293,kv-03,Bhalgaon,0.688,2.192,28.703,132.941,99.5,0.35,3.6,2.611,26.0,1195.0,10.8,82.0,2.6,70.0,24.0,0.1633,0,7,5,1.2032,0.9889,0.0,3.1128,1.352,0.0221,0.2898,-3.25,0.857,1.4198,0.3049,0.068,0,synthetic
2024-07-13T06:00:00,294,kv-03,Bhalgaon,0.498,1.53,28.734,126.485,99.5,0.326,3.6,2.327,26.0,1195.0,10.8,82.0,2.6,70.0,24.0,0.1629,0,7,6,1.2032,0.3268,0.0,2.7096,1.3524,0.0073,0.2709,-3.274,0.2833,1.327,0.3049,0.0635,0,synthetic
2024-07-13T07:00:00,295,kv-03,Bhalgaon,0.446,1.632,28.829,119.764,99.5,0.303,3.6,2.072,26.0,1195.0,10.8,82.0,2.6,70.0,24.0,0.1618,1,7,7,1.2032,0.4288,0.0,2.7272,1.3536,0.0096,0.2525,-3.297,0.3717,1.67,0.3049,0.0592,0,synthetic
2024-07-13T08:00:00,296,kv-03,Bhalgaon,0.427,1.371,28.755,113.034,99.5,0.282,3.6,1.848,26.0,1195.0,10.8,82.0,2.6,70.0,24.0,0.1627,1,7,8,1.2032,0.1678,0.0,2.5388,1.3526,0.0038,0.2353,-3.318,0.1455,1.5564,0.3049,0.0552,0,synthetic
2024-07-13T09:00:00,297,kv-03,Bhalgaon,0.555,1.428,28.871,106.793,99.5,0.265,3.6,1.67,26.0,1195.0,10.8,82.0,2.6,70.0,24.0,0.1613,0,7,9,1.2032,0.2248,0.0,2.5355,1.3541,0.005,0.2209,-3.335,0.1949,1.0823,0.3049,0.0518,0,synthetic
2024-07-13T10:00:00,298,kv-03,Bhalgaon,0.351,1.333,28.53,100.894,99.494,0.25,3.6,1.523,26.0,1195.0,10.8,82.0,2.6,70.0,24.0,0.1654,0,7,10,1.2035,0.1295,0.0,2.4336,1.3498,0.0029,0.2083,-3.35,0.1122,1.0203,0.3085,0.0489,0,synthetic
2024-07-13T11:00:00,299,kv-03,Bhalgaon,0.388,1.294,28.471,95.862,99.5,0.25,3.6,1.523,26.0,1195.0,10.8,82.0,2.6,70.0,24.0,0.1661,1,7,11,1.2032,0.0908,0.0,2.3785,1.3491,0.002,0.2083,-3.35,0.0787,1.3774,0.3049,0.0489,0,synthetic
2024-07-13T12:00:00,300,kv-03,Bhalgaon,0.362,1.101,28.245,91.513,99.5,0.25,3.6,1.523,26.0,1195.0,10.8,82.0,2.6,70.0,24.0,0.1688,0,7,12,1.101,0.0,0.0,2.2367,1.3463,0.0,0.2083,-3.35,0.0,1.0203,0.3049,0.0489,0,synthetic
2024-07-13T13:00:00,301,kv-03,Bhalgaon,0.858,1.608,28.347,88.3,99.5,0.25,3.6,1.523,26.0,1195.0,10.8,82.0,2.6,70.0,24.0,0.1676,0,7,13,1.2032,0.4048,0.0,2.4993,1.3476,0.0091,0.2083,-3.35,0.3509,1.0203,0.3049,0.0489,0,synthetic
2024-07-13T14:00:00,302,kv-03,Bhalgaon,0.458,1.679,28.49,85.714,99.5,0.25,3.6,1.523,26.0,1195.0,10.8,82.0,2.6,70.0,24.0,0.1659,1,7,14,1.2032,0.4758,0.0,2.5275,1.3493,0.0107,0.2083,-3.35,0.4124,1.3774,0.3049,0.0489,0,synthetic
2024-07-13T15:00:00,303,kv-03,Bhalgaon,0.342,1.659,28.573,84.126,99.489,0.25,3.6,1.523,26.0,1195.0,10.8,82.0,2.6,70.0,24.0,0.1649,0,7,15,1.2039,0.4551,0.0,2.5097,1.3502,0.0102,0.2083,-3.35,0.3944,1.0203,0.3116,0.0489,0,synthetic
2024-07-13T16:00:00,304,kv-03,Bhalgaon,0.538,1.338,28.597,83.261,99.5,0.25,3.6,1.523,26.0,1195.0,10.8,82.0,2.6,70.0,24.0,0.1646,0,7,16,1.2032,0.1348,0.0,2.3287,1.3507,0.003,0.2083,-3.35,0.1169,1.0203,0.3049,0.0489,0,synthetic
2024-07-13T17:00:00,305,kv-03,Bhalgaon,0.496,1.376,12.085,65.584,99.5,0.25,3.6,1.523,26.0,1195.0,10.8,82.0,2.6,70.0,24.0,0.3627,0,7,17,1.2032,0.1728,0.0,1.6199,1.1453,0.0039,0.2083,-3.35,0.1498,1.0203,0.3049,0.0489,0,synthetic
2024-07-13T18:00:00,306,kv-03,Bhalgaon,0.483,1.517,12.168,65.545,99.5,0.25,3.6,1.523,26.0,1195.0,10.8,82.0,2.6,70.0,24.0,0.3617,0,7,18,1.2032,0.3138,0.0,1.7003,1.1463,0.007,0.2083,-3.35,0.272,1.0203,0.3049,0.0489,0,synthetic
2024-07-13T19:00:00,307,kv-03,Bhalgaon,0.364,1.343,12.063,65.717,99.5,0.25,3.6,1.523,26.0,1195.0,10.8,82.0,2.6,70.0,24.0,0.363,0,7,19,1.2032,0.1398,0.0,1.6017,1.145,0.0031,0.2083,-3.35,0.1212,1.0203,0.3049,0.0489,0,synthetic
2024-07-13T20:00:00,308,kv-03,Bhalgaon,0.378,1.225,12.116,65.815,99.5,0.25,3.6,1.523,26.0,1195.0,10.8,82.0,2.6,70.0,24.0,0.3624,0,7,20,1.2032,0.0218,0.0,1.5394,1.1457,0.0005,0.2083,-3.35,0.0189,1.0203,0.3049,0.0489,0,synthetic
2024-07-13T21:00:00,309,kv-03,Bhalgaon,0.832,1.574,12.13,66.566,99.5,0.25,3.6,1.523,26.0,1195.0,10.8,82.0,2.6,70.0,24.0,0.3622,1,7,21,1.2032,0.3708,0.0,1.7366,1.1459,0.0083,0.2083,-3.35,0.3214,1.3774,0.3049,0.0489,0,synthetic
2024-07-13T22:00:00,310,kv-03,Bhalgaon,0.588,1.798,12.372,67.028,99.5,0.25,3.6,1.523,26.0,1195.0,10.8,82.0,2.6,70.0,24.0,0.3593,0,7,22,1.2032,0.5948,0.0,1.8718,1.1489,0.0133,0.2083,-3.35,0.5155,1.0203,0.3049,0.0489,0,synthetic
2024-07-13T23:00:00,311,kv-03,Bhalgaon,0.59,2.01,12.587,67.108,99.5,0.25,3.6,1.523,26.0,1195.0,10.8,82.0,2.6,70.0,24.0,0.3567,0,7,23,1.2032,0.8068,0.0,1.9969,1.1516,0.0181,0.2083,-3.35,0.6993,1.0203,0.3049,0.0489,0,synthetic
2024-07-14T00:00:00,312,kv-03,Bhalgaon,0.882,2.06,12.83,67.095,99.5,0.25,3.6,1.523,26.0,1195.0,10.8,82.0,2.6,70.0,24.0,0.3538,1,7,0,1.2032,0.8568,0.0,2.0335,1.1546,0.0192,0.2083,-3.35,0.7426,1.3774,0.3049,0.0489,0,synthetic
2024-07-14T01:00:00,313,kv-03,Bhalgaon,0.432,1.903,12.777,66.341,99.5,0.25,3.6,1.523,26.0,1195.0,10.8,82.0,2.6,70.0,24.0,0.3544,0,7,1,1.2032,0.6998,0.0,1.9404,1.1539,0.0157,0.2083,-3.35,0.6065,1.0203,0.3049,0.0489,0,synthetic
2024-07-14T02:00:00,314,kv-03,Bhalgaon,0.469,1.782,12.928,65.452,99.5,0.25,3.6,1.523,26.0,1195.0,10.8,82.0,2.6,70.0,24.0,0.3526,0,7,2,1.2032,0.5788,0.0,1.874,1.1558,0.013,0.2083,-3.35,0.5017,1.0203,0.3049,0.0489,0,synthetic
2024-07-14T03:00:00,315,kv-03,Bhalgaon,0.395,1.295,12.163,64.275,99.5,0.25,3.6,1.523,26.0,1195.0,10.8,82.0,2.6,70.0,24.0,0.3618,0,7,3,1.2032,0.0918,0.0,1.5701,1.1463,0.0021,0.2083,-3.35,0.0796,1.0203,0.3049,0.0489,0,synthetic
2024-07-14T04:00:00,316,kv-03,Bhalgaon,0.936,1.799,12.755,63.419,99.5,0.25,3.6,1.523,26.0,1195.0,10.8,82.0,2.6,70.0,24.0,0.3547,0,7,4,1.2032,0.5958,0.0,1.8641,1.1536,0.0133,0.2083,-3.35,0.5164,1.0203,0.3049,0.0489,0,synthetic
2024-07-14T05:00:00,317,kv-03,Bhalgaon,0.792,2.122,12.858,62.519,99.5,0.25,3.6,1.523,26.0,1195.0,10.8,82.0,2.6,70.0,24.0,0.3534,0,7,5,1.2032,0.9188,0.0,2.04,1.1549,0.0206,0.2083,-3.35,0.7963,1.0203,0.3049,0.0489,0,synthetic
2024-07-14T06:00:00,318,kv-03,Bhalgaon,0.524,2.251,12.884,61.014,99.5,0.25,3.6,1.523,26.0,1195.0,10.8,82.0,2.6,70.0,24.0,0.3531,0,7,6,1.2032,1.0478,0.0,2.1025,1.1552,0.0235,0.2083,-3.35,0.9081,1.0203,0.3049,0.0489,0,synthetic
2024-07-14T07:00:00,319,kv-03,Bhalgaon,0.71,2.025,13.148,59.685,99.5,0.25,3.6,1.523,26.0,1195.0,10.8,82.0,2.6,70.0,24.0,0.35,0,7,7,1.2032,0.8218,0.0,1.9798,1.1585,0.0184,0.2083,-3.35,0.7123,1.0203,0.3049,0.0489,0,synthetic
2024-07-14T08:00:00,320,kv-03,Bhalgaon,0.483,1.717,13.205,58.29,99.5,0.25,3.6,1.523,26.0,1195.0,10.8,82.0,2.6,70.0,24.0,0.3493,0,7,8,1.2032,0.5138,0.0,1.8039,1.1592,0.0115,0.2083,-3.35,0.4453,1.0203,0.3049,0.0489,0,synthetic
2024-07-14T09:00:00,321,kv-03,Bhalgaon,0.509,1.702,13.159,56.992,99.5,0.25,3.6,1.523,26.0,1195.0,10.8,82.0,2.6,70.0,24.0,0.3498,0,7,9,1.2032,0.4988,0.0,1.7858,1.1587,0.0112,0.2083,-3.35,0.4323,1.0203,0.3049,0.0489,0,synthetic
2024-07-14T10:00:00,322,kv-03,Bhalgaon,0.501,1.493,13.309,55.964,99.5,0.25,3.6,1.523,26.0,1195.0,10.8,82.0,2.6,70.0,24.0,0.348,1,7,10,1.2032,0.2898,0.0,1.67,1.1605,0.0065,0.2083,-3.35,0.2512,1.3774,0.3049,0.0489,0,synthetic
2024-07-14T11:00:00,323,kv-03,Bhalgaon,0.559,1.569,13.48,55.154,99.5,0.25,3.6,1.523,26.0,1195.0,10.8,82.0,2.6,70.0,24.0,0.346,0,7,11,1.2032,0.3658,0.0,1.7132,1.1627,0.0082,0.2083,-3.35,0.3171,1.0203,0.3049,0.0489,0,synthetic
2024-07-14T12:00:00,324,kv-03,Bhalgaon,0.566,1.627,13.685,54.532,99.5,0.25,3.6,1.523,26.0,1195.0,10.8,82.0,2.6,70.0,24.0,0.3435,0,7,12,1.2032,0.4238,0.0,1.7489,1.1652,0.0095,0.2083,-3.35,0.3673,1.0203,0.3049,0.0489,0,synthetic
2024-07-14T13:00:00,325,kv-03,Bhalgaon,1.007,2.133,13.833,54.711,99.5,0.252,3.6,1.543,26.0,1195.0,10.8,82.0,2.6,70.0,24.0,0.3418,0,7,13,1.2032,0.9298,0.0,2.0338,1.167,0.0208,0.21,-3.348,0.8059,1.0288,0.3049,0.0493,0,synthetic
2024-07-14T14:00:00,326,kv-03,Bhalgaon,0.911,2.484,14.285,54.801,99.5,0.25,3.6,1.527,26.0,1195.0,10.8,82.0,2.6,70.0,24.0,0.3363,0,7,14,1.2032,1.2808,0.0,2.2444,1.1727,0.0287,0.2085,-3.35,1.1101,1.0214,0.3049,0.0489,0,synthetic
2024-07-14T15:00:00,327,kv-03,Bhalgaon,0.678,2.596,14.622,55.0,99.5,0.25,3.6,1.523,26.0,1195.0,10.8,82.0,2.6,70.0,24.0,0.3323,0,7,15,1.2032,1.3928,0.0,2.3199,1.1769,0.0312,0.2083,-3.35,1.2071,1.0203,0.3049,0.0489,0,synthetic
2024-07-14T16:00:00,328,kv-03,Bhalgaon,0.783,2.372,14.867,55.093,99.5,0.25,3.6,1.523,26.0,1195.0,10.8,82.0,2.6,70.0,24.0,0.3293,1,7,16,1.2032,1.1688,0.0,2.2064,1.1799,0.0262,0.2083,-3.35,1.013,1.3774,0.3049,0.0489,0,synthetic
2024-07-14T17:00:00,329,kv-03,Bhalgaon,0.603,2.064,14.974,55.267,99.5,0.25,3.6,1.523,26.0,1195.0,10.8,82.0,2.6,70.0,24.0,0.3281,0,7,17,1.2032,0.8608,0.0,2.0421,1.1812,0.0193,0.2083,-3.35,0.7461,1.0203,0.3049,0.0489,0,synthetic
2024-07-14T18:00:00,330,kv-03,Bhalgaon,9.238,10.624,23.729,63.827,99.5,0.552,3.6,5.411,26.0,1195.0,10.8,82.0,2.6,70.0,24.0,0.223,0,7,18,1.2032,9.4208,0.0,7.132,1.2901,0.2109,0.432,-3.048,8.1647,2.1165,0.3049,0.1014,0,synthetic
2024-07-14T19:00:00,331,kv-03,Bhalgaon,0.875,10.716,24.24,64.591,99.5,0.522,3.6,4.955,26.0,1195.0,10.8,82.0,2.6,70.0,24.0,0.2169,0,7,19,1.2032,9.5128,0.0,7.2065,1.2965,0.213,0.4126,-3.078,8.2445,2.0215,0.3049,0.0968,0,synthetic
2024-07-14T20:00:00,332,kv-03,Bhalgaon,0.68,10.793,24.542,65.017,99.5,0.488,3.6,4.449,26.0,1195.0,10.8,82.0,2.6,70.0,24.0,0.2132,0,7,20,1.2032,9.5898,0.0,7.2628,1.3002,0.2147,0.3899,-3.112,8.3112,1.91,0.3049,0.0915,0,synthetic
2024-07-14T21:00:00,333,kv-03,Bhalgaon,0.638,2.193,24.348,65.403,99.5,0.456,3.6,3.986,26.0,1195.0,10.8,82.0,2.6,70.0,24.0,0.2156,0,7,21,1.2032,0.9898,0.0,2.528,1.2978,0.0222,0.3677,-3.144,0.8579,1.8012,0.3049,0.0863,0,synthetic
2024-07-14T22:00:00,334,kv-03,Bhalgaon,0.576,1.895,24.336,65.851,99.5,0.424,3.6,3.551,26.0,1195.0,10.8,82.0,2.6,70.0,24.0,0.2157,0,7,22,1.2032,0.6918,0.0,2.3664,1.2977,0.0155,0.3451,-3.176,0.5996,1.6905,0.3049,0.081,0,synthetic
2024-07-14T23:00:00,335,kv-03,Bhalgaon,0.615,1.829,24.362,65.773,99.5,0.397,3.6,3.19,26.0,1195.0,10.8,82.0,2.6,70.0,24.0,0.2154,0,7,23,1.2032,0.6258,0.0,2.3306,1.298,0.014,0.3252,-3.203,0.5424,1.5931,0.3049,0.0763,0,synthetic
2024-07-15T00:00:00,336,kv-03,Bhalgaon,0.458,1.649,23.938,65.909,99.5,0.368,3.6,2.827,26.0,1195.0,10.8,82.0,2.6,70.0,24.0,0.2205,0,7,0,1.2032,0.4458,0.0,2.2166,1.2927,0.01,0.3035,-3.232,0.3864,1.487,0.3049,0.0712,0,synthetic
2024-07-15T01:00:00,337,kv-03,Bhalgaon,0.753,1.826,24.259,65.951,99.5,0.35,3.6,2.615,26.0,1195.0,10.8,82.0,2.6,70.0,24.0,0.2166,0,7,1,1.2032,0.6228,0.0,2.3262,1.2967,0.0139,0.29,-3.25,0.5398,1.4206,0.3049,0.068,0,synthetic
2024-07-15T02:00:00,338,kv-03,Bhalgaon,1.08,2.29,24.87,66.483,99.5,0.346,3.6,2.567,26.0,1195.0,10.8,82.0,2.6,70.0,24.0,0.2093,1,7,2,1.2032,1.0868,0.0,2.6076,1.3043,0.0243,0.2869,-3.254,0.9419,1.8972,0.3049,0.0673,0,synthetic
2024-07-15T03:00:00,339,kv-03,Bhalgaon,0.664,2.496,25.138,66.708,99.5,0.328,3.6,2.347,26.0,1195.0,10.8,82.0,2.6,70.0,24.0,0.2061,0,7,3,1.2032,1.2928,0.0,2.7324,1.3077,0.0289,0.2723,-3.272,1.1205,1.3341,0.3049,0.0639,0,synthetic
2024-07-15T04:00:00,340,kv-03,Bhalgaon,0.824,2.567,25.027,66.88,99.5,0.316,3.6,2.219,26.0,1195.0,10.8,82.0,2.6,70.0,24.0,0.2074,0,7,4,1.2032,1.3639,0.0,2.7684,1.3063,0.0305,0.2631,-3.284,1.182,1.2891,0.3049,0.0617,0,synthetic
2024-07-15T05:00:00,341,kv-03,Bhalgaon,0.802,2.29,25.037,66.599,99.5,0.305,3.6,2.094,26.0,1195.0,10.8,82.0,2.6,70.0,24.0,0.2073,0,7,5,1.2032,1.0868,0.0,2.6146,1.3064,0.0243,0.2541,-3.295,0.9419,1.245,0.3049,0.0596,0,synthetic
2024-07-15T06:00:00,342,kv-03,Bhalgaon,0.887,2.513,25.4,67.018,99.5,0.298,3.6,2.017,26.0,1195.0,10.8,82.0,2.6,70.0,24.0,0.2029,0,7,6,1.2032,1.3098,0.0,2.7535,1.3109,0.0293,0.2484,-3.302,1.1352,1.217,0.3049,0.0583,0,synthetic
2024-07-15T07:00:00,343,kv-03,Bhalgaon,0.69,2.379,25.381,67.358,99.5,0.284,3.6,1.871,26.0,1195.0,10.8,82.0,2.6,70.0,24.0,0.2032,0,7,7,1.2032,1.1758,0.0,2.6812,1.3107,0.0263,0.2371,-3.316,1.0191,1.1615,0.3049,0.0556,0,synthetic
2024-07-15T08:00:00,344,kv-03,Bhalgaon,0.849,2.426,25.747,67.707,99.5,0.278,3.6,1.801,26.0,1195.0,10.8,82.0,2.6,70.0,24.0,0.1988,0,7,8,1.2032,1.2228,0.0,2.723,1.3152,0.0274,0.2317,-3.322,1.0598,1.1352,0.3049,0.0544,0,synthetic
2024-07-15T09:00:00,345,kv-03,Bhalgaon,1.203,2.743,26.441,68.471,99.5,0.284,3.6,1.872,26.0,1195.0,10.8,82.0,2.6,70.0,24.0,0.1905,0,7,9,1.2032,1.5398,0.0,2.9281,1.3239,0.0345,0.2371,-3.316,1.3345,1.1617,0.3049,0.0556,0,synthetic
2024-07-15T10:00:00,346,kv-03,Bhalgaon,1.002,3.055,26.942,68.781,99.5,0.283,3.6,1.86,26.0,1195.0,10.8,82.0,2.6,70.0,24.0,0.1844,0,7,10,1.2032,1.8518,0.0,3.1205,1.3301,0.0415,0.2362,-3.317,1.6049,1.1573,0.3049,0.0554,0,synthetic
2024-07-15T11:00:00,347,kv-03,Bhalgaon,1.093,3.298,27.475,69.427,99.5,0.286,3.6,1.884,26.0,1195.0,10.8,82.0,2.6,70.0,24.0,0.178,0,7,11,1.2032,2.0949,0.0,3.2781,1.3367,0.0469,0.2383,-3.314,1.8155,1.1675,0.3049,0.0559,0,synthetic
2024-07-15T12:00:00,348,kv-03,Bhalgaon,1.342,3.437,28.25,70.18,99.5,0.297,3.6,2.003,26.0,1195.0,10.8,82.0,2.6,70.0,24.0,0.1687,1,7,12,1.2032,2.2338,0.0,3.3883,1.3464,0.05,0.2474,-3.303,1.936,1.6365,0.3049,0.058,0,synthetic
2024-07-15T13:00:00,349,kv-03,Bhalgaon,0.765,3.2,28.009,70.189,99.5,0.286,3.6,1.888,26.0,1195.0,10.8,82.0,2.6,70.0,24.0,0.1716,0,7,13,1.2032,1.9969,0.0,3.249,1.3434,0.0447,0.2385,-3.314,1.7306,1.1685,0.3049,0.056,0,synthetic
2024-07-15T14:00:00,350,kv-03,Bhalgaon,0.731,2.838,27.829,70.604,99.5,0.275,3.6,1.771,26.0,1195.0,10.8,82.0,2.6,70.0,24.0,0.1738,0,7,14,1.2032,1.6348,0.0,3.0458,1.3411,0.0366,0.2293,-3.325,1.4169,1.1232,0.3049,0.0538,0,synthetic
2024-07-15T15:00:00,351,kv-03,Bhalgaon,0.892,2.388,28.043,71.237,99.5,0.27,3.6,1.727,26.0,1195.0,10.8,82.0,2.6,70.0,24.0,0.1712,1,7,15,1.2032,1.1848,0.0,2.8102,1.3438,0.0265,0.2255,-3.33,1.0269,1.4912,0.3049,0.0529,0,synthetic
2024-07-15T16:00:00,352,kv-03,Bhalgaon,0.825,2.448,28.085,71.548,99.5,0.264,3.6,1.662,26.0,1195.0,10.8,82.0,2.6,70.0,24.0,0.1707,0,7,16,1.2032,1.2448,0.0,2.8468,1.3443,0.0279,0.2202,-3.336,1.0789,1.0787,0.3049,0.0517,0,synthetic
2024-07-15T17:00:00,353,kv-03,Bhalgaon,0.922,2.639,28.404,55.462,99.5,0.262,3.6,1.639,26.0,1195.0,10.8,82.0,2.6,70.0,24.0,0.1669,0,7,17,1.2032,1.4358,0.0,2.8632,1.3483,0.0321,0.2183,-3.338,1.2444,1.0696,0.3049,0.0512,0,synthetic
2024-07-15T18:00:00,354,kv-03,Bhalgaon,0.943,2.69,20.109,56.005,99.5,0.26,3.6,1.626,26.0,1195.0,10.8,82.0,2.6,70.0,24.0,0.2664,1,7,18,1.2032,1.4868,0.0,2.5836,1.2451,0.0333,0.217,-3.34,1.2886,1.4354,0.3049,0.0509,0,synthetic
2024-07-15T19:00:00,355,kv-03,Bhalgaon,0.913,2.778,20.147,56.449,99.5,0.258,3.6,1.603,26.0,1195.0,10.8,82.0,2.6,70.0,24.0,0.266,0,7,19,1.2032,1.5748,0.0,2.6362,1.2456,0.0353,0.2152,-3.342,1.3649,1.0541,0.3049,0.0505,0,synthetic
2024-07-15T20:00:00,356,kv-03,Bhalgaon,0.951,2.807,20.417,57.076,99.5,0.257,3.6,1.596,26.0,1195.0,10.8,82.0,2.6,70.0,24.0,0.2627,0,7,20,1.2032,1.6038,0.0,2.6662,1.2489,0.0359,0.2145,-3.343,1.39,1.0508,0.3049,0.0503,0,synthetic
2024-07-15T21:00:00,357,kv-03,Bhalgaon,1.381,3.245,21.161,57.639,99.5,0.272,3.6,1.747,26.0,1195.0,10.8,82.0,2.6,70.0,24.0,0.2538,0,7,21,1.2032,2.0419,0.0,2.9385,1.2582,0.0457,0.2271,-3.328,1.7696,1.1127,0.3049,0.0533,0,synthetic
2024-07-15T22:00:00,358,kv-03,Bhalgaon,0.606,2.938,21.19,57.899,99.5,0.258,3.6,1.601,26.0,1195.0,10.8,82.0,2.6,70.0,24.0,0.2535,1,7,22,1.2032,1.7349,0.0,2.7724,1.2586,0.0388,0.2151,-3.342,1.5035,1.4223,0.3049,0.0504,0,synthetic
2024-07-15T23:00:00,359,kv-03,Bhalgaon,0.752,2.739,21.327,58.276,99.5,0.25,3.6,1.523,26.0,1195.0,10.8,82.0,2.6,70.0,24.0,0.2518,1,7,23,1.2032,1.5358,0.0,2.6704,1.2603,0.0344,0.2083,-3.35,1.3311,1.3774,0.3049,0.0489,0,synthetic
2024-08-16T00:00:00,360,kv-03,Bhalgaon,0.774,2.132,21.643,58.411,99.5,0.25,3.6,1.523,26.0,1195.0,10.8,82.0,2.6,70.0,24.0,0.248,0,8,0,1.2032,0.9288,0.0,2.3493,1.2642,0.0208,0.2083,-3.35,0.805,1.0203,0.3049,0.0489,0,synthetic
2024-08-16T01:00:00,361,kv-03,Bhalgaon,0.926,2.452,21.817,58.853,99.5,0.25,3.6,1.523,26.0,1195.0,10.8,82.0,2.6,70.0,24.0,0.246,0,8,1,1.2032,1.2488,0.0,2.5346,1.2663,0.028,0.2083,-3.35,1.0823,1.0203,0.3049,0.0489,0,synthetic
2024-08-16T02:00:00,362,kv-03,Bhalgaon,1.341,3.041,22.078,59.876,99.5,0.264,3.6,1.664,26.0,1195.0,10.8,82.0,2.6,70.0,24.0,0.2428,1,8,2,1.2032,1.8378,0.0,2.8747,1.2696,0.0411,0.2203,-3.336,1.5928,1.457,0.3049,0.0517,0,synthetic
2024-08-16T03:00:00,363,kv-03,Bhalgaon,1.883,4.15,23.297,60.599,99.5,0.297,3.6,2.006,26.0,1195.0,10.8,82.0,2.6,70.0,24.0,0.2282,1,8,3,1.2032,2.9469,0.0,3.5349,1.2848,0.066,0.2476,-3.303,2.5539,1.6375,0.3049,0.0581,0,synthetic
2024-08-16T04:00:00,364,kv-03,Bhalgaon,1.788,5.011,24.261,62.042,99.5,0.323,3.6,2.299,26.0,1195.0,10.8,82.0,2.6,70.0,24.0,0.2166,0,8,4,1.2032,3.8079,0.0,4.0536,1.2967,0.0852,0.2688,-3.277,3.3001,1.3167,0.3049,0.0631,0,synthetic
2024-08-16T05:00:00,365,kv-03,Bhalgaon,2.54,6.211,25.999,63.895,99.5,0.375,3.6,2.913,26.0,1195.0,10.8,82.0,2.6,70.0,24.0,0.1958,0,8,5,1.2032,5.0079,0.0,4.7904,1.3184,0.1121,0.3088,-3.225,4.3401,1.5129,0.3049,0.0724,0,synthetic
2024-08-16T06:00:00,366,kv-03,Bhalgaon,2.401,6.728,27.513,65.797,99.5,0.417,3.6,3.452,26.0,1195.0,10.8,82.0,2.6,70.0,24.0,0.1776,0,8,6,1.2032,5.5248,0.0,5.1434,1.3372,0.1237,0.3398,-3.183,4.7882,1.6649,0.3049,0.0797,0,synthetic
2024-08-16T07:00:00,367,kv-03,Bhalgaon,2.878,7.818,29.7,68.229,99.5,0.473,3.6,4.219,26.0,1195.0,10.8,82.0,2.6,70.0,24.0,0.1513,0,8,7,1.2032,6.6148,0.0,5.8401,1.3644,0.1481,0.3792,-3.127,5.7329,1.8579,0.3049,0.089,0,synthetic
2024-08-16T08:00:00,368,kv-03,Bhalgaon,3.045,8.324,31.896,70.848,99.5,0.529,3.6,5.059,26.0,1195.0,10.8,82.0,2.6,70.0,24.0,0.125,1,8,8,1.2032,7.1208,0.0,6.2171,1.3917,0.1594,0.4172,-3.071,6.1714,2.759,0.3049,0.0979,0,synthetic
2024-08-16T09:00:00,369,kv-03,Bhalgaon,3.148,9.071,33.842,73.441,99.5,0.585,3.6,5.932,26.0,1195.0,10.8,82.0,2.6,70.0,24.0,0.12,1,8,9,1.2032,7.8678,0.0,6.7171,1.4159,0.1761,0.4529,-3.015,6.8188,2.9955,0.3049,0.1063,0,synthetic
2024-08-16T10:00:00,370,kv-03,Bhalgaon,3.397,9.591,36.236,76.487,99.5,0.644,3.6,6.924,26.0,1195.0,10.8,82.0,2.6,70.0,24.0,0.12,0,8,10,1.2032,8.3878,0.0,7.1119,1.4457,0.1878,0.4894,-2.956,7.2695,2.3974,0.3049,0.1148,0,synthetic
2024-08-16T11:00:00,371,kv-03,Bhalgaon,3.115,9.661,38.259,79.214,99.5,0.688,3.6,7.687,26.0,1195.0,10.8,82.0,2.6,70.0,24.0,0.12,0,8,11,1.2032,8.4578,0.0,7.2434,1.4708,0.1894,0.5154,-2.912,7.3301,2.5249,0.3049,0.1209,0,synthetic
2024-08-16T12:00:00,372,kv-03,Bhalgaon,3.121,9.633,40.038,81.973,99.5,0.727,3.6,8.408,26.0,1195.0,10.8,82.0,2.6,70.0,24.0,0.12,0,8,12,1.2032,8.4298,0.0,7.3119,1.493,0.1887,0.5382,-2.873,7.3059,2.6365,0.3049,0.1263,0,synthetic
2024-08-16T13:00:00,373,kv-03,Bhalgaon,2.816,9.052,42.088,83.93,99.5,0.752,3.6,8.871,26.0,1195.0,10.8,82.0,2.6,70.0,24.0,0.12,0,8,13,1.2032,7.8488,0.0,7.0815,1.5185,0.1757,0.5523,-2.848,6.8023,2.7058,0.3049,0.1296,0,synthetic
2024-08-16T14:00:00,374,kv-03,Bhalgaon,2.647,8.583,44.004,86.119,99.5,0.768,3.6,9.178,26.0,1195.0,10.8,82.0,2.6,70.0,24.0,0.12,0,8,14,1.2032,7.3799,0.0,6.909,1.5423,0.1652,0.5614,-2.832,6.3959,2.7501,0.3049,0.1317,0,synthetic
2024-08-16T15:00:00,375,kv-03,Bhalgaon,2.221,7.684,45.334,87.998,99.5,0.767,3.6,9.162,26.0,1195.0,10.8,82.0,2.6,70.0,24.0,0.12,1,8,15,1.2032,6.4809,0.0,6.4762,1.5588,0.1451,0.5609,-2.833,5.6167,3.7093,0.3049,0.1316,0,synthetic
2024-08-16T16:00:00,376,kv-03,Bhalgaon,1.842,6.71,46.351,89.303,99.5,0.753,3.6,8.884,26.0,1195.0,10.8,82.0,2.6,70.0,24.0,0.12,1,8,16,1.2032,5.5069,0.0,5.9868,1.5715,0.1233,0.5528,-2.847,4.7726,3.656,0.3049,0.1297,0,synthetic
2024-08-16T17:00:00,377,kv-03,Bhalgaon,1.321,5.385,46.75,90.127,99.5,0.72,3.6,8.284,26.0,1195.0,10.8,82.0,2.6,70.0,24.0,0.12,0,8,17,1.2032,4.1818,0.0,5.2782,1.5765,0.0936,0.5342,-2.88,3.6243,2.6172,0.3049,0.1253,0,synthetic
2024-08-16T18:00:00,378,kv-03,Bhalgaon,1.487,4.65,47.294,91.131,99.5,0.697,3.6,7.863,26.0,1195.0,10.8,82.0,2.6,70.0,24.0,0.12,1,8,18,1.2032,3.4469,0.0,4.9006,1.5832,0.0772,0.5209,-2.903,2.9873,3.445,0.3049,0.1222,0,synthetic
2024-08-16T19:00:00,379,kv-03,Bhalgaon,1.094,3.902,47.475,91.861,99.5,0.662,3.6,7.238,26.0,1195.0,10.8,82.0,2.6,70.0,24.0,0.12,1,8,19,1.2032,2.6989,0.0,4.5005,1.5855,0.0604,0.5002,-2.938,2.339,3.3082,0.3049,0.1173,0,synthetic
2024-08-16T20:00:00,380,kv-03,Bhalgaon,1.259,3.84,47.783,92.742,99.5,0.636,3.6,6.791,26.0,1195.0,10.8,82.0,2.6,70.0,24.0,0.12,0,8,20,1.2032,2.6368,0.0,4.4835,1.5893,0.059,0.4846,-2.964,2.2853,2.3741,0.3049,0.1137,0,synthetic
2024-08-16T21:00:00,381,kv-03,Bhalgaon,0.729,3.082,47.13,92.639,99.5,0.594,3.6,6.076,26.0,1195.0,10.8,82.0,2.6,70.0,24.0,0.12,1,8,21,1.2032,1.8788,0.0,4.0415,1.5812,0.0421,0.4585,-3.006,1.6283,3.0324,0.3049,0.1076,0,synthetic
2024-08-16T22:00:00,382,kv-03,Bhalgaon,0.93,2.917,47.454,92.981,99.5,0.562,3.6,5.57,26.0,1195.0,10.8,82.0,2.6,70.0,24.0,0.12,0,8,22,1.2032,1.7138,0.0,3.965,1.5852,0.0384,0.4385,-3.038,1.4853,2.1481,0.3049,0.1029,0,synthetic
2024-08-16T23:00:00,383,kv-03,Bhalgaon,1.344,3.003,48.047,93.736,99.5,0.549,3.6,5.359,26.0,1195.0,10.8,82.0,2.6,70.0,24.0,0.12,0,8,23,1.2032,1.7998,0.0,4.0393,1.5926,0.0403,0.43,-3.051,1.5599,2.1065,0.3049,0.1009,0,synthetic
2024-08-17T00:00:00,384,kv-03,Bhalgaon,2.441,4.715,49.713,95.295,99.5,0.576,3.6,5.8,26.0,1195.0,10.8,82.0,2.6,70.0,24.0,0.12,1,8,0,1.2032,3.5118,0.0,5.0531,1.6133,0.0786,0.4475,-3.024,3.0436,2.9598,0.3049,0.105,0,synthetic
2024-08-17T01:00:00,385,kv-03,Bhalgaon,3.219,7.005,52.007,98.083,99.5,0.63,3.6,6.687,26.0,1195.0,10.8,82.0,2.6,70.0,24.0,0.12,1,8,1,1.2032,5.8018,0.0,6.416,1.6418,0.1299,0.4809,-2.97,5.0283,3.1807,0.3049,0.1128,0,synthetic
2024-08-17T02:00:00,386,kv-03,Bhalgaon,4.685,10.345,55.351,102.298,99.5,0.732,3.6,8.502,26.0,1195.0,10.8,82.0,2.6,70.0,24.0,0.12,0,8,2,1.2032,9.1418,0.0,8.4048,1.6834,0.2047,0.5411,-2.868,7.9229,2.6506,0.3049,0.1269,0,synthetic
2024-08-17T03:00:00,387,kv-03,Bhalgaon,6.168,14.073,59.636,108.072,99.5,0.879,3.6,11.382,26.0,1195.0,10.8,82.0,2.6,70.0,24.0,0.12,0,8,3,1.2032,12.8698,0.1455,10.652,1.7367,0.2881,0.6216,-2.721,11.1539,3.0452,0.3049,0.1458,0,synthetic
2024-08-17T04:00:00,388,kv-03,Bhalgaon,7.793,18.646,65.642,114.929,99.5,1.07,3.6,15.602,26.0,1195.0,10.8,82.0,2.6,70.0,24.0,0.12,0,8,4,1.2032,17.4428,0.8881,13.4352,1.8114,0.3905,0.7187,-2.53,15.1171,3.5207,0.3049,0.1686,0,synthetic
2024-08-17T05:00:00,389,kv-03,Bhalgaon,9.117,23.079,72.219,123.255,99.5,1.29,3.6,21.052,26.0,1195.0,10.8,82.0,2.6,70.0,24.0,0.12,0,8,5,1.2032,21.8758,2.102,16.172,1.8932,0.4897,0.8223,-2.31,18.9591,4.0286,0.3049,0.1929,0,synthetic
2024-08-17T06:00:00,390,kv-03,Bhalgaon,10.473,27.384,80.292,133.205,99.5,1.537,3.6,27.847,26.0,1195.0,10.8,82.0,2.6,70.0,24.0,0.12,0,8,6,1.2032,26.1808,3.6603,18.9047,1.9936,0.5861,0.9312,-2.063,22.6901,4.5622,0.3049,0.2185,0,synthetic
2024-08-17T07:00:00,391,kv-03,Bhalgaon,11.865,31.456,89.279,144.36,99.5,1.807,3.6,36.078,26.0,1195.0,10.8,82.0,2.6,70.0,24.0,0.12,0,8,7,1.2032,30.2528,5.4204,21.551,2.1054,0.6773,1.0439,-1.793,26.2191,5.114,0.3049,0.2449,0,synthetic
2024-08-17T08:00:00,392,kv-03,Bhalgaon,12.58,34.919,98.814,156.457,99.5,2.072,3.6,44.9,26.0,1195.0,10.8,82.0,2.6,70.0,24.0,0.12,0,8,8,1.2032,33.7158,7.1036,23.8888,2.224,0.7548,1.1495,-1.528,29.2204,5.6315,0.3049,0.2697,0,synthetic
2024-08-17T09:00:00,393,kv-03,Bhalgaon,13.285,37.73,108.95,169.233,99.5,2.33,3.6,54.18,26.0,1195.0,10.8,82.0,2.6,70.0,24.0,0.12,1,8,9,1.2032,36.5268,8.58,25.8948,2.3501,0.8177,1.2488,-1.27,31.6566,8.2592,0.3049,0.293,0,synthetic
2024-08-17T10:00:00,394,kv-03,Bhalgaon,13.545,39.41,119.098,182.276,99.5,2.564,3.6,63.172,26.0,1195.0,10.8,82.0,2.6,70.0,24.0,0.12,0,8,10,1.2032,38.2068,9.505,27.2809,2.4763,0.8554,1.3365,-1.036,33.1126,6.5473,0.3049,0.3135,0,synthetic
2024-08-17T11:00:00,395,kv-03,Bhalgaon,12.926,39.755,128.909,194.643,99.5,2.745,3.6,70.453,26.0,1195.0,10.8,82.0,2.6,70.0,24.0,0.12,0,8,11,1.2032,38.5519,9.6986,27.9159,2.5983,0.8631,1.4029,-0.855,33.4116,6.8726,0.3049,0.3291,0,synthetic
2024-08-17T12:00:00,396,kv-03,Bhalgaon,12.229,38.7,138.017,206.305,99.5,2.876,3.6,75.893,26.0,1195.0,10.8,82.0,2.6,70.0,24.0,0.12,0,8,12,1.2032,37.4969,9.1103,27.75,2.7116,0.8395,1.4503,-0.724,32.4973,7.1048,0.3049,0.3402,0,synthetic
2024-08-17T13:00:00,397,kv-03,Bhalgaon,21.141,46.296,156.342,226.439,99.5,3.313,3.6,95.175,26.0,1195.0,10.8,82.0,2.6,70.0,24.0,0.12,0,8,13,1.2032,45.0928,13.5879,32.7409,2.9395,1.0095,1.6052,-0.287,39.0805,7.8639,0.3049,0.3766,0,synthetic
2024-08-17T14:00:00,398,kv-03,Bhalgaon,9.57,42.94,163.266,235.099,99.5,3.264,3.6,92.938,26.0,1195.0,10.8,82.0,2.6,70.0,24.0,0.12,1,8,14,1.2032,41.7368,11.543,31.2088,3.0256,0.9344,1.5881,-0.336,36.1719,10.5028,0.3049,0.3726,0,synthetic
2024-08-17T15:00:00,399,kv-03,Bhalgaon,7.419,38.13,168.463,241.84,99.5,3.144,3.6,87.536,26.0,1195.0,10.8,82.0,2.6,70.0,24.0,0.12,0,8,15,1.2032,36.9269,8.7974,28.8004,3.0903,0.8267,1.5458,-0.456,32.0033,7.5731,0.3049,0.3626,0,synthetic
2024-08-17T16:00:00,400,kv-03,Bhalgaon,5.734,22.723,172.355,246.791,99.5,2.981,3.6,80.37,26.0,1195.0,10.8,82.0,2.6,70.0,24.0,0.12,0,8,16,1.2032,21.5198,1.9889,20.5034,3.1387,0.4818,1.4879,-0.619,18.6505,7.2892,0.3049,0.3491,0,synthetic
2024-08-17T17:00:00,401,kv-03,Bhalgaon,3.8,16.953,174.834,249.988,99.5,2.771,3.6,71.503,26.0,1195.0,10.8,82.0,2.6,70.0,24.0,0.12,1,8,17,1.2032,15.7498,0.5468,17.4429,3.1695,0.3526,1.4123,-0.829,13.6499,9.3402,0.3049,0.3313,0,synthetic
2024-08-17T18:00:00,402,kv-03,Bhalgaon,2.296,11.83,175.644,243.046,99.5,2.536,3.6,62.05,26.0,1195.0,10.8,82.0,2.6,70.0,24.0,0.12,0,8,18,1.2032,10.6268,0.0082,14.6122,3.1796,0.2379,1.326,-1.064,9.2099,6.4962,0.3049,0.3111,0,synthetic
2024-08-17T19:00:00,403,kv-03,Bhalgaon,1.193,7.289,175.742,243.364,99.5,2.293,3.6,52.815,26.0,1195.0,10.8,82.0,2.6,70.0,24.0,0.12,0,8,19,1.2032,6.0858,0.0,12.1203,3.1808,0.1362,1.2348,-1.307,5.2744,6.0491,0.3049,0.2897,0,synthetic
2024-08-17T20:00:00,404,kv-03,Bhalgaon,0.499,3.987,174.982,243.182,99.5,2.058,3.6,44.415,26.0,1195.0,10.8,82.0,2.6,70.0,24.0,0.12,0,8,20,1.2032,2.7839,0.0,10.2746,3.1713,0.0623,1.144,-1.542,2.4127,5.6046,0.3049,0.2684,0,synthetic
2024-08-17T21:00:00,405,kv-03,Bhalgaon,0.875,2.566,175.128,243.419,99.5,1.865,3.6,37.955,26.0,1195.0,10.8,82.0,2.6,70.0,24.0,0.12,0,8,21,1.2032,1.3628,0.0,9.5,3.1732,0.0305,1.0674,-1.735,1.1811,5.2293,0.3049,0.2504,0,synthetic
2024-08-17T22:00:00,406,kv-03,Bhalgaon,1.455,2.829,175.654,244.298,99.5,1.717,3.6,33.259,26.0,1195.0,10.8,82.0,2.6,70.0,24.0,0.12,0,8,22,1.2032,1.6259,0.0,9.6698,3.1797,0.0364,1.007,-1.883,1.4091,4.9335,0.3049,0.2362,0,synthetic
2024-08-17T23:00:00,407,kv-03,Bhalgaon,3.069,5.4,177.379,246.753,99.5,1.646,3.6,31.073,26.0,1195.0,10.8,82.0,2.6,70.0,24.0,0.12,0,8,23,1.2032,4.1969,0.0,11.1639,3.2012,0.094,0.9774,-1.954,3.6373,4.7884,0.3049,0.2293,0,synthetic
2024-08-18T00:00:00,408,kv-03,Bhalgaon,5.48,10.005,180.418,251.774,99.5,1.671,3.6,31.825,26.0,1195.0,10.8,82.0,2.6,70.0,24.0,0.12,1,8,0,1.2032,8.8018,0.0,13.842,3.2389,0.1971,0.9878,-1.929,7.6283,6.5332,0.3049,0.2317,0,synthetic
2024-08-18T01:00:00,409,kv-03,Bhalgaon,8.292,16.841,185.49,259.314,99.5,1.795,3.6,35.701,26.0,1195.0,10.8,82.0,2.6,70.0,24.0,0.12,0,8,1,1.2032,15.6379,0.5269,17.8391,3.302,0.3501,1.039,-1.805,13.5528,5.0902,0.3049,0.2438,0,synthetic
2024-08-18T02:00:00,410,kv-03,Bhalgaon,11.564,25.336,192.369,269.798,99.5,2.024,3.6,43.265,26.0,1195.0,10.8,82.0,2.6,70.0,24.0,0.12,1,8,2,1.2032,24.1328,2.8768,22.8349,3.3876,0.5403,1.1308,-1.576,20.9151,7.4784,0.3049,0.2653,0,synthetic
2024-08-18T03:00:00,411,kv-03,Bhalgaon,15.283,35.138,201.484,284.417,99.5,2.361,3.6,55.348,26.0,1195.0,10.8,82.0,2.6,70.0,24.0,0.12,0,8,3,1.2032,33.9348,7.2153,28.6592,3.501,0.7597,1.2606,-1.239,29.4102,6.1755,0.3049,0.2957,0,synthetic
2024-08-18T04:00:00,412,kv-03,Bhalgaon,18.247,45.093,211.937,301.839,99.5,2.763,3.6,71.179,26.0,1195.0,10.8,82.0,2.6,70.0,24.0,0.12,0,8,4,1.2032,43.8899,12.8436,34.6353,3.631,0.9826,1.4094,-0.837,38.0379,6.9045,0.3049,0.3306,0,synthetic
2024-08-18T05:00:00,413,kv-03,Bhalgaon,21.623,55.152,224.443,322.66,99.5,3.234,3.6,91.548,26.0,1195.0,10.8,82.0,2.6,70.0,24.0,0.12,0,8,5,1.2032,53.9489,19.4079,40.7668,3.7865,1.2078,1.5775,-0.366,46.7557,7.7281,0.3049,0.3701,0,synthetic
2024-08-18T06:00:00,414,kv-03,Bhalgaon,24.519,64.388,238.488,346.293,99.5,3.742,3.6,115.624,26.0,1195.0,10.8,82.0,2.6,70.0,24.0,0.12,1,8,6,1.2032,63.1849,26.0031,46.521,3.9612,1.4146,1.7533,0.142,54.7602,11.5956,0.3049,0.4113,0,synthetic
2024-08-18T07:00:00,415,kv-03,Bhalgaon,26.408,72.55,253.031,372.01,99.5,4.24,3.6,141.21,26.0,1195.0,10.8,82.0,2.6,70.0,24.0,0.12,1,8,7,1.2032,71.3469,32.178,51.7162,4.1421,1.5973,1.9214,0.64,61.8339,12.7072,0.3049,0.4507,1,synthetic
2024-08-18T08:00:00,416,kv-03,Bhalgaon,27.828,78.755,268.278,398.989,99.5,4.707,3.6,166.902,26.0,1195.0,10.8,82.0,2.6,70.0,24.0,0.12,0,8,8,1.2032,77.5519,37.0483,55.8694,4.3317,1.7362,2.076,1.107,67.2116,10.1703,0.3049,0.487,1,synthetic
2024-08-18T09:00:00,417,kv-03,Bhalgaon,27.724,81.96,282.718,425.51,99.5,5.087,3.6,189.017,26.0,1195.0,10.8,82.0,2.6,70.0,24.0,0.12,0,8,9,1.2032,80.7569,39.6151,58.3394,4.5113,1.8079,2.2001,1.487,69.9893,10.7784,0.3049,0.5161,1,synthetic
2024-08-18T10:00:00,418,kv-03,Bhalgaon,27.058,82.61,296.232,451.566,99.5,5.373,3.6,206.279,26.0,1195.0,10.8,82.0,2.6,70.0,24.0,0.12,1,8,10,1.2032,81.4069,40.1396,59.3665,4.6794,1.8225,2.2926,1.773,70.5526,15.1625,0.3049,0.5378,1,synthetic
2024-08-18T11:00:00,419,kv-03,Bhalgaon,25.255,80.038,308.561,475.728,99.5,5.538,3.6,216.49,26.0,1195.0,10.8,82.0,2.6,70.0,24.0,0.12,0,8,11,1.2032,78.8349,38.0719,58.5652,4.8327,1.7649,2.3457,1.938,68.3235,11.4913,0.3049,0.5503,1,synthetic
2024-08-18T12:00:00,420,kv-03,Bhalgaon,22.745,75.058,319.077,497.131,99.5,5.578,3.6,219.036,26.0,1195.0,10.8,82.0,2.6,70.0,24.0,0.12,0,8,12,1.2032,73.8549,34.1299,56.3544,4.9635,1.6534,2.3585,1.978,64.0075,11.5543,0.3049,0.5533,1,synthetic
2024-08-18T13:00:00,421,kv-03,Bhalgaon,19.814,67.814,317.75,516.181,99.5,5.504,3.6,214.383,26.0,1195.0,10.8,82.0,2.6,70.0,24.0,0.12,0,8,13,1.2032,66.6108,28.5599,52.4395,4.947,1.4913,2.3348,1.904,57.7294,11.4379,0.3049,0.5477,1,synthetic
2024-08-18T14:00:00,422,kv-03,Bhalgaon,16.677,59.236,324.857,532.126,99.5,5.33,3.6,203.65,26.0,1195.0,10.8,82.0,2.6,70.0,24.0,0.12,1,8,14,1.2032,58.0328,22.2662,48.0877,5.0354,1.2992,2.2788,1.73,50.2951,15.0708,0.3049,0.5346,1,synthetic
2024-08-18T15:00:00,423,kv-03,Bhalgaon,12.41,48.901,329.847,543.644,99.5,5.035,3.6,185.908,26.0,1195.0,10.8,82.0,2.6,70.0,24.0,0.12,1,8,15,1.2032,47.6979,15.2402,42.6626,5.0975,1.0678,2.1832,1.435,41.3381,14.4389,0.3049,0.5122,1,synthetic
2024-08-18T16:00:00,424,kv-03,Bhalgaon,8.99,38.076,333.103,551.809,99.5,4.672,3.6,164.923,26.0,1195.0,10.8,82.0,2.6,70.0,24.0,0.12,0,8,16,1.2032,36.8728,8.768,36.882,5.138,0.8255,2.0645,1.072,31.9565,10.114,0.3049,0.4843,1,synthetic
2024-08-18T17:00:00,425,kv-03,Bhalgaon,5.45,26.849,334.753,556.337,99.5,4.247,3.6,141.579,26.0,1195.0,10.8,82.0,2.6,70.0,24.0,0.12,0,8,17,1.2032,25.6458,3.4487,30.7973,5.1585,0.5741,1.9237,0.647,22.2264,9.4242,0.3049,0.4513,1,synthetic
2024-08-18T18:00:00,426,kv-03,Bhalgaon,3.025,17.464,335.481,558.418,99.5,3.808,3.6,118.925,26.0,1195.0,10.8,82.0,2.6,70.0,24.0,0.12,1,8,18,1.2032,16.2608,0.642,25.6759,5.1675,0.364,1.7758,0.208,14.0927,11.7445,0.3049,0.4166,1,synthetic
2024-08-18T19:00:00,427,kv-03,Bhalgaon,1.399,9.873,335.688,558.904,99.5,3.384,3.6,98.436,26.0,1195.0,10.8,82.0,2.6,70.0,24.0,0.12,0,8,19,1.2032,8.6698,0.0,21.5116,5.1701,0.1941,1.6299,-0.216,7.5139,7.985,0.3049,0.3824,0,synthetic
2024-08-18T20:00:00,428,kv-03,Bhalgaon,0.559,4.982,335.748,558.512,99.5,2.996,3.6,81.001,26.0,1195.0,10.8,82.0,2.6,70.0,24.0,0.12,1,8,20,1.2032,3.7789,0.0,18.8213,5.1709,0.0846,1.4932,-0.604,3.275,9.8757,0.3049,0.3503,0,synthetic
2024-08-18T21:00:00,429,kv-03,Bhalgaon,16.937,18.895,351.809,574.068,99.5,3.262,3.6,92.847,26.0,1195.0,10.8,82.0,2.6,70.0,24.0,0.12,0,8,21,1.2032,17.6918,0.9444,27.173,5.3706,0.3961,1.5874,-0.338,15.3329,7.7764,0.3049,0.3724,0,synthetic
2024-08-18T22:00:00,430,kv-03,Bhalgaon,1.844,19.34,352.198,575.306,99.5,2.939,3.6,78.588,26.0,1195.0,10.8,82.0,2.6,70.0,24.0,0.12,1,8,22,1.2032,18.1368,1.0487,27.4401,5.3755,0.406,1.4729,-0.661,15.7186,9.7413,0.3049,0.3455,0,synthetic
2024-08-18T23:00:00,431,kv-03,Bhalgaon,4.279,23.06,353.408,578.833,99.5,2.753,3.6,70.759,26.0,1195.0,10.8,82.0,2.6,70.0,24.0,0.12,0,8,23,1.2032,21.8568,2.0959,29.5535,5.3905,0.4893,1.4057,-0.847,18.9426,6.8866,0.3049,0.3298,0,synthetic
2024-08-19T00:00:00,432,kv-03,Bhalgaon,6.645,12.769,354.573,584.704,99.5,2.679,3.6,67.743,26.0,1195.0,10.8,82.0,2.6,70.0,24.0,0.12,0,8,0,1.2032,11.5658,0.0456,23.9738,5.405,0.2589,1.3787,-0.921,10.0237,6.7543,0.3049,0.3234,0,synthetic
2024-08-19T01:00:00,433,kv-03,Bhalgaon,9.917,20.841,356.198,593.695,99.5,2.734,3.6,70.006,26.0,1195.0,10.8,82.0,2.6,70.0,24.0,0.12,0,8,1,1.2032,19.6379,1.4346,28.5306,5.4252,0.4396,1.3989,-0.866,17.0195,6.853,0.3049,0.3282,0,synthetic
2024-08-19T02:00:00,434,kv-03,Bhalgaon,13.577,30.14,358.212,605.932,99.5,2.916,3.6,77.58,26.0,1195.0,10.8,82.0,2.6,70.0,24.0,0.12,0,8,2,1.2032,28.9368,4.8241,33.797,5.4503,0.6478,1.4646,-0.684,25.0786,7.1751,0.3049,0.3436,0,synthetic
2024-08-19T03:00:00,435,kv-03,Bhalgaon,17.211,40.706,360.14,621.26,99.5,3.204,3.6,90.208,26.0,1195.0,10.8,82.0,2.6,70.0,24.0,0.12,0,8,3,1.2032,39.5029,10.2388,39.7764,5.4742,0.8844,1.567,-0.396,34.2358,7.6766,0.3049,0.3676,0,synthetic
2024-08-19T04:00:00,436,kv-03,Bhalgaon,20.367,51.155,362.261,639.839,99.5,3.565,3.6,107.018,26.0,1195.0,10.8,82.0,2.6,70.0,24.0,0.12,1,8,4,1.2032,49.9519,16.7116,45.719,5.5006,1.1183,1.6926,-0.035,43.2916,11.1944,0.3049,0.3971,0,synthetic
2024-08-19T05:00:00,437,kv-03,Bhalgaon,33.093,70.671,373.731,670.392,99.5,4.335,3.6,146.317,26.0,1195.0,10.8,82.0,2.6,70.0,24.0,0.12,0,8,5,1.2032,69.4679,30.7315,57.0739,5.6433,1.5552,1.9531,0.735,60.2055,9.568,0.3049,0.4582,1,synthetic
2024-08-19T06:00:00,438,kv-03,Bhalgaon,25.25,78.71,374.462,693.242,99.5,4.691,3.6,166.041,26.0,1195.0,10.8,82.0,2.6,70.0,24.0,0.12,1,8,6,1.2032,77.5069,37.0125,61.6656,5.6524,1.7352,2.0708,1.091,67.1726,13.6954,0.3049,0.4858,1,synthetic
2024-08-19T07:00:00,439,kv-03,Bhalgaon,26.241,84.584,374.295,716.605,99.5,5.021,3.6,185.078,26.0,1195.0,10.8,82.0,2.6,70.0,24.0,0.12,0,8,7,1.2032,83.3809,41.7402,65.036,5.6503,1.8667,2.1786,1.421,72.2634,10.6731,0.3049,0.5111,1,synthetic
2024-08-19T08:00:00,440,kv-03,Bhalgaon,26.559,78.05,373.026,740.119,99.5,5.301,3.6,201.866,26.0,1195.0,10.8,82.0,2.6,70.0,24.0,0.12,1,8,8,1.2032,76.8469,36.4881,61.5417,5.6345,1.7204,2.2694,1.701,66.6006,15.0088,0.3049,0.5324,1,synthetic
2024-08-19T09:00:00,441,kv-03,Bhalgaon,26.137,78.937,371.439,763.108,99.5,5.512,3.6,214.874,26.0,1195.0,10.8,82.0,2.6,70.0,24.0,0.12,1,8,9,1.2032,77.7339,37.1932,62.1137,5.6148,1.7403,2.3373,1.912,67.3693,15.4581,0.3049,0.5483,1,synthetic
2024-08-19T10:00:00,442,kv-03,Bhalgaon,24.251,76.947,368.631,783.961,99.5,5.612,3.6,221.187,26.0,1195.0,10.8,82.0,2.6,70.0,24.0,0.12,0,8,10,1.2032,75.7439,35.6151,61.0443,5.5798,1.6957,2.3694,2.012,65.6447,11.6077,0.3049,0.5559,1,synthetic
2024-08-19T11:00:00,443,kv-03,Bhalgaon,22.385,72.773,365.762,803.231,99.5,5.625,3.6,221.976,26.0,1195.0,10.8,82.0,2.6,70.0,24.0,0.12,0,8,11,1.2032,71.5699,32.3506,58.7614,5.5442,1.6023,2.3736,2.025,62.0272,11.628,0.3049,0.5568,1,synthetic
2024-08-19T12:00:00,444,kv-03,Bhalgaon,19.134,65.77,362.151,819.245,99.5,5.516,3.6,215.163,26.0,1195.0,10.8,82.0,2.6,70.0,24.0,0.12,1,8,12,1.2032,64.5669,27.028,54.8744,5.4993,1.4455,2.3386,1.916,55.9579,15.4668,0.3049,0.5486,1,synthetic
2024-08-19T13:00:00,445,kv-03,Bhalgaon,15.886,57.406,358.223,832.316,99.5,5.311,3.6,202.502,26.0,1195.0,10.8,82.0,2.6,70.0,24.0,0.12,0,8,13,1.2032,56.2028,20.9733,50.2086,5.4504,1.2582,2.2726,1.711,48.7091,11.1336,0.3049,0.5331,1,synthetic
2024-08-19T14:00:00,446,kv-03,Bhalgaon,12.533,47.554,354.08,842.202,99.5,5.024,3.6,185.28,26.0,1195.0,10.8,82.0,2.6,70.0,24.0,0.12,0,8,14,1.2032,46.3509,14.3791,44.6965,5.3989,1.0377,2.1796,1.424,40.1707,10.678,0.3049,0.5113,1,synthetic
2024-08-19T15:00:00,447,kv-03,Bhalgaon,9.689,38.108,351.359,849.669,99.5,4.689,3.6,165.876,26.0,1195.0,10.8,82.0,2.6,70.0,24.0,0.12,0,8,15,1.2032,36.9048,8.7854,39.4458,5.365,0.8262,2.0701,1.089,31.9842,10.1413,0.3049,0.4856,1,synthetic
2024-08-19T16:00:00,448,kv-03,Bhalgaon,6.403,28.625,348.772,854.23,99.5,4.295,3.6,144.178,26.0,1195.0,10.8,82.0,2.6,70.0,24.0,0.12,1,8,16,1.2032,27.4218,4.1695,34.1616,5.3329,0.6139,1.9397,0.695,23.7656,12.8288,0.3049,0.4551,1,synthetic
2024-08-19T17:00:00,449,kv-03,Bhalgaon,3.779,19.871,347.101,856.688,99.5,3.876,3.6,122.324,26.0,1195.0,10.8,82.0,2.6,70.0,24.0,0.12,1,8,17,1.2032,18.6678,1.1793,29.2996,5.3121,0.4179,1.7989,0.276,16.1788,11.8972,0.3049,0.422,1,synthetic
2024-08-19T18:00:00,450,kv-03,Bhalgaon,1.981,12.163,346.058,857.182,99.5,3.462,3.6,102.085,26.0,1195.0,10.8,82.0,2.6,70.0,24.0,0.12,0,8,18,1.2032,10.9598,0.018,25.0242,5.2991,0.2454,1.657,-0.138,9.4985,8.1176,0.3049,0.3887,0,synthetic
2024-08-19T19:00:00,451,kv-03,Bhalgaon,0.839,6.599,345.498,856.927,99.5,3.072,3.6,84.318,26.0,1195.0,10.8,82.0,2.6,70.0,24.0,0.12,0,8,19,1.2032,5.3959,0.0,21.9414,5.2921,0.1208,1.5203,-0.528,4.6764,7.4479,0.3049,0.3567,0,synthetic
2024-08-19T20:00:00,452,kv-03,Bhalgaon,0.311,3.131,345.25,855.98,99.472,2.727,3.6,69.7,26.0,1195.0,10.8,82.0,2.6,70.0,24.0,0.12,0,8,20,1.205,1.926,0.0,20.0188,5.2876,0.0431,1.3963,-0.873,1.6692,6.8403,0.322,0.3276,0,synthetic
2024-08-19T21:00:00,453,kv-03,Bhalgaon,0.689,1.839,329.002,855.94,99.5,2.44,3.6,58.32,26.0,1195.0,10.8,82.0,2.6,70.0,24.0,0.12,0,8,21,1.2032,0.6358,0.0,18.6987,5.087,0.0142,1.2902,-1.16,0.5511,6.3208,0.3049,0.3027,0,synthetic
2024-08-19T22:00:00,454,kv-03,Bhalgaon,1.241,2.241,328.399,856.251,99.5,2.211,3.6,49.836,26.0,1195.0,10.8,82.0,2.6,70.0,24.0,0.12,0,8,22,1.2032,1.0378,0.0,18.8991,5.0795,0.0232,1.2035,-1.389,0.8995,5.8957,0.3049,0.2823,0,synthetic
2024-08-19T23:00:00,455,kv-03,Bhalgaon,2.357,4.287,326.477,857.263,99.5,2.053,3.6,44.266,26.0,1195.0,10.8,82.0,2.6,70.0,24.0,0.12,1,8,23,1.2032,3.0838,0.0,19.9586,5.0556,0.069,1.1422,-1.547,2.6727,7.5538,0.3049,0.2679,0,synthetic
2024-08-20T00:00:00,456,kv-03,Bhalgaon,3.663,7.261,323.495,858.485,99.5,1.963,3.6,41.192,26.0,1195.0,10.8,82.0,2.6,70.0,24.0,0.12,0,8,0,1.2032,6.0579,0.0,21.4901,5.0185,0.1356,1.1066,-1.637,5.2501,5.4213,0.3049,0.2596,0,synthetic
2024-08-20T01:00:00,457,kv-03,Bhalgaon,5.509,11.528,319.086,860.775,99.5,1.951,3.6,40.792,26.0,1195.0,10.8,82.0,2.6,70.0,24.0,0.12,0,8,1,1.2032,10.3248,0.0025,23.686,4.9636,0.2311,1.1019,-1.649,8.9482,5.3979,0.3049,0.2585,0,synthetic
2024-08-20T02:00:00,458,kv-03,Bhalgaon,7.24,16.412,312.749,863.33,99.5,2.004,3.6,42.568,26.0,1195.0,10.8,82.0,2.6,70.0,24.0,0.12,0,8,2,1.2032,15.2088,0.4536,26.1505,4.8848,0.3405,1.1228,-1.596,13.181,5.5006,0.3049,0.2634,0,synthetic
2024-08-20T03:00:00,459,kv-03,Bhalgaon,8.583,21.332,304.121,865.745,99.5,2.099,3.6,45.848,26.0,1195.0,10.8,82.0,2.6,70.0,24.0,0.12,0,8,3,1.2032,20.1288,1.5719,28.548,4.7775,0.4506,1.1601,-1.501,17.445,5.6833,0.3049,0.2722,0,synthetic
2024-08-20T04:00:00,460,kv-03,Bhalgaon,9.911,25.734,293.665,867.863,99.5,2.231,3.6,50.538,26.0,1195.0,10.8,82.0,2.6,70.0,24.0,0.12,1,8,4,1.2032,24.5309,3.0233,30.5903,4.6475,0.5492,1.2111,-1.369,21.2601,8.0096,0.3049,0.2841,0,synthetic
2024-08-20T05:00:00,461,kv-03,Bhalgaon,10.775,29.269,271.347,869.52,99.5,2.377,3.6,55.953,26.0,1195.0,10.8,82.0,2.6,70.0,24.0,0.12,0,8,5,1.2032,28.0658,4.4434,31.708,4.3699,0.6283,1.2666,-1.223,24.3237,6.2051,0.3049,0.2971,0,synthetic
2024-08-20T06:00:00,462,kv-03,Bhalgaon,11.582,32.268,257.678,870.629,99.5,2.534,3.6,61.979,26.0,1195.0,10.8,82.0,2.6,70.0,24.0,0.12,0,8,6,1.2032,31.0648,5.8007,32.8518,4.1999,0.6955,1.3253,-1.066,26.9229,6.4927,0.3049,0.3109,0,synthetic
2024-08-20T07:00:00,463,kv-03,Bhalgaon,11.756,34.113,243.194,870.52,99.5,2.676,3.6,67.644,26.0,1195.0,10.8,82.0,2.6,70.0,24.0,0.12,0,8,7,1.2032,32.9098,6.6979,33.3227,4.0197,0.7368,1.3777,-0.924,28.5219,6.7492,0.3049,0.3232,0,synthetic
2024-08-20T08:00:00,464,kv-03,Bhalgaon,11.689,35.027,228.323,869.628,99.5,2.797,3.6,72.582,26.0,1195.0,10.8,82.0,2.6,70.0,24.0,0.12,0,8,8,1.2032,33.8239,7.1586,33.2621,3.8348,0.7572,1.4217,-0.803,29.314,6.9649,0.3049,0.3335,0,synthetic
2024-08-20T09:00:00,465,kv-03,Bhalgaon,10.514,33.959,212.7,866.857,99.5,2.858,3.6,75.128,26.0,1195.0,10.8,82.0,2.6,70.0,24.0,0.12,1,8,9,1.2032,32.7559,6.6213,32.0716,3.6405,0.7333,1.4438,-0.742,28.3884,9.5484,0.3049,0.3387,0,synthetic
2024-08-20T10:00:00,466,kv-03,Bhalgaon,9.687,31.889,198.136,862.999,99.5,2.88,3.6,76.063,26.0,1195.0,10.8,82.0,2.6,70.0,24.0,0.12,1,8,10,1.2032,30.6858,5.6221,30.3628,3.4593,0.687,1.4517,-0.72,26.5944,9.601,0.3049,0.3406,0,synthetic
2024-08-20T11:00:00,467,kv-03,Bhalgaon,8.683,28.884,184.435,858.757,99.5,2.863,3.6,75.322,26.0,1195.0,10.8,82.0,2.6,70.0,24.0,0.12,0,8,11,1.2032,27.6808,4.2789,28.1697,3.2889,0.6197,1.4455,-0.737,23.9901,7.0816,0.3049,0.3391,0,synthetic
2024-08-20T12:00:00,468,kv-03,Bhalgaon,18.808,37.179,184.108,865.336,99.5,3.217,3.6,90.772,26.0,1195.0,10.8,82.0,2.6,70.0,24.0,0.12,0,8,12,1.2032,35.9759,8.2834,32.7608,3.2848,0.8054,1.5715,-0.383,31.1791,7.6988,0.3049,0.3687,0,synthetic
2024-08-20T13:00:00,469,kv-03,Bhalgaon,6.04,33.532,174.262,850.236,99.5,3.054,3.6,83.524,26.0,1195.0,10.8,82.0,2.6,70.0,24.0,0.12,0,8,13,1.2032,32.3288,6.4105,30.2914,3.1624,0.7238,1.5139,-0.546,28.0183,7.4165,0.3049,0.3551,0,synthetic
2024-08-20T14:00:00,470,kv-03,Bhalgaon,4.488,29.337,166.217,845.154,99.5,2.858,3.6,75.134,26.0,1195.0,10.8,82.0,2.6,70.0,24.0,0.12,1,8,14,1.2032,28.1338,4.4727,27.6507,3.0623,0.6298,1.4438,-0.742,24.3827,9.5485,0.3049,0.3387,0,synthetic
2024-08-20T15:00:00,471,kv-03,Bhalgaon,3.11,13.638,159.638,840.844,99.5,2.64,3.6,66.192,26.0,1195.0,10.8,82.0,2.6,70.0,24.0,0.12,0,8,15,1.2032,12.4348,0.1062,18.7426,2.9805,0.2784,1.3645,-0.96,10.7769,6.6845,0.3049,0.3201,0,synthetic
2024-08-20T16:00:00,472,kv-03,Bhalgaon,2.378,9.976,155.613,837.488,99.5,2.426,3.6,57.821,26.0,1195.0,10.8,82.0,2.6,70.0,24.0,0.12,0,8,16,1.2032,8.7729,0.0,16.5566,2.9304,0.1964,1.2851,-1.174,7.6031,6.2955,0.3049,0.3015,0,synthetic
2024-08-20T17:00:00,473,kv-03,Bhalgaon,13.469,18.957,165.304,847.157,99.5,2.646,3.6,66.403,26.0,1195.0,10.8,82.0,2.6,70.0,24.0,0.12,0,8,17,1.2032,17.7538,0.9586,21.92,3.051,0.3975,1.3666,-0.954,15.3867,6.695,0.3049,0.3206,0,synthetic
2024-08-20T18:00:00,474,kv-03,Bhalgaon,1.155,17.002,164.477,846.016,99.5,2.386,3.6,56.302,26.0,1195.0,10.8,82.0,2.6,70.0,24.0,0.12,0,8,18,1.2032,15.7988,0.5556,20.8066,3.0407,0.3537,1.27,-1.214,13.6923,6.2218,0.3049,0.2979,0,synthetic
2024-08-20T19:00:00,475,kv-03,Bhalgaon,1.003,15.627,164.642,845.827,99.5,2.156,3.6,47.876,26.0,1195.0,10.8,82.0,2.6,70.0,24.0,0.12,1,8,19,1.2032,14.4238,0.3326,20.0553,3.0427,0.3229,1.1823,-1.444,12.5007,7.8192,0.3049,0.2774,0,synthetic
2024-08-20T20:00:00,476,kv-03,Bhalgaon,0.139,2.297,164.47,845.467,99.377,1.935,3.6,40.257,26.0,1195.0,10.8,82.0,2.6,70.0,24.0,0.12,1,8,20,1.2113,1.0857,0.0,12.7151,3.0368,0.0243,1.0955,-1.665,0.9409,7.245,0.3799,0.257,0,synthetic
2024-08-20T21:00:00,477,kv-03,Bhalgaon,1.029,2.172,164.81,845.622,99.471,1.763,3.6,34.691,26.0,1195.0,10.8,82.0,2.6,70.0,24.0,0.12,1,8,21,1.2051,0.9669,0.0,12.6601,3.0439,0.0216,1.026,-1.837,0.838,6.7853,0.3226,0.2407,0,synthetic
2024-08-20T22:00:00,478,kv-03,Bhalgaon,0.292,1.46,163.861,844.458,99.432,1.591,3.6,29.445,26.0,1195.0,10.8,82.0,2.6,70.0,24.0,0.12,0,8,22,1.2077,0.2523,0.0,12.2256,3.0309,0.0056,0.9543,-2.009,0.2187,4.6753,0.3463,0.2239,0,synthetic
2024-08-20T23:00:00,479,kv-03,Bhalgaon,0.669,1.991,162.173,842.058,99.5,1.447,3.6,25.289,26.0,1195.0,10.8,82.0,2.6,70.0,24.0,0.12,1,8,23,1.2032,0.7878,0.0,12.4394,3.012,0.0176,0.8923,-2.153,0.6828,5.9014,0.3049,0.2093,0,synthetic
2024-08-21T00:00:00,480,kv-03,Bhalgaon,1.146,2.107,159.657,837.724,99.5,1.336,3.6,22.267,26.0,1195.0,10.8,82.0,2.6,70.0,24.0,0.12,1,8,0,1.2032,0.9039,0.0,12.3818,2.9807,0.0202,0.8432,-2.264,0.7833,5.5764,0.3049,0.1978,0,synthetic
2024-08-21T01:00:00,481,kv-03,Bhalgaon,17.716,19.531,171.863,847.148,99.5,1.842,3.6,37.204,26.0,1195.0,10.8,82.0,2.6,70.0,24.0,0.12,1,8,1,1.2032,18.3278,1.0949,22.4816,3.1325,0.4103,1.0581,-1.758,15.8841,6.9979,0.3049,0.2482,0,synthetic
2024-08-21T02:00:00,482,kv-03,Bhalgaon,1.788,20.65,166.411,837.372,99.5,1.709,3.6,33.004,26.0,1195.0,10.8,82.0,2.6,70.0,24.0,0.12,1,8,2,1.2032,19.4468,1.3827,22.8315,3.0647,0.4354,1.0037,-1.891,16.8539,6.6381,0.3049,0.2355,0,synthetic
2024-08-21T03:00:00,483,kv-03,Bhalgaon,2.547,22.05,160.375,824.636,99.5,1.62,3.6,30.283,26.0,1195.0,10.8,82.0,2.6,70.0,24.0,0.12,0,8,3,1.2032,20.8468,1.7821,23.2955,2.9897,0.4667,0.9665,-1.98,18.0673,4.7347,0.3049,0.2267,0,synthetic
2024-08-21T04:00:00,484,kv-03,Bhalgaon,2.146,6.481,152.61,808.536,99.5,1.526,3.6,27.528,26.0,1195.0,10.8,82.0,2.6,70.0,24.0,0.12,0,8,4,1.2032,5.2778,0.0,14.3408,2.8931,0.1182,0.9265,-2.074,4.5741,4.539,0.3049,0.2174,0,synthetic
2024-08-21T05:00:00,485,kv-03,Bhalgaon,2.452,7.145,144.287,789.365,99.5,1.454,3.6,25.482,26.0,1195.0,10.8,82.0,2.6,70.0,24.0,0.12,0,8,5,1.2032,5.9418,0.0,14.274,2.7896,0.133,0.8954,-2.146,5.1496,4.3863,0.3049,0.21,0,synthetic
2024-08-21T06:00:00,486,kv-03,Bhalgaon,3.036,7.633,135.741,767.881,99.5,1.411,3.6,24.299,26.0,1195.0,10.8,82.0,2.6,70.0,24.0,0.12,1,8,6,1.2032,6.4299,0.0,14.0877,2.6833,0.1439,0.8766,-2.189,5.5725,5.7972,0.3049,0.2056,0,synthetic
2024-08-21T07:00:00,487,kv-03,Bhalgaon,2.452,7.94,126.437,743.926,99.5,1.352,3.6,22.692,26.0,1195.0,10.8,82.0,2.6,70.0,24.0,0.12,1,8,7,1.2032,6.7369,0.0,13.7579,2.5676,0.1508,0.8503,-2.248,5.8386,5.6237,0.3049,0.1995,0,synthetic
2024-08-21T08:00:00,488,kv-03,Bhalgaon,2.273,7.76,117.021,718.37,99.5,1.293,3.6,21.125,26.0,1195.0,10.8,82.0,2.6,70.0,24.0,0.12,1,8,8,1.2032,6.5568,0.0,13.1461,2.4504,0.1468,0.8237,-2.307,5.6826,5.4475,0.3049,0.1932,0,synthetic
2024-08-21T09:00:00,489,kv-03,Bhalgaon,2.993,7.718,109.5,693.639,99.5,1.267,3.6,20.438,26.0,1195.0,10.8,82.0,2.6,70.0,24.0,0.12,0,8,9,1.2032,6.5149,0.0,12.6864,2.3569,0.1459,0.8117,-2.333,5.6462,3.9766,0.3049,0.1904,0,synthetic
2024-08-21T10:00:00,490,kv-03,Bhalgaon,2.128,7.393,101.94,668.708,99.5,1.212,3.6,19.033,26.0,1195.0,10.8,82.0,2.6,70.0,24.0,0.12,0,8,10,1.2032,6.1898,0.0,12.0683,2.2629,0.1386,0.7863,-2.388,5.3645,3.8519,0.3049,0.1845,0,synthetic
2024-08-21T11:00:00,491,kv-03,Bhalgaon,1.676,6.796,94.932,645.129,99.5,1.146,3.6,17.407,26.0,1195.0,10.8,82.0,2.6,70.0,24.0,0.12,0,8,11,1.2032,5.5929,0.0,11.3298,2.1757,0.1252,0.7552,-2.454,4.8471,3.6999,0.3049,0.1772,0,synthetic
2024-08-21T12:00:00,492,kv-03,Bhalgaon,1.435,5.239,77.56,623.819,99.5,1.078,3.6,15.794,26.0,1195.0,10.8,82.0,2.6,70.0,24.0,0.12,0,8,12,1.2032,4.0358,0.0,9.6888,1.9597,0.0904,0.7226,-2.522,3.4977,3.54,0.3049,0.1695,0,synthetic
2024-08-21T13:00:00,493,kv-03,Bhalgaon,1.649,4.76,73.168,605.654,99.5,1.026,3.6,14.576,26.0,1195.0,10.8,82.0,2.6,70.0,24.0,0.12,1,8,13,1.2032,3.5568,0.0,9.1471,1.905,0.0796,0.6969,-2.574,3.0826,4.6088,0.3049,0.1635,0,synthetic
2024-08-21T14:00:00,494,kv-03,Bhalgaon,1.039,4.123,69.719,590.016,99.5,0.956,3.6,13.026,26.0,1195.0,10.8,82.0,2.6,70.0,24.0,0.12,1,8,14,1.2032,2.9199,0.0,8.5697,1.8621,0.0654,0.6617,-2.644,2.5305,4.3762,0.3049,0.1552,0,synthetic
2024-08-21T15:00:00,495,kv-03,Bhalgaon,0.985,3.672,67.594,578.591,99.5,0.891,3.6,11.649,26.0,1195.0,10.8,82.0,2.6,70.0,24.0,0.12,1,8,15,1.2032,2.4688,0.0,8.1706,1.8357,0.0553,0.6281,-2.709,2.1397,4.1543,0.3049,0.1474,0,synthetic
2024-08-21T16:00:00,496,kv-03,Bhalgaon,0.529,2.552,65.745,570.13,99.5,0.817,3.6,10.129,26.0,1195.0,10.8,82.0,2.6,70.0,24.0,0.12,1,8,16,1.2032,1.3488,0.0,7.4323,1.8127,0.0302,0.5884,-2.783,1.169,3.8913,0.3049,0.138,0,synthetic
2024-08-21T17:00:00,497,kv-03,Bhalgaon,0.548,2.061,52.823,565.228,99.5,0.75,3.6,8.84,26.0,1195.0,10.8,82.0,2.6,70.0,24.0,0.12,0,8,17,1.2032,0.8578,0.0,6.6471,1.652,0.0192,0.5513,-2.85,0.7435,2.7008,0.3049,0.1293,0,synthetic
2024-08-21T18:00:00,498,kv-03,Bhalgaon,0.241,1.318,51.91,562.444,99.433,0.687,3.6,7.67,26.0,1195.0,10.8,82.0,2.6,70.0,24.0,0.12,1,8,18,1.2076,0.1104,0.0,6.1868,1.6395,0.0025,0.5148,-2.913,0.0957,3.4048,0.3457,0.1208,0,synthetic
2024-08-21T19:00:00,499,kv-03,Bhalgaon,0.0,0.789,50.906,561.045,99.234,0.627,3.6,6.626,26.0,1195.0,10.8,82.0,2.6,70.0,24.0,0.12,1,8,19,0.789,0.0,0.0,5.8495,1.6238,0.0,0.4789,-2.973,0.0,3.1673,0.4671,0.1123,0,synthetic
2024-08-21T20:00:00,500,kv-03,Bhalgaon,0.182,0.423,50.949,560.669,99.135,0.574,3.6,5.759,26.0,1195.0,10.8,82.0,2.6,70.0,24.0,0.12,0,8,20,0.423,0.0,0.0,5.6474,1.6227,0.0,0.4461,-3.026,0.0,2.1853,0.5274,0.1046,0,synthetic
2024-08-21T21:00:00,501,kv-03,Bhalgaon,0.143,0.325,50.062,543.875,99.014,0.526,3.6,5.007,26.0,1195.0,10.8,82.0,2.6,70.0,24.0,0.12,1,8,21,0.325,0.0,0.0,5.4553,1.6097,0.0,0.415,-3.074,0.0,2.745,0.6012,0.0974,0,synthetic
2024-08-21T22:00:00,502,kv-03,Bhalgaon,0.246,0.571,50.017,542.276,98.951,0.483,3.6,4.374,26.0,1195.0,10.8,82.0,2.6,70.0,24.0,0.12,0,8,22,0.571,0.0,0.0,5.5789,1.6082,0.0,0.3864,-3.117,0.0,1.893,0.6396,0.0906,0,synthetic
2024-08-21T23:00:00,503,kv-03,Bhalgaon,0.233,0.621,49.58,538.23,98.88,0.444,3.6,3.825,26.0,1195.0,10.8,82.0,2.6,70.0,24.0,0.12,0,8,23,0.621,0.0,0.0,5.5647,1.6016,0.0,0.3594,-3.156,0.0,1.7607,0.6829,0.0843,0,synthetic
2024-08-22T00:00:00,504,kv-03,Bhalgaon,0.786,1.264,49.219,532.37,98.98,0.421,3.6,3.508,26.0,1195.0,10.8,82.0,2.6,70.0,24.0,0.12,0,8,0,1.2376,0.0264,0.0,5.8682,1.5988,0.0006,0.3428,-3.179,0.0229,1.6795,0.622,0.0804,0,synthetic
2024-08-22T01:00:00,505,kv-03,Bhalgaon,1.143,2.162,32.647,523.597,99.079,0.413,3.6,3.399,26.0,1195.0,10.8,82.0,2.6,70.0,24.0,0.12,1,8,1,1.2311,0.9309,0.0,5.6858,1.3951,0.0208,0.3369,-3.187,0.8068,2.2283,0.5616,0.079,0,synthetic
2024-08-22T02:00:00,506,kv-03,Bhalgaon,1.33,3.259,32.189,511.35,99.177,0.412,3.6,3.39,26.0,1195.0,10.8,82.0,2.6,70.0,24.0,0.1226,0,8,2,1.2246,2.0344,0.0,6.1955,1.3908,0.0454,0.3363,-3.188,1.7632,1.6477,0.5018,0.0789,0,synthetic
2024-08-22T03:00:00,507,kv-03,Bhalgaon,1.669,4.143,31.311,495.807,99.273,0.424,3.6,3.547,26.0,1195.0,10.8,82.0,2.6,70.0,24.0,0.1328,0,8,3,1.2182,2.9248,0.0,6.5516,1.3813,0.0653,0.3449,-3.176,2.5348,1.6899,0.4433,0.0809,0,synthetic
2024-08-22T04:00:00,508,kv-03,Bhalgaon,2.071,5.07,31.236,477.511,99.368,0.449,3.6,3.894,26.0,1195.0,10.8,82.0,2.6,70.0,24.0,0.1334,0,8,4,1.2119,3.8581,0.0,6.9443,1.3817,0.0863,0.3629,-3.151,3.3437,1.778,0.3854,0.0851,0,synthetic
2024-08-22T05:00:00,509,kv-03,Bhalgaon,2.867,6.606,31.651,447.285,99.462,0.502,3.6,4.644,26.0,1195.0,10.8,82.0,2.6,70.0,24.0,0.1281,0,8,5,1.2057,5.4003,0.0,7.6157,1.3881,0.1209,0.399,-3.098,4.6803,1.9549,0.328,0.0936,0,synthetic
2024-08-22T06:00:00,510,kv-03,Bhalgaon,3.293,8.23,31.908,425.327,99.5,0.565,3.6,5.613,26.0,1195.0,10.8,82.0,2.6,70.0,24.0,0.1249,1,8,6,1.2032,7.0269,0.0,8.3813,1.3919,0.1573,0.4403,-3.035,6.0899,2.912,0.3049,0.1033,0,synthetic
2024-08-22T07:00:00,511,kv-03,Bhalgaon,4.323,10.482,33.778,403.409,99.5,0.66,3.6,7.197,26.0,1195.0,10.8,82.0,2.6,70.0,24.0,0.12,0,8,7,1.2032,9.2788,0.0,9.5531,1.4151,0.2077,0.4989,-2.94,8.0417,2.4441,0.3049,0.117,0,synthetic
2024-08-22T08:00:00,512,kv-03,Bhalgaon,4.092,11.707,35.598,380.942,99.5,0.737,3.6,8.599,26.0,1195.0,10.8,82.0,2.6,70.0,24.0,0.12,0,8,8,1.2032,10.5038,0.0055,10.1547,1.4378,0.2352,0.544,-2.863,9.1033,2.6649,0.3049,0.1276,0,synthetic
2024-08-22T09:00:00,513,kv-03,Bhalgaon,4.341,12.756,36.946,359.146,99.5,0.817,3.6,10.127,26.0,1195.0,10.8,82.0,2.6,70.0,24.0,0.12,1,8,9,1.2032,11.5528,0.0449,10.6459,1.4545,0.2586,0.5884,-2.783,10.0125,3.8911,0.3049,0.138,0,synthetic
2024-08-22T10:00:00,514,kv-03,Bhalgaon,4.609,13.042,39.428,339.504,99.5,0.898,3.6,11.79,26.0,1195.0,10.8,82.0,2.6,70.0,24.0,0.12,0,8,10,1.2032,11.8388,0.062,10.7736,1.4854,0.265,0.6317,-2.702,10.2603,3.0949,0.3049,0.1482,0,synthetic
2024-08-22T11:00:00,515,kv-03,Bhalgaon,4.427,13.377,42.179,321.546,99.5,0.965,3.6,13.223,26.0,1195.0,10.8,82.0,2.6,70.0,24.0,0.12,0,8,11,1.2032,12.1738,0.0854,10.9487,1.5196,0.2725,0.6663,-2.635,10.5507,3.2641,0.3049,0.1563,0,synthetic
2024-08-22T12:00:00,516,kv-03,Bhalgaon,4.582,13.617,45.325,306.993,99.5,1.031,3.6,14.694,26.0,1195.0,10.8,82.0,2.6,70.0,24.0,0.12,0,8,12,1.2032,12.4139,0.1044,11.1077,1.5587,0.2779,0.6994,-2.569,10.7587,3.4263,0.3049,0.1641,0,synthetic
2024-08-22T13:00:00,517,kv-03,Bhalgaon,4.167,13.175,47.843,295.273,99.5,1.075,3.6,15.708,26.0,1195.0,10.8,82.0,2.6,70.0,24.0,0.12,0,8,13,1.2032,11.9718,0.0709,10.8858,1.59,0.268,0.721,-2.525,10.3756,3.5321,0.3049,0.1691,0,synthetic
2024-08-22T14:00:00,518,kv-03,Bhalgaon,3.539,12.287,50.343,286.279,99.5,1.091,3.6,16.097,26.0,1195.0,10.8,82.0,2.6,70.0,24.0,0.12,0,8,14,1.2032,11.0838,0.0227,10.435,1.6211,0.2481,0.7289,-2.509,9.606,3.5708,0.3049,0.171,0,synthetic
2024-08-22T15:00:00,519,kv-03,Bhalgaon,2.96,10.666,52.319,279.55,99.5,1.085,3.6,15.949,26.0,1195.0,10.8,82.0,2.6,70.0,24.0,0.12,1,8,15,1.2032,9.4628,0.0,9.5755,1.6457,0.2118,0.7259,-2.515,8.2011,4.801,0.3049,0.1703,0,synthetic
2024-08-22T16:00:00,520,kv-03,Bhalgaon,2.226,8.725,54.016,275.373,99.5,1.052,3.6,15.193,26.0,1195.0,10.8,82.0,2.6,70.0,24.0,0.12,0,8,16,1.2032,7.5218,0.0,8.5454,1.6668,0.1684,0.7099,-2.548,6.5189,3.4778,0.3049,0.1665,0,synthetic
2024-08-22T17:00:00,521,kv-03,Bhalgaon,1.435,6.622,54.903,273.03,99.5,0.995,3.6,13.879,26.0,1195.0,10.8,82.0,2.6,70.0,24.0,0.12,0,8,17,1.2032,5.4188,0.0,7.4074,1.6779,0.1213,0.6814,-2.605,4.6963,3.3381,0.3049,0.1598,0,synthetic
2024-08-22T18:00:00,522,kv-03,Bhalgaon,0.95,4.612,55.612,271.999,99.5,0.925,3.6,12.357,26.0,1195.0,10.8,82.0,2.6,70.0,24.0,0.12,1,8,18,1.2032,3.4089,0.0,6.322,1.6867,0.0763,0.6458,-2.675,2.9543,4.2708,0.3049,0.1515,0,synthetic
2024-08-22T19:00:00,523,kv-03,Bhalgaon,0.337,2.723,55.95,271.498,99.486,0.845,3.6,10.694,26.0,1195.0,10.8,82.0,2.6,70.0,24.0,0.12,1,8,19,1.2041,1.5189,0.0,5.2926,1.6906,0.034,0.6036,-2.755,1.3164,3.9919,0.3134,0.1416,0,synthetic
2024-08-22T20:00:00,524,kv-03,Bhalgaon,0.402,1.69,56.17,271.589,99.5,0.774,3.6,9.287,26.0,1195.0,10.8,82.0,2.6,70.0,24.0,0.12,1,8,20,1.2032,0.4868,0.0,4.7333,1.6936,0.0109,0.5646,-2.826,0.4219,3.7343,0.3049,0.1325,0,synthetic
2024-08-22T21:00:00,525,kv-03,Bhalgaon,0.362,1.101,56.389,271.261,99.5,0.709,3.6,8.075,26.0,1195.0,10.8,82.0,2.6,70.0,24.0,0.12,1,8,21,1.101,0.0,0.0,4.4155,1.6963,0.0,0.5278,-2.891,0.0,3.4905,0.3049,0.1238,0,synthetic
2024-08-22T22:00:00,526,kv-03,Bhalgaon,0.865,1.629,57.008,270.885,99.5,0.664,3.6,7.277,26.0,1195.0,10.8,82.0,2.6,70.0,24.0,0.12,1,8,22,1.2032,0.4258,0.0,4.7268,1.704,0.0095,0.5015,-2.936,0.3691,3.3165,0.3049,0.1176,0,synthetic
2024-08-22T23:00:00,527,kv-03,Bhalgaon,1.737,2.964,58.513,270.266,99.5,0.656,3.6,7.127,26.0,1195.0,10.8,82.0,2.6,70.0,24.0,0.12,0,8,23,1.2032,1.7608,0.0,5.5136,1.7228,0.0394,0.4965,-2.944,1.5261,2.4323,0.3049,0.1165,0,synthetic
2024-08-23T00:00:00,528,kv-03,Bhalgaon,2.911,5.513,60.638,269.514,99.5,0.691,3.6,7.745,26.0,1195.0,10.8,82.0,2.6,70.0,24.0,0.12,1,8,0,1.2032,4.3098,0.0,6.9905,1.7492,0.0965,0.5172,-2.909,3.7352,3.4207,0.3049,0.1213,0,synthetic
2024-08-23T01:00:00,529,kv-03,Bhalgaon,4.849,9.497,64.344,268.854,99.5,0.793,3.6,9.661,26.0,1195.0,10.8,82.0,2.6,70.0,24.0,0.12,0,8,1,1.2032,8.2938,0.0,9.3166,1.7953,0.1857,0.5753,-2.807,7.188,2.8182,0.3049,0.135,0,synthetic
2024-08-23T02:00:00,530,kv-03,Bhalgaon,6.669,14.429,69.683,268.283,99.5,0.952,3.6,12.938,26.0,1195.0,10.8,82.0,2.6,70.0,24.0,0.12,0,8,2,1.2032,13.2258,0.182,12.2258,1.8617,0.2961,0.6596,-2.648,11.4624,3.2315,0.3049,0.1547,0,synthetic
2024-08-23T03:00:00,531,kv-03,Bhalgaon,8.94,20.459,76.954,268.64,99.5,1.178,3.6,18.191,26.0,1195.0,10.8,82.0,2.6,70.0,24.0,0.12,0,8,3,1.2032,19.2558,1.3315,15.8172,1.9521,0.4311,0.7704,-2.422,16.6884,3.7741,0.3049,0.1807,0,synthetic
2024-08-23T04:00:00,532,kv-03,Bhalgaon,11.31,26.919,86.193,270.039,99.5,1.467,3.6,25.843,26.0,1195.0,10.8,82.0,2.6,70.0,24.0,0.12,1,8,4,1.2032,25.7158,3.4761,19.7254,2.067,0.5757,0.901,-2.133,22.2871,5.9589,0.3049,0.2114,0,synthetic
2024-08-23T05:00:00,533,kv-03,Bhalgaon,13.579,33.828,96.905,272.843,99.5,1.807,3.6,36.086,26.0,1195.0,10.8,82.0,2.6,70.0,24.0,0.12,0,8,5,1.2032,32.6249,6.5564,23.9446,2.2003,0.7304,1.0439,-1.793,28.2749,5.1142,0.3049,0.2449,0,synthetic
2024-08-23T06:00:00,534,kv-03,Bhalgaon,15.745,40.633,109.357,277.005,99.5,2.187,3.6,48.974,26.0,1195.0,10.8,82.0,2.6,70.0,24.0,0.12,0,8,6,1.2032,39.4299,10.1971,28.1803,2.3551,0.8827,1.1942,-1.413,34.1725,5.8505,0.3049,0.2802,0,synthetic
2024-08-23T07:00:00,535,kv-03,Bhalgaon,17.504,46.828,122.538,282.753,99.5,2.585,3.6,63.968,26.0,1195.0,10.8,82.0,2.6,70.0,24.0,0.12,0,8,7,1.2032,45.6249,13.921,32.1178,2.5191,1.0214,1.3441,-1.015,39.5415,6.5849,0.3049,0.3153,0,synthetic
2024-08-23T08:00:00,536,kv-03,Bhalgaon,18.636,51.885,137.082,289.701,99.5,2.971,3.6,79.94,26.0,1195.0,10.8,82.0,2.6,70.0,24.0,0.12,1,8,8,1.2032,50.6818,17.196,35.488,2.7,1.1346,1.4843,-0.629,43.9243,9.8168,0.3049,0.3482,0,synthetic
2024-08-23T09:00:00,537,kv-03,Bhalgaon,19.234,55.374,151.975,298.42,99.5,3.325,3.6,95.718,26.0,1195.0,10.8,82.0,2.6,70.0,24.0,0.12,1,8,9,1.2032,54.1709,19.5607,38.0199,2.8852,1.2127,1.6094,-0.275,46.9481,10.6438,0.3049,0.3776,0,synthetic
2024-08-23T10:00:00,538,kv-03,Bhalgaon,19.37,57.239,166.736,308.104,99.5,3.632,3.6,110.224,26.0,1195.0,10.8,82.0,2.6,70.0,24.0,0.12,0,8,10,1.2032,56.0358,20.8563,39.6597,3.0688,1.2545,1.7156,0.032,48.5644,8.4048,0.3049,0.4025,0,synthetic
2024-08-23T11:00:00,539,kv-03,Bhalgaon,18.429,57.033,180.738,317.849,99.5,3.856,3.6,121.337,26.0,1195.0,10.8,82.0,2.6,70.0,24.0,0.12,0,8,11,1.2032,55.8299,20.7121,40.1324,3.2429,1.2499,1.7921,0.256,48.3859,8.7796,0.3049,0.4204,1,synthetic
2024-08-23T12:00:00,540,kv-03,Bhalgaon,17.041,54.84,193.197,316.082,99.5,3.994,3.6,128.355,26.0,1195.0,10.8,82.0,2.6,70.0,24.0,0.12,0,8,12,1.2032,53.6369,19.1936,39.3824,3.3979,1.2008,1.8388,0.394,46.4853,9.0084,0.3049,0.4314,1,synthetic
2024-08-23T13:00:00,541,kv-03,Bhalgaon,14.997,50.467,204.027,325.038,99.5,4.035,3.6,130.452,26.0,1195.0,10.8,82.0,2.6,70.0,24.0,0.12,0,8,13,1.2032,49.2638,16.2585,37.4393,3.5326,1.1029,1.8526,0.435,42.6953,9.076,0.3049,0.4346,1,synthetic
2024-08-23T14:00:00,542,kv-03,Bhalgaon,12.361,44.399,212.849,332.911,99.5,3.973,3.6,127.249,26.0,1195.0,10.8,82.0,2.6,70.0,24.0,0.12,0,8,14,1.2032,43.1959,12.4199,34.482,3.6423,0.967,1.8317,0.373,37.4364,8.9735,0.3049,0.4297,1,synthetic
2024-08-23T15:00:00,543,kv-03,Bhalgaon,9.779,37.137,219.668,339.58,99.5,3.827,3.6,119.851,26.0,1195.0,10.8,82.0,2.6,70.0,24.0,0.12,0,8,15,1.2032,35.9338,8.2609,30.7853,3.7271,0.8045,1.7822,0.227,31.1427,8.7312,0.3049,0.4181,1,synthetic
2024-08-23T16:00:00,544,kv-03,Bhalgaon,7.03,29.17,224.472,344.233,99.5,3.604,3.6,108.911,26.0,1195.0,10.8,82.0,2.6,70.0,24.0,0.12,0,8,16,1.2032,27.9669,4.4009,26.6127,3.7869,0.6261,1.7061,0.004,24.2379,8.358,0.3049,0.4002,1,synthetic
2024-08-23T17:00:00,545,kv-03,Bhalgaon,4.344,21.153,227.381,335.107,99.5,3.32,3.6,95.488,26.0,1195.0,10.8,82.0,2.6,70.0,24.0,0.12,0,8,17,1.2032,19.9498,1.5213,22.2554,3.8231,0.4466,1.6076,-0.28,17.2899,7.8758,0.3049,0.3771,0,synthetic
2024-08-23T18:00:00,546,kv-03,Bhalgaon,2.336,13.71,228.766,336.288,99.5,3.006,3.6,81.469,26.0,1195.0,10.8,82.0,2.6,70.0,24.0,0.12,1,8,18,1.2032,12.5069,0.1123,18.221,3.8403,0.28,1.4969,-0.594,10.8393,9.8997,0.3049,0.3512,0,synthetic
2024-08-23T19:00:00,547,kv-03,Bhalgaon,1.04,7.72,229.47,336.326,99.5,2.692,3.6,68.274,26.0,1195.0,10.8,82.0,2.6,70.0,24.0,0.12,0,8,19,1.2032,6.5168,0.0,14.9532,3.849,0.1459,1.3835,-0.908,5.6479,6.7777,0.3049,0.3246,0,synthetic
2024-08-23T20:00:00,548,kv-03,Bhalgaon,0.219,3.595,229.286,336.405,99.421,2.401,3.6,56.835,26.0,1195.0,10.8,82.0,2.6,70.0,24.0,0.12,0,8,20,1.2084,2.3866,0.0,12.678,3.8437,0.0534,1.2756,-1.199,2.0684,6.2491,0.353,0.2992,0,synthetic
2024-08-23T21:00:00,549,kv-03,Bhalgaon,12.119,13.378,241.043,347.495,99.5,2.574,3.6,63.543,26.0,1195.0,10.8,82.0,2.6,70.0,24.0,0.12,0,8,21,1.2032,12.1748,0.0855,18.5689,3.993,0.2726,1.3401,-1.026,10.5515,6.5651,0.3049,0.3144,0,synthetic
2024-08-23T22:00:00,550,kv-03,Bhalgaon,1.438,13.776,241.616,348.641,99.5,2.335,3.6,54.364,26.0,1195.0,10.8,82.0,2.6,70.0,24.0,0.12,0,8,22,1.2032,12.5728,0.118,18.8164,4.0001,0.2815,1.2507,-1.265,10.8965,6.1272,0.3049,0.2934,0,synthetic
2024-08-23T23:00:00,551,kv-03,Bhalgaon,3.421,16.978,243.3,351.393,99.5,2.2,3.6,49.422,26.0,1195.0,10.8,82.0,2.6,70.0,24.0,0.12,1,8,23,1.2032,15.7749,0.5513,20.6579,4.021,0.3532,1.1992,-1.4,13.6715,7.9309,0.3049,0.2813,0,synthetic
2024-08-24T00:00:00,552,kv-03,Bhalgaon,5.979,10.838,246.368,356.225,99.5,2.175,3.6,48.549,26.0,1195.0,10.8,82.0,2.6,70.0,24.0,0.12,0,8,0,1.2032,9.6348,0.0,17.4261,4.0592,0.2157,1.1896,-1.425,8.3502,5.8279,0.3049,0.2791,0,synthetic
2024-08-24T01:00:00,553,kv-03,Bhalgaon,9.514,18.914,251.033,348.024,99.5,2.283,3.6,52.448,26.0,1195.0,10.8,82.0,2.6,70.0,24.0,0.12,0,8,1,1.2032,17.7109,0.9487,21.9916,4.1172,0.3965,1.231,-1.317,15.3494,6.0305,0.3049,0.2888,0,synthetic
2024-08-24T02:00:00,554,kv-03,Bhalgaon,12.44,27.933,256.804,358.676,99.5,2.483,3.6,60.009,26.0,1195.0,10.8,82.0,2.6,70.0,24.0,0.12,1,8,2,1.2032,26.7298,3.8825,27.235,4.189,0.5984,1.3064,-1.117,23.1659,8.6399,0.3049,0.3065,0,synthetic
2024-08-24T03:00:00,555,kv-03,Bhalgaon,16.098,38.053,263.963,372.228,99.5,2.791,3.6,72.331,26.0,1195.0,10.8,82.0,2.6,70.0,24.0,0.12,1,8,3,1.2032,36.8498,8.7554,33.1542,4.278,0.825,1.4195,-0.809,31.9365,9.3882,0.3049,0.333,0,synthetic
2024-08-24T04:00:00,556,kv-03,Bhalgaon,19.489,48.028,272.142,389.571,99.5,3.18,3.6,89.123,26.0,1195.0,10.8,82.0,2.6,70.0,24.0,0.12,0,8,4,1.2032,46.8248,14.6805,39.0555,4.3798,1.0483,1.5585,-0.42,40.5815,7.6351,0.3049,0.3656,0,synthetic
2024-08-24T05:00:00,557,kv-03,Bhalgaon,22.548,58.136,281.112,409.668,99.5,3.624,3.6,109.864,26.0,1195.0,10.8,82.0,2.6,70.0,24.0,0.12,0,8,5,1.2032,56.9329,21.4868,45.0769,4.4913,1.2746,1.7129,0.024,49.3418,8.3915,0.3049,0.4018,0,synthetic
2024-08-24T06:00:00,558,kv-03,Bhalgaon,24.517,66.555,289.884,431.149,99.5,4.072,3.6,132.376,26.0,1195.0,10.8,82.0,2.6,70.0,24.0,0.12,1,8,6,1.2032,65.3519,27.6141,50.1706,4.6004,1.4631,1.8651,0.472,56.6383,12.335,0.3049,0.4375,1,synthetic
2024-08-24T07:00:00,559,kv-03,Bhalgaon,25.673,72.738,298.053,454.369,99.5,4.489,3.6,154.716,26.0,1195.0,10.8,82.0,2.6,70.0,24.0,0.12,0,8,7,1.2032,71.5349,32.3235,54.0227,4.702,1.6015,2.0041,0.889,61.9969,9.8183,0.3049,0.4702,1,synthetic
2024-08-24T08:00:00,560,kv-03,Bhalgaon,26.099,76.288,305.515,478.195,99.5,4.849,3.6,175.067,26.0,1195.0,10.8,82.0,2.6,70.0,24.0,0.12,1,8,8,1.2032,75.0849,35.0955,56.4039,4.7948,1.681,2.1226,1.249,65.0735,14.0379,0.3049,0.4979,1,synthetic
2024-08-24T09:00:00,561,kv-03,Bhalgaon,25.661,77.433,311.943,500.864,99.5,5.129,3.6,191.476,26.0,1195.0,10.8,82.0,2.6,70.0,24.0,0.12,0,8,9,1.2032,76.2299,35.9993,57.4164,4.8748,1.7066,2.2137,1.529,66.0659,10.845,0.3049,0.5193,1,synthetic
2024-08-24T10:00:00,562,kv-03,Bhalgaon,24.502,76.262,317.075,523.238,99.5,5.313,3.6,202.619,26.0,1195.0,10.8,82.0,2.6,70.0,24.0,0.12,0,8,10,1.2032,75.0589,35.0751,57.1047,4.9386,1.6804,2.2733,1.713,65.051,11.1367,0.3049,0.5333,1,synthetic
2024-08-24T11:00:00,563,kv-03,Bhalgaon,22.112,72.275,320.758,543.675,99.5,5.375,3.6,206.406,26.0,1195.0,10.8,82.0,2.6,70.0,24.0,0.12,0,8,11,1.2032,71.0719,31.9654,55.1776,4.9844,1.5911,2.2933,1.775,61.5956,11.2346,0.3049,0.538,1,synthetic
2024-08-24T12:00:00,564,kv-03,Bhalgaon,19.441,66.056,323.159,561.681,99.5,5.327,3.6,203.487,26.0,1195.0,10.8,82.0,2.6,70.0,24.0,0.12,1,8,12,1.2032,64.8529,27.2412,51.9598,5.0143,1.4519,2.2778,1.727,56.2058,15.0645,0.3049,0.5344,1,synthetic
2024-08-24T13:00:00,565,kv-03,Bhalgaon,16.361,57.914,324.523,576.393,99.5,5.177,3.6,194.362,26.0,1195.0,10.8,82.0,2.6,70.0,24.0,0.12,0,8,13,1.2032,56.7109,21.3303,47.6248,5.0313,1.2696,2.2293,1.577,49.1494,10.9212,0.3049,0.523,1,synthetic
2024-08-24T14:00:00,566,kv-03,Bhalgaon,13.06,48.862,325.222,588.414,99.5,4.935,3.6,180.043,26.0,1195.0,10.8,82.0,2.6,70.0,24.0,0.12,1,8,14,1.2032,47.6589,15.215,42.7475,5.0399,1.067,2.1506,1.335,41.3043,14.2235,0.3049,0.5045,1,synthetic
2024-08-24T15:00:00,567,kv-03,Bhalgaon,9.489,38.91,324.932,596.919,99.5,4.609,3.6,161.383,26.0,1195.0,10.8,82.0,2.6,70.0,24.0,0.12,0,8,15,1.2032,37.7068,9.2265,37.3162,5.0363,0.8442,2.0438,1.009,32.6793,10.0124,0.3049,0.4795,1,synthetic
2024-08-24T16:00:00,568,kv-03,Bhalgaon,6.702,29.252,324.604,603.092,99.5,4.241,3.6,141.263,26.0,1195.0,10.8,82.0,2.6,70.0,24.0,0.12,0,8,16,1.2032,28.0488,4.4361,32.0306,5.0323,0.6279,1.9217,0.641,24.309,9.4144,0.3049,0.4508,1,synthetic
2024-08-24T17:00:00,569,kv-03,Bhalgaon,4.196,20.387,324.456,606.74,99.5,3.846,3.6,120.818,26.0,1195.0,10.8,82.0,2.6,70.0,24.0,0.12,0,8,17,1.2032,19.1838,1.3125,27.1721,5.0304,0.4295,1.7887,0.246,16.626,8.7629,0.3049,0.4196,1,synthetic
2024-08-24T18:00:00,570,kv-03,Bhalgaon,2.285,13.183,324.405,608.784,99.5,3.448,3.6,101.429,26.0,1195.0,10.8,82.0,2.6,70.0,24.0,0.12,1,8,18,1.2032,11.9798,0.0714,23.2207,5.0298,0.2682,1.6522,-0.152,10.3825,10.9267,0.3049,0.3876,0,synthetic
2024-08-24T19:00:00,571,kv-03,Bhalgaon,0.975,7.456,324.339,609.759,99.5,3.065,3.6,84.019,26.0,1195.0,10.8,82.0,2.6,70.0,24.0,0.12,0,8,19,1.2032,6.2529,0.0,20.0745,5.029,0.14,1.5178,-0.535,5.4191,7.4358,0.3049,0.3561,0,synthetic
2024-08-24T20:00:00,572,kv-03,Bhalgaon,0.417,3.677,324.537,609.993,99.5,2.722,3.6,69.505,26.0,1195.0,10.8,82.0,2.6,70.0,24.0,0.12,0,8,20,1.2032,2.4738,0.0,18.0049,5.0314,0.0554,1.3945,-0.878,2.144,6.8314,0.3049,0.3271,0,synthetic
2024-08-24T21:00:00,573,kv-03,Bhalgaon,0.507,1.898,312.925,610.357,99.5,2.429,3.6,57.934,26.0,1195.0,10.8,82.0,2.6,70.0,24.0,0.12,0,8,21,1.2032,0.6948,0.0,16.5933,4.887,0.0156,1.2862,-1.171,0.6022,6.301,0.3049,0.3017,0,synthetic
2024-08-24T22:00:00,574,kv-03,Bhalgaon,1.64,2.564,313.127,611.752,99.5,2.217,3.6,50.045,26.0,1195.0,10.8,82.0,2.6,70.0,24.0,0.12,0,8,22,1.2032,1.3608,0.0,16.9759,4.8895,0.0305,1.2057,-1.383,1.1794,5.9069,0.3049,0.2829,0,synthetic
2024-08-24T23:00:00,575,kv-03,Bhalgaon,2.35,4.497,312.056,613.869,99.5,2.058,3.6,44.432,26.0,1195.0,10.8,82.0,2.6,70.0,24.0,0.12,0,8,23,1.2032,3.2938,0.0,18.0121,4.8762,0.0737,1.1441,-1.542,2.8547,5.6049,0.3049,0.2684,0,synthetic
2024-08-25T00:00:00,576,kv-03,Bhalgaon,4.109,8.099,310.186,617.192,99.5,1.983,3.6,41.881,26.0,1195.0,10.8,82.0,2.6,70.0,24.0,0.12,1,8,0,1.2032,6.8959,0.0,19.9439,4.8529,0.1544,1.1146,-1.617,5.9764,7.3715,0.3049,0.2615,0,synthetic
2024-08-25T01:00:00,577,kv-03,Bhalgaon,5.452,11.911,306.124,621.502,99.5,1.967,3.6,41.325,26.0,1195.0,10.8,82.0,2.6,70.0,24.0,0.12,0,8,1,1.2032,10.7078,0.0102,21.9151,4.8024,0.2397,1.1082,-1.633,9.2801,5.429,0.3049,0.26,0,synthetic
2024-08-25T02:00:00,578,kv-03,Bhalgaon,7.037,16.598,300.721,627.208,99.5,2.01,3.6,42.791,26.0,1195.0,10.8,82.0,2.6,70.0,24.0,0.12,0,8,2,1.2032,15.3948,0.4847,24.326,4.7352,0.3447,1.1252,-1.59,13.3422,5.5126,0.3049,0.264,0,synthetic
2024-08-25T03:00:00,579,kv-03,Bhalgaon,8.831,21.32,293.454,634.37,99.5,2.114,3.6,46.366,26.0,1195.0,10.8,82.0,2.6,70.0,24.0,0.12,0,8,3,1.2032,20.1168,1.5685,26.6953,4.6448,0.4504,1.1659,-1.486,17.4346,5.7118,0.3049,0.2735,0,synthetic
2024-08-25T04:00:00,580,kv-03,Bhalgaon,9.948,25.816,283.912,642.248,99.5,2.245,3.6,51.056,26.0,1195.0,10.8,82.0,2.6,70.0,24.0,0.12,0,8,4,1.2032,24.6128,3.0539,28.8596,4.5262,0.551,1.2165,-1.355,21.3311,5.9594,0.3049,0.2854,0,synthetic
2024-08-25T05:00:00,581,kv-03,Bhalgaon,10.581,29.361,271.945,649.962,99.5,2.383,3.6,56.156,26.0,1195.0,10.8,82.0,2.6,70.0,24.0,0.12,0,8,5,1.2032,28.1578,4.4831,30.4088,4.3773,0.6304,1.2688,-1.217,24.4035,6.2159,0.3049,0.2977,0,synthetic
2024-08-25T06:00:00,582,kv-03,Bhalgaon,11.133,31.662,258.561,657.802,99.5,2.522,3.6,61.521,26.0,1195.0,10.8,82.0,2.6,70.0,24.0,0.12,0,8,6,1.2032,30.4588,5.5161,31.2214,4.2109,0.6819,1.3209,-1.078,26.3977,6.471,0.3049,0.3099,0,synthetic
2024-08-25T07:00:00,583,kv-03,Bhalgaon,11.016,32.73,243.904,664.496,99.5,2.639,3.6,66.149,26.0,1195.0,10.8,82.0,2.6,70.0,24.0,0.12,1,8,7,1.2032,31.5268,6.0211,31.301,4.0286,0.7058,1.3641,-0.961,27.3233,9.0216,0.3049,0.32,0,synthetic
2024-08-25T08:00:00,584,kv-03,Bhalgaon,10.746,32.895,228.552,671.15,99.5,2.731,3.6,69.847,26.0,1195.0,10.8,82.0,2.6,70.0,24.0,0.12,0,8,8,1.2032,31.6919,6.1006,30.8576,3.8376,0.7095,1.3977,-0.869,27.4663,6.8473,0.3049,0.3279,0,synthetic
2024-08-25T09:00:00,585,kv-03,Bhalgaon,10.194,31.957,213.086,677.003,99.5,2.789,3.6,72.258,26.0,1195.0,10.8,82.0,2.6,70.0,24.0,0.12,0,8,9,1.2032,30.7538,5.654,29.7983,3.6453,0.6885,1.4188,-0.811,26.6533,6.9508,0.3049,0.3328,0,synthetic
2024-08-25T10:00:00,586,kv-03,Bhalgaon,9.202,30.143,197.786,681.597,99.5,2.803,3.6,72.848,26.0,1195.0,10.8,82.0,2.6,70.0,24.0,0.12,0,8,10,1.2032,28.9398,4.8254,28.2556,3.455,0.6479,1.4239,-0.797,25.0812,6.9757,0.3049,0.334,0,synthetic
2024-08-25T11:00:00,587,kv-03,Bhalgaon,7.93,27.327,183.604,685.1,99.5,2.769,3.6,71.432,26.0,1195.0,10.8,82.0,2.6,70.0,24.0,0.12,1,8,11,1.2032,26.1239,3.6376,26.1969,3.2786,0.5848,1.4116,-0.831,22.6407,9.3356,0.3049,0.3311,0,synthetic
2024-08-25T12:00:00,588,kv-03,Bhalgaon,6.859,23.992,171.022,687.378,99.5,2.701,3.6,68.629,26.0,1195.0,10.8,82.0,2.6,70.0,24.0,0.12,1,8,12,1.2032,22.7889,2.4037,23.905,3.1221,0.5102,1.3868,-0.899,19.7503,9.1715,0.3049,0.3253,0,synthetic
2024-08-25T13:00:00,589,kv-03,Bhalgaon,5.321,20.111,159.982,688.532,99.5,2.586,3.6,64.015,26.0,1195.0,10.8,82.0,2.6,70.0,24.0,0.12,0,8,13,1.2032,18.9078,1.2405,21.3637,2.9848,0.4233,1.3445,-1.014,16.3868,6.5868,0.3049,0.3154,0,synthetic
2024-08-25T14:00:00,590,kv-03,Bhalgaon,3.98,16.16,150.901,688.973,99.5,2.438,3.6,58.25,26.0,1195.0,10.8,82.0,2.6,70.0,24.0,0.12,0,8,14,1.2032,14.9568,0.4129,18.8529,2.8718,0.3348,1.2895,-1.162,12.9626,6.3172,0.3049,0.3025,0,synthetic
2024-08-25T15:00:00,591,kv-03,Bhalgaon,3.076,12.376,144.488,689.088,99.5,2.277,3.6,52.211,26.0,1195.0,10.8,82.0,2.6,70.0,24.0,0.12,1,8,15,1.2032,11.1728,0.0263,16.5319,2.7921,0.2501,1.2286,-1.323,9.6831,8.1258,0.3049,0.2882,0,synthetic
2024-08-25T16:00:00,592,kv-03,Bhalgaon,1.962,9.017,139.748,688.824,99.5,2.096,3.6,45.742,26.0,1195.0,10.8,82.0,2.6,70.0,24.0,0.12,1,8,16,1.2032,7.8138,0.0,14.505,2.7331,0.1749,1.1589,-1.504,6.772,7.6647,0.3049,0.2719,0,synthetic
2024-08-25T17:00:00,593,kv-03,Bhalgaon,1.431,6.469,136.983,688.82,99.5,1.919,3.6,39.718,26.0,1195.0,10.8,82.0,2.6,70.0,24.0,0.12,1,8,17,1.2032,5.2659,0.0,12.9999,2.6987,0.1179,1.0891,-1.681,4.5637,7.2026,0.3049,0.2555,0,synthetic
2024-08-25T18:00:00,594,kv-03,Bhalgaon,9.216,12.609,143.914,697.085,99.5,2.047,3.6,44.063,26.0,1195.0,10.8,82.0,2.6,70.0,24.0,0.12,0,8,18,1.2032,11.4058,0.0371,16.6885,2.7849,0.2553,1.1398,-1.553,9.8851,5.584,0.3049,0.2674,0,synthetic
2024-08-25T19:00:00,595,kv-03,Bhalgaon,0.701,11.348,143.64,697.449,99.5,1.85,3.6,37.459,26.0,1195.0,10.8,82.0,2.6,70.0,24.0,0.12,1,8,19,1.2032,10.1448,0.0007,15.987,2.7815,0.2271,1.0613,-1.75,8.7922,7.0192,0.3049,0.249,0,synthetic
2024-08-25T20:00:00,596,kv-03,Bhalgaon,0.339,10.256,143.563,697.386,99.487,1.668,3.6,31.751,26.0,1195.0,10.8,82.0,2.6,70.0,24.0,0.12,0,8,20,1.204,9.052,0.0,15.3831,2.7802,0.2026,0.9867,-1.932,7.8451,4.8337,0.3128,0.2315,0,synthetic
2024-08-25T21:00:00,597,kv-03,Bhalgaon,0.808,1.848,143.864,697.832,99.5,1.52,3.6,27.362,26.0,1195.0,10.8,82.0,2.6,70.0,24.0,0.12,0,8,21,1.2032,0.6448,0.0,10.7727,2.7843,0.0144,0.924,-2.08,0.5589,4.5266,0.3049,0.2168,0,synthetic
2024-08-25T22:00:00,598,kv-03,Bhalgaon,0.884,2.031,143.107,697.851,99.5,1.392,3.6,23.759,26.0,1195.0,10.8,82.0,2.6,70.0,24.0,0.12,0,8,22,1.2032,0.8278,0.0,10.8451,2.7749,0.0185,0.868,-2.208,0.7175,4.2525,0.3049,0.2036,0,synthetic
2024-08-25T23:00:00,599,kv-03,Bhalgaon,0.82,2.512,141.577,696.934,99.5,1.275,3.6,20.66,26.0,1195.0,10.8,82.0,2.6,70.0,24.0,0.12,1,8,23,1.2032,1.3088,0.0,11.0466,2.7559,0.0293,0.8155,-2.325,1.1343,5.3933,0.3049,0.1913,0,synthetic
